post,azimuth,wind_direction,concentration,distance,U
54,102.0,2.91,4.905,50,2.14
55,103.5,3.33,15.5925,50,2.14
56,105.0,3.75,26.28,50,2.14
56,105.0,3.75,0.6048,100,2.14
57,106.5,3.54,75.24,50,2.14
57,106.5,3.54,3.9564,100,2.14
58,108.0,3.33,124.2,50,2.14
58,108.0,3.33,7.308,100,2.14
59,109.5,6.455,189.0,50,2.14
59,109.5,6.455,26.378999999999998,100,2.14
60,111.0,9.58,253.8,50,2.14
60,111.0,9.58,45.45,100,2.14
60,111.0,9.58,1.62,200,2.14
61,112.5,11.875,332.55,50,2.14
61,112.5,11.875,86.175,100,2.14
61,112.5,11.875,10.125,200,2.14
62,114.0,14.17,411.3,50,2.14
62,114.0,14.17,126.9,100,2.14
62,114.0,14.17,18.63,200,2.14
63,115.5,13.545,417.6,50,2.14
63,115.5,13.545,184.95000000000002,100,2.14
63,115.5,13.545,42.975,200,2.14
64,117.0,12.92,423.90000000000003,50,2.14
64,117.0,12.92,243.0,100,2.14
64,117.0,12.92,67.32,200,2.14
65,118.5,19.17,414.45,50,2.14
65,118.5,19.17,249.75,100,2.14
65,118.5,19.17,86.31,200,2.14
66,120.0,25.42,405.0,50,2.14
66,120.0,25.42,256.5,100,2.14
66,120.0,25.42,105.3,200,2.14
67,121.5,16.875,399.15000000000003,50,2.14
67,121.5,16.875,213.75,100,2.14
67,121.5,16.875,77.355,200,2.14
68,123.0,8.33,393.3,50,2.14
68,123.0,8.33,171.0,100,2.14
68,123.0,8.33,49.41,200,2.14
69,124.5,7.29,312.3,50,2.14
69,124.5,7.29,109.75500000000001,100,2.14
69,124.5,7.29,27.387,200,2.14
70,126.0,6.25,231.3,50,2.14
70,126.0,6.25,48.51,100,2.14
70,126.0,6.25,5.364,200,2.14
71,127.5,5.625,153.9,50,2.14
71,127.5,5.625,27.0225,100,2.14
71,127.5,5.625,2.78595,200,2.14
72,129.0,5.0,76.5,50,2.14
72,129.0,5.0,5.535,100,2.14
72,129.0,5.0,0.2079,200,2.14
73,130.5,3.955,49.275,50,2.14
73,130.5,3.955,3.1059,100,2.14
74,132.0,2.91,22.05,50,2.14
74,132.0,2.91,0.6768000000000001,100,2.14
75,133.5,1.87,11.781,50,2.14
75,133.5,1.87,0.3861,100,2.14
76,135.0,0.83,1.512,50,2.14
76,135.0,0.83,0.0954,100,2.14
24,57.0,0.42,0.08372,50,5.15
28,63.0,0.42,4.1769,50,5.15
28,63.0,0.42,0.10647000000000001,100,5.15
29,64.5,1.04,8.54945,50,5.15
29,64.5,1.04,0.35126,100,5.15
30,66.0,1.66,12.922,50,5.15
30,66.0,1.66,0.5960500000000001,100,5.15
31,67.5,2.075,20.065499999999997,50,5.15
31,67.5,2.075,1.3809250000000002,100,5.15
32,69.0,2.49,27.209,50,5.15
32,69.0,2.49,2.1658,100,5.15
32,69.0,2.49,0.22932,200,5.15
33,70.5,2.2800000000000002,37.3555,50,5.15
33,70.5,2.2800000000000002,4.577299999999999,100,5.15
33,70.5,2.2800000000000002,0.5023200000000001,200,5.15
34,72.0,2.07,47.502,50,5.15
34,72.0,2.07,6.9888,100,5.15
34,72.0,2.07,0.77532,200,5.15
35,73.5,1.8649999999999998,54.7365,50,5.15
35,73.5,1.8649999999999998,8.4084,100,5.15
35,73.5,1.8649999999999998,1.1975600000000002,200,5.15
36,75.0,1.66,61.971,50,5.15
36,75.0,1.66,9.828000000000001,100,5.15
36,75.0,1.66,1.6198000000000001,200,5.15
37,76.5,3.3200000000000003,65.97500000000001,50,5.15
37,76.5,3.3200000000000003,12.467,100,5.15
37,76.5,3.3200000000000003,2.05205,200,5.15
38,78.0,4.98,69.97900000000001,50,5.15
38,78.0,4.98,15.106000000000002,100,5.15
38,78.0,4.98,2.4843,200,5.15
39,79.5,4.77,73.71000000000001,50,5.15
39,79.5,4.77,16.6075,100,5.15
39,79.5,4.77,2.9666,200,5.15
40,81.0,4.56,77.441,50,5.15
40,81.0,4.56,18.108999999999998,100,5.15
40,81.0,4.56,3.4489,200,5.15
41,82.5,5.6,81.081,50,5.15
41,82.5,5.6,18.7915,100,5.15
41,82.5,5.6,3.9312000000000005,200,5.15
42,84.0,6.64,84.721,50,5.15
42,84.0,6.64,19.474,100,5.15
42,84.0,6.64,4.4135,200,5.15
43,85.5,5.6,83.2195,50,5.15
43,85.5,5.6,20.111,100,5.15
43,85.5,5.6,4.68195,200,5.15
44,87.0,4.56,81.718,50,5.15
44,87.0,4.56,20.748,100,5.15
44,87.0,4.56,4.9504,200,5.15
45,88.5,5.185,114.569,50,5.15
45,88.5,5.185,20.338500000000003,100,5.15
45,88.5,5.185,4.70015,200,5.15
46,90.0,5.81,147.42000000000002,50,5.15
46,90.0,5.81,19.929,100,5.15
46,90.0,5.81,4.4498999999999995,200,5.15
47,91.5,6.845,126.03500000000001,50,5.15
47,91.5,6.845,20.4295,100,5.15
47,91.5,6.845,4.841200000000001,200,5.15
48,93.0,7.88,104.65,50,5.15
48,93.0,7.88,20.93,100,5.15
48,93.0,7.88,5.2325,200,5.15
49,94.5,6.635,99.19,50,5.15
49,94.5,6.635,20.7025,100,5.15
49,94.5,6.635,5.11875,200,5.15
50,96.0,5.39,93.73,50,5.15
50,96.0,5.39,20.475,100,5.15
50,96.0,5.39,5.005,200,5.15
51,97.5,5.805,91.3185,50,5.15
51,97.5,5.805,20.293000000000003,100,5.15
51,97.5,5.805,5.1142,200,5.15
52,99.0,6.22,88.90700000000001,50,5.15
52,99.0,6.22,20.111,100,5.15
52,99.0,6.22,5.223400000000001,200,5.15
53,100.5,7.465,94.5035,50,5.15
53,100.5,7.465,19.383000000000003,100,5.15
53,100.5,7.465,5.1961,200,5.15
54,102.0,8.71,100.10000000000001,50,5.15
54,102.0,8.71,18.655,100,5.15
54,102.0,8.71,5.1688,200,5.15
55,103.5,9.125,93.2295,50,5.15
55,103.5,9.125,17.7905,100,5.15
55,103.5,9.125,4.718350000000001,200,5.15
56,105.0,9.54,86.35900000000001,50,5.15
56,105.0,9.54,16.926000000000002,100,5.15
56,105.0,9.54,4.267900000000001,200,5.15
57,106.5,7.879999999999999,73.1185,50,5.15
57,106.5,7.879999999999999,17.517500000000002,100,5.15
57,106.5,7.879999999999999,3.7674000000000007,200,5.15
58,108.0,6.22,59.878,50,5.15
58,108.0,6.22,18.108999999999998,100,5.15
58,108.0,6.22,3.2669,200,5.15
59,109.5,4.355,48.5485,50,5.15
59,109.5,4.355,14.56,100,5.15
59,109.5,4.355,2.50705,200,5.15
60,111.0,2.49,37.219,50,5.15
60,111.0,2.49,11.011,100,5.15
60,111.0,2.49,1.7472,200,5.15
61,112.5,2.2800000000000002,32.487,50,5.15
61,112.5,2.2800000000000002,9.828000000000001,100,5.15
61,112.5,2.2800000000000002,1.9109999999999998,200,5.15
62,114.0,2.07,27.755000000000003,50,5.15
62,114.0,2.07,8.645,100,5.15
62,114.0,2.07,2.0747999999999998,200,5.15
63,115.5,2.49,27.846000000000004,50,5.15
63,115.5,2.49,7.7486500000000005,100,5.15
63,115.5,2.49,1.7926999999999997,200,5.15
64,117.0,2.91,27.937,50,5.15
64,117.0,2.91,6.8523000000000005,100,5.15
64,117.0,2.91,1.5106,200,5.15
65,118.5,3.5300000000000002,22.204,50,5.15
65,118.5,3.5300000000000002,5.4873,100,5.15
65,118.5,3.5300000000000002,1.24215,200,5.15
66,120.0,4.15,16.471,50,5.15
66,120.0,4.15,4.1223,100,5.15
66,120.0,4.15,0.9737000000000001,200,5.15
67,121.5,3.7350000000000003,12.56255,50,5.15
67,121.5,3.7350000000000003,2.9211,100,5.15
67,121.5,3.7350000000000003,1.0601500000000001,200,5.15
68,123.0,3.32,8.6541,50,5.15
68,123.0,3.32,1.7199,100,5.15
68,123.0,3.32,1.1466,200,5.15
69,124.5,2.285,7.3892000000000015,50,5.15
69,124.5,2.285,1.7107999999999999,100,5.15
69,124.5,2.285,0.955955,200,5.15
70,126.0,1.25,6.124300000000001,50,5.15
70,126.0,1.25,1.7017000000000002,100,5.15
70,126.0,1.25,0.76531,200,5.15
71,127.5,1.25,4.8594,50,5.15
71,127.5,1.25,1.6380000000000001,100,5.15
71,127.5,1.25,0.6060599999999999,200,5.15
72,129.0,1.25,3.5945000000000005,50,5.15
72,129.0,1.25,1.5743,100,5.15
72,129.0,1.25,0.44681,200,5.15
73,130.5,1.04,5.214300000000001,50,5.15
73,130.5,1.04,1.9201000000000004,100,5.15
73,130.5,1.04,0.36036,200,5.15
74,132.0,0.83,6.8341,50,5.15
74,132.0,0.83,2.2659000000000002,100,5.15
74,132.0,0.83,0.27391,200,5.15
75,133.5,1.04,8.24005,50,5.15
75,133.5,1.04,2.08845,100,5.15
75,133.5,1.04,0.1729,200,5.15
76,135.0,1.25,9.646,50,5.15
76,135.0,1.25,1.9110000000000003,100,5.15
76,135.0,1.25,0.07189000000000001,200,5.15
77,136.5,0.835,9.6005,50,5.15
77,136.5,0.835,1.1375,100,5.15
78,138.0,0.42,9.555,50,5.15
78,138.0,0.42,0.36400000000000005,100,5.15
79,139.5,0.625,6.7749500000000005,50,5.15
79,139.5,0.625,0.24297000000000002,100,5.15
80,141.0,0.83,3.9949,50,5.15
80,141.0,0.83,0.12194,100,5.15
50,96.0,1.25,0.45198,50,3.0
51,97.5,1.04,0.5124299999999999,50,3.0
52,99.0,0.83,0.5728800000000001,50,3.0
53,100.5,1.04,2.29524,50,3.0
54,102.0,1.25,4.017600000000001,50,3.0
55,103.5,1.875,7.5423,50,3.0
56,105.0,2.5,11.067,50,3.0
56,105.0,2.5,0.18879,100,3.0
57,106.5,2.915,15.345,50,3.0
57,106.5,2.915,0.7174950000000001,100,3.0
58,108.0,3.33,19.623,50,3.0
58,108.0,3.33,1.2462000000000002,100,3.0
58,108.0,3.33,0.03534,200,3.0
59,109.5,2.915,30.643500000000003,50,3.0
59,109.5,2.915,2.72025,100,3.0
59,109.5,2.915,0.14136,200,3.0
60,111.0,2.5,41.664,50,3.0
60,111.0,2.5,4.1943,100,3.0
60,111.0,2.5,0.24738000000000002,200,3.0
61,112.5,5.0,59.0085,50,3.0
61,112.5,5.0,12.28065,100,3.0
61,112.5,5.0,1.0908900000000001,200,3.0
62,114.0,7.5,76.353,50,3.0
62,114.0,7.5,20.367,100,3.0
62,114.0,7.5,1.9344000000000001,200,3.0
63,115.5,6.46,94.4415,50,3.0
63,115.5,6.46,27.2025,100,3.0
63,115.5,6.46,4.826700000000001,200,3.0
64,117.0,5.42,112.53,50,3.0
64,117.0,5.42,34.038000000000004,100,3.0
64,117.0,5.42,7.719000000000001,200,3.0
65,118.5,7.295,127.875,50,3.0
65,118.5,7.295,43.338,100,3.0
65,118.5,7.295,11.439000000000002,200,3.0
66,120.0,9.17,143.22,50,3.0
66,120.0,9.17,52.638000000000005,100,3.0
66,120.0,9.17,15.159,200,3.0
67,121.5,7.085,182.28,50,3.0
67,121.5,7.085,58.776,100,3.0
67,121.5,7.085,17.065500000000004,200,3.0
68,123.0,5.0,221.34,50,3.0
68,123.0,5.0,64.914,100,3.0
68,123.0,5.0,18.972,200,3.0
69,124.5,7.5,232.5,50,3.0
69,124.5,7.5,66.8205,100,3.0
69,124.5,7.5,19.855500000000003,200,3.0
70,126.0,10.0,243.66000000000003,50,3.0
70,126.0,10.0,68.727,100,3.0
70,126.0,10.0,20.739,200,3.0
71,127.5,10.415,217.155,50,3.0
71,127.5,10.415,61.845000000000006,100,3.0
71,127.5,10.415,19.716000000000005,200,3.0
72,129.0,10.83,190.65,50,3.0
72,129.0,10.83,54.963,100,3.0
72,129.0,10.83,18.693,200,3.0
73,130.5,10.0,158.565,50,3.0
73,130.5,10.0,48.313500000000005,100,3.0
73,130.5,10.0,14.136000000000001,200,3.0
74,132.0,9.17,126.48,50,3.0
74,132.0,9.17,41.664,100,3.0
74,132.0,9.17,9.579,200,3.0
75,133.5,7.295,114.39,50,3.0
75,133.5,7.295,32.642999999999994,100,3.0
75,133.5,7.295,6.296100000000001,200,3.0
76,135.0,5.42,102.30000000000001,50,3.0
76,135.0,5.42,23.622,100,3.0
76,135.0,5.42,3.0132000000000003,200,3.0
77,136.5,6.46,91.3725,50,3.0
77,136.5,6.46,17.995500000000003,100,3.0
77,136.5,6.46,1.9041750000000004,200,3.0
78,138.0,7.5,80.44500000000001,50,3.0
78,138.0,7.5,12.369000000000002,100,3.0
78,138.0,7.5,0.79515,200,3.0
79,139.5,6.875,58.497,50,3.0
79,139.5,6.875,7.9701,100,3.0
79,139.5,6.875,0.445005,200,3.0
80,141.0,6.25,36.549,50,3.0
80,141.0,6.25,3.5712,100,3.0
80,141.0,6.25,0.09486,200,3.0
81,142.5,5.415,26.086499999999997,50,3.0
81,142.5,5.415,2.022285,100,3.0
82,144.0,4.58,15.624000000000002,50,3.0
82,144.0,4.58,0.47337,100,3.0
83,145.5,3.75,10.606650000000002,50,3.0
83,145.5,3.75,0.31992,100,3.0
84,147.0,2.92,5.5893,50,3.0
84,147.0,2.92,0.16647,100,3.0
85,148.5,2.5,4.1292,50,3.0
85,148.5,2.5,0.1116,100,3.0
86,150.0,2.08,2.6691000000000003,50,3.0
86,150.0,2.08,0.05673,100,3.0
87,151.5,1.87,1.66284,50,3.0
88,153.0,1.66,0.65658,50,3.0
92,159.0,0.42,0.043710000000000006,50,3.0
32,69.0,0.83,4.857600000000001,50,3.98
32,69.0,0.83,1.9043999999999999,100,3.98
32,69.0,0.83,0.08832000000000001,200,3.98
33,70.5,1.25,5.6442,50,3.98
33,70.5,1.25,2.4196,100,3.98
33,70.5,1.25,0.14536000000000002,200,3.98
34,72.0,1.67,6.4308000000000005,50,3.98
34,72.0,1.67,2.9348,100,3.98
34,72.0,1.67,0.2024,200,3.98
35,73.5,2.5,14.899400000000002,50,3.98
35,73.5,2.5,5.1888,100,3.98
35,73.5,2.5,0.9154,200,3.98
36,75.0,3.33,23.368,50,3.98
36,75.0,3.33,7.4428,100,3.98
36,75.0,3.33,1.6284,200,3.98
37,76.5,4.165,35.190000000000005,50,3.98
37,76.5,4.165,12.0934,100,3.98
37,76.5,4.165,2.9532000000000003,200,3.98
38,78.0,5.0,47.012,50,3.98
38,78.0,5.0,16.744,100,3.98
38,78.0,5.0,4.2780000000000005,200,3.98
39,79.5,5.835,69.506,50,3.98
39,79.5,5.835,23.46,100,3.98
39,79.5,5.835,5.244000000000001,200,3.98
40,81.0,6.67,92.0,50,3.98
40,81.0,6.67,30.176,100,3.98
40,81.0,6.67,6.21,200,3.98
41,82.5,7.295,103.96000000000001,50,3.98
41,82.5,7.295,35.006,100,3.98
41,82.5,7.295,8.625,200,3.98
42,84.0,7.92,115.92,50,3.98
42,84.0,7.92,39.836,100,3.98
42,84.0,7.92,11.040000000000001,200,3.98
43,85.5,6.67,132.48000000000002,50,3.98
43,85.5,6.67,27.324,100,3.98
43,85.5,6.67,12.052,200,3.98
44,87.0,5.42,149.04000000000002,50,3.98
44,87.0,5.42,14.812000000000001,100,3.98
44,87.0,5.42,13.064,200,3.98
45,88.5,5.625,160.54000000000002,50,3.98
45,88.5,5.625,32.660000000000004,100,3.98
45,88.5,5.625,12.42,200,3.98
46,90.0,5.83,172.04000000000002,50,3.98
46,90.0,5.83,50.508,100,3.98
46,90.0,5.83,11.776000000000002,200,3.98
47,91.5,7.29,173.88,50,3.98
47,91.5,7.29,49.266,100,3.98
47,91.5,7.29,11.086,200,3.98
48,93.0,8.75,175.72,50,3.98
48,93.0,8.75,48.02400000000001,100,3.98
48,93.0,8.75,10.396,200,3.98
49,94.5,9.165,166.52,50,3.98
49,94.5,9.165,43.562000000000005,100,3.98
49,94.5,9.165,9.982000000000001,200,3.98
50,96.0,9.58,157.32,50,3.98
50,96.0,9.58,39.1,100,3.98
50,96.0,9.58,9.568000000000001,200,3.98
51,97.5,6.875,132.02,50,3.98
51,97.5,6.875,33.488,100,3.98
51,97.5,6.875,8.556000000000001,200,3.98
52,99.0,4.17,106.72,50,3.98
52,99.0,4.17,27.876,100,3.98
52,99.0,4.17,7.544,200,3.98
53,100.5,4.585,99.82000000000001,50,3.98
53,100.5,4.585,25.208,100,3.98
53,100.5,4.585,6.0536,200,3.98
54,102.0,5.0,92.92,50,3.98
54,102.0,5.0,22.540000000000003,100,3.98
54,102.0,5.0,4.5632,200,3.98
55,103.5,6.665,90.896,50,3.98
55,103.5,6.665,20.562,100,3.98
55,103.5,6.665,4.8484,200,3.98
56,105.0,8.33,88.872,50,3.98
56,105.0,8.33,18.584,100,3.98
56,105.0,8.33,5.1336,200,3.98
57,106.5,6.875,19.55,100,3.98
57,106.5,6.875,4.8484,200,3.98
58,108.0,5.42,20.516000000000002,100,3.98
58,108.0,5.42,4.5632,200,3.98
59,109.5,5.21,7.82,50,3.98
59,109.5,5.21,20.746000000000002,100,3.98
59,109.5,5.21,4.310200000000001,200,3.98
60,111.0,5.0,106.72,50,3.98
60,111.0,5.0,20.976000000000003,100,3.98
60,111.0,5.0,4.0572,200,3.98
61,112.5,2.71,105.34,50,3.98
61,112.5,2.71,20.378,100,3.98
61,112.5,2.71,3.7950000000000004,200,3.98
62,114.0,0.42,103.96000000000001,50,3.98
62,114.0,0.42,19.78,100,3.98
62,114.0,0.42,3.5328,200,3.98
63,115.5,1.25,95.45,50,3.98
63,115.5,1.25,17.986,100,3.98
63,115.5,1.25,3.1694,200,3.98
64,117.0,2.08,86.94,50,3.98
64,117.0,2.08,16.192000000000004,100,3.98
64,117.0,2.08,2.806,200,3.98
65,118.5,1.665,86.80199999999999,50,3.98
65,118.5,1.665,14.628,100,3.98
65,118.5,1.665,2.6404,200,3.98
66,120.0,1.25,86.664,50,3.98
66,120.0,1.25,13.064,100,3.98
66,120.0,1.25,2.4748,200,3.98
67,121.5,2.085,76.13000000000001,50,3.98
67,121.5,2.085,14.122,100,3.98
67,121.5,2.085,2.1252,200,3.98
68,123.0,2.92,65.596,50,3.98
68,123.0,2.92,15.180000000000001,100,3.98
68,123.0,2.92,1.7756,200,3.98
69,124.5,2.5,56.672,50,3.98
69,124.5,2.5,10.7456,100,3.98
69,124.5,2.5,1.3248,200,3.98
70,126.0,2.08,47.748,50,3.98
70,126.0,2.08,6.3112,100,3.98
70,126.0,2.08,0.874,200,3.98
71,127.5,2.29,37.398,50,3.98
71,127.5,2.29,5.1106,100,3.98
71,127.5,2.29,0.7176,200,3.98
72,129.0,2.5,27.048,50,3.98
72,129.0,2.5,3.91,100,3.98
72,129.0,2.5,0.5612,200,3.98
73,130.5,2.29,17.664,50,3.98
73,130.5,2.29,3.6248,100,3.98
73,130.5,2.29,0.4692,200,3.98
74,132.0,2.08,8.280000000000001,50,3.98
74,132.0,2.08,3.3396,100,3.98
74,132.0,2.08,0.3772,200,3.98
75,133.5,2.08,7.8844,50,3.98
75,133.5,2.08,2.7278,100,3.98
75,133.5,2.08,0.27922,200,3.98
76,135.0,2.08,7.488800000000001,50,3.98
76,135.0,2.08,2.116,100,3.98
76,135.0,2.08,0.18124,200,3.98
77,136.5,1.25,7.567000000000002,50,3.98
77,136.5,1.25,1.5916000000000001,100,3.98
78,138.0,0.42,7.645200000000001,50,3.98
78,138.0,0.42,1.0672,100,3.98
82,144.0,0.83,2.7048,50,3.98
82,144.0,0.83,0.31648,100,3.98
83,145.5,0.625,3.4776000000000002,50,3.98
83,145.5,0.625,0.27462,100,3.98
84,147.0,0.42,4.2504,50,3.98
84,147.0,0.42,0.23276000000000002,100,3.98
40,81.0,0.83,1.2416,50,1.65
41,82.5,1.035,3.3173999999999997,50,1.65
42,84.0,1.24,5.393199999999999,50,1.65
43,85.5,2.07,13.318099999999998,50,1.65
44,87.0,2.9,21.243,50,1.65
44,87.0,2.9,0.16490000000000002,100,1.65
45,88.5,3.11,30.700499999999998,50,1.65
45,88.5,3.11,3.41925,100,1.65
46,90.0,3.32,40.157999999999994,50,1.65
46,90.0,3.32,6.6735999999999995,100,1.65
47,91.5,5.6,71.489,50,1.65
47,91.5,5.6,10.757299999999999,100,1.65
48,93.0,7.88,102.82,50,1.65
48,93.0,7.88,14.841000000000001,100,1.65
49,94.5,8.505,143.56,50,1.65
49,94.5,8.505,45.007999999999996,100,1.65
50,96.0,9.13,184.29999999999998,50,1.65
50,96.0,9.13,75.175,100,1.65
50,96.0,9.13,2.0467,200,1.65
51,97.5,9.545000000000002,245.89499999999998,50,1.65
51,97.5,9.545000000000002,129.2525,100,1.65
51,97.5,9.545000000000002,10.86885,200,1.65
52,99.0,9.96,307.49,50,1.65
52,99.0,9.96,183.32999999999998,100,1.65
52,99.0,9.96,19.691,200,1.65
53,100.5,12.24,311.37,50,1.65
53,100.5,12.24,224.07,100,1.65
53,100.5,12.24,59.8005,200,1.65
54,102.0,14.52,315.25,50,1.65
54,102.0,14.52,264.81,100,1.65
54,102.0,14.52,99.91,200,1.65
55,103.5,16.384999999999998,363.265,50,1.65
55,103.5,16.384999999999998,269.65999999999997,100,1.65
55,103.5,16.384999999999998,116.39999999999999,200,1.65
56,105.0,18.25,411.28,50,1.65
56,105.0,18.25,274.51,100,1.65
56,105.0,18.25,132.89,200,1.65
57,106.5,13.275,445.22999999999996,50,1.65
57,106.5,13.275,261.415,100,1.65
57,106.5,13.275,103.0625,200,1.65
58,108.0,8.3,479.18,50,1.65
58,108.0,8.3,248.32,100,1.65
58,108.0,8.3,73.235,200,1.65
59,109.5,7.470000000000001,446.685,50,1.65
59,109.5,7.470000000000001,225.525,100,1.65
59,109.5,7.470000000000001,51.555499999999995,200,1.65
60,111.0,6.64,414.19,50,1.65
60,111.0,6.64,202.73,100,1.65
60,111.0,6.64,29.876,200,1.65
61,112.5,7.26,394.305,50,1.65
61,112.5,7.26,135.703,100,1.65
61,112.5,7.26,16.0244,200,1.65
62,114.0,7.88,374.42,50,1.65
62,114.0,7.88,68.676,100,1.65
62,114.0,7.88,2.1728,200,1.65
63,115.5,5.39,324.465,50,1.65
63,115.5,5.39,43.940999999999995,100,1.65
63,115.5,5.39,1.25324,200,1.65
64,117.0,2.9,274.51,50,1.65
64,117.0,2.9,19.206,100,1.65
64,117.0,2.9,0.33368,200,1.65
65,118.5,3.11,195.94,50,1.65
65,118.5,3.11,10.80095,100,1.65
66,120.0,3.32,117.36999999999999,50,1.65
66,120.0,3.32,2.3959,100,1.65
67,121.5,2.0749999999999997,68.3365,50,1.65
67,121.5,2.0749999999999997,1.523385,100,1.65
68,123.0,0.83,19.302999999999997,50,1.65
68,123.0,0.83,0.6508700000000001,100,1.65
69,124.5,0.625,10.008944999999999,50,1.65
69,124.5,0.625,0.44135,100,1.65
70,126.0,0.42,0.7148899999999999,50,1.65
70,126.0,0.42,0.23182999999999998,100,1.65
71,127.5,0.42,0.5441699999999999,50,1.65
71,127.5,0.42,0.193515,100,1.65
72,129.0,0.42,0.37345,50,1.65
72,129.0,0.42,0.1552,100,1.65
73,130.5,0.42,0.15811,100,1.65
74,132.0,0.42,0.16102,100,1.65
30,66.0,1.25,0.96,50,2.61
31,67.5,2.085,3.0096,50,2.61
32,69.0,2.92,5.0592,50,2.61
33,70.5,4.17,9.3936,50,2.61
34,72.0,5.42,13.728,50,2.61
35,73.5,4.375,15.216,50,2.61
36,75.0,3.33,16.703999999999997,50,2.61
36,75.0,3.33,0.41568,100,2.61
37,76.5,7.29,25.2,50,2.61
37,76.5,7.29,0.84624,100,2.61
38,78.0,11.25,33.696,50,2.61
38,78.0,11.25,1.2768,100,2.61
38,78.0,11.25,0.03744,200,2.61
39,79.5,9.165,48.432,50,2.61
39,79.5,9.165,4.8096,100,2.61
39,79.5,9.165,0.28848,200,2.61
40,81.0,7.08,63.16799999999999,50,2.61
40,81.0,7.08,8.3424,100,2.61
40,81.0,7.08,0.53952,200,2.61
41,82.5,7.705,82.944,50,2.61
41,82.5,7.705,16.7952,100,2.61
41,82.5,7.705,1.6089600000000002,200,2.61
42,84.0,8.33,102.72,50,2.61
42,84.0,8.33,25.248,100,2.61
42,84.0,8.33,2.6784,200,2.61
43,85.5,7.705,121.92,50,2.61
43,85.5,7.705,36.96,100,2.61
43,85.5,7.705,5.6112,200,2.61
44,87.0,7.08,141.12,50,2.61
44,87.0,7.08,48.672000000000004,100,2.61
44,87.0,7.08,8.544,200,2.61
45,88.5,9.375,168.95999999999998,50,2.61
45,88.5,9.375,54.144000000000005,100,2.61
45,88.5,9.375,13.68,200,2.61
46,90.0,11.67,196.79999999999998,50,2.61
46,90.0,11.67,59.616,100,2.61
46,90.0,11.67,18.816,200,2.61
47,91.5,11.045,227.04,50,2.61
47,91.5,11.045,72.96,100,2.61
47,91.5,11.045,23.04,200,2.61
48,93.0,10.42,257.28,50,2.61
48,93.0,10.42,86.304,100,2.61
48,93.0,10.42,27.264,200,2.61
49,94.5,9.165,244.32,50,2.61
49,94.5,9.165,81.408,100,2.61
49,94.5,9.165,23.471999999999998,200,2.61
50,96.0,7.91,231.35999999999999,50,2.61
50,96.0,7.91,76.512,100,2.61
50,96.0,7.91,19.68,200,2.61
51,97.5,7.29,216.48,50,2.61
51,97.5,7.29,69.12,100,2.61
51,97.5,7.29,17.568,200,2.61
52,99.0,6.67,201.6,50,2.61
52,99.0,6.67,61.727999999999994,100,2.61
52,99.0,6.67,15.456000000000001,200,2.61
53,100.5,6.045,190.07999999999998,50,2.61
53,100.5,6.045,57.407999999999994,100,2.61
53,100.5,6.045,14.688,200,2.61
54,102.0,5.42,178.56,50,2.61
54,102.0,5.42,53.087999999999994,100,2.61
54,102.0,5.42,13.92,200,2.61
55,103.5,4.585,172.79999999999998,50,2.61
55,103.5,4.585,50.879999999999995,100,2.61
55,103.5,4.585,12.624,200,2.61
56,105.0,3.75,167.04,50,2.61
56,105.0,3.75,48.672000000000004,100,2.61
56,105.0,3.75,11.328,200,2.61
57,106.5,2.29,153.12,50,2.61
57,106.5,2.29,42.816,100,2.61
57,106.5,2.29,9.7104,200,2.61
58,108.0,0.83,139.2,50,2.61
58,108.0,0.83,36.96,100,2.61
58,108.0,0.83,8.092799999999999,200,2.61
59,109.5,1.25,111.984,50,2.61
59,109.5,1.25,28.128,100,2.61
59,109.5,1.25,5.812799999999999,200,2.61
60,111.0,1.67,84.768,50,2.61
60,111.0,1.67,19.296,100,2.61
60,111.0,1.67,3.5328,200,2.61
61,112.5,1.46,60.57599999999999,50,2.61
61,112.5,1.46,13.8672,100,2.61
61,112.5,1.46,2.0841600000000002,200,2.61
62,114.0,1.25,36.384,50,2.61
62,114.0,1.25,8.4384,100,2.61
62,114.0,1.25,0.63552,200,2.61
63,115.5,0.835,23.712,50,2.61
63,115.5,0.835,5.006399999999999,100,2.61
63,115.5,0.835,0.41376,200,2.61
64,117.0,0.42,11.04,50,2.61
64,117.0,0.42,1.5743999999999998,100,2.61
64,117.0,0.42,0.192,200,2.61
24,57.0,0.83,0.5326799999999999,50,3.86
25,58.5,1.455,1.6647399999999999,50,3.86
26,60.0,2.08,2.7968,50,3.86
27,61.5,2.08,3.8502000000000005,50,3.86
28,63.0,2.08,4.9036,50,3.86
28,63.0,2.08,0.1978,100,3.86
29,64.5,3.12,11.191799999999999,50,3.86
29,64.5,3.12,0.5267000000000001,100,3.86
30,66.0,4.16,17.48,50,3.86
30,66.0,4.16,0.8556,100,3.86
31,67.5,5.205,23.137999999999998,50,3.86
31,67.5,5.205,1.9227999999999998,100,3.86
32,69.0,6.25,28.796000000000003,50,3.86
32,69.0,6.25,2.99,100,3.86
32,69.0,6.25,0.053360000000000005,200,3.86
33,70.5,6.46,32.752,50,3.86
33,70.5,6.46,5.4188,100,3.86
33,70.5,6.46,0.13892,200,3.86
34,72.0,6.67,36.708,50,3.86
34,72.0,6.67,7.8476,100,3.86
34,72.0,6.67,0.22448,200,3.86
35,73.5,4.795,45.31,50,3.86
35,73.5,4.795,10.8698,100,3.86
35,73.5,4.795,0.86204,200,3.86
36,75.0,2.92,53.912000000000006,50,3.86
36,75.0,2.92,13.892,100,3.86
36,75.0,2.92,1.4996,200,3.86
37,76.5,6.045,68.218,50,3.86
37,76.5,6.045,16.514,100,3.86
37,76.5,6.045,2.7508,200,3.86
38,78.0,9.17,82.524,50,3.86
38,78.0,9.17,19.136000000000003,100,3.86
38,78.0,9.17,4.002,200,3.86
39,79.5,9.375,93.702,50,3.86
39,79.5,9.375,21.482000000000003,100,3.86
39,79.5,9.375,5.3406,200,3.86
40,81.0,9.58,104.88000000000001,50,3.86
40,81.0,9.58,23.828,100,3.86
40,81.0,9.58,6.6792,200,3.86
41,82.5,10.0,103.96000000000001,50,3.86
41,82.5,10.0,30.268,100,3.86
41,82.5,10.0,7.4934,200,3.86
42,84.0,10.42,103.04,50,3.86
42,84.0,10.42,36.708,100,3.86
42,84.0,10.42,8.307599999999999,200,3.86
43,85.5,8.75,100.28,50,3.86
43,85.5,8.75,34.821999999999996,100,3.86
43,85.5,8.75,10.455799999999998,200,3.86
44,87.0,7.08,97.52000000000001,50,3.86
44,87.0,7.08,32.936,100,3.86
44,87.0,7.08,12.604,200,3.86
45,88.5,6.875,96.60000000000001,50,3.86
45,88.5,6.875,32.705999999999996,100,3.86
45,88.5,6.875,11.822000000000001,200,3.86
46,90.0,6.67,95.68,50,3.86
46,90.0,6.67,32.476,100,3.86
46,90.0,6.67,11.040000000000001,200,3.86
47,91.5,6.67,90.29800000000002,50,3.86
47,91.5,6.67,32.246,100,3.86
47,91.5,6.67,9.374800000000002,200,3.86
48,93.0,6.67,84.916,50,3.86
48,93.0,6.67,32.016,100,3.86
48,93.0,6.67,7.709600000000001,200,3.86
49,94.5,7.085,89.37800000000001,50,3.86
49,94.5,7.085,28.014,100,3.86
49,94.5,7.085,6.343400000000001,200,3.86
50,96.0,7.5,93.84,50,3.86
50,96.0,7.5,24.012000000000004,100,3.86
50,96.0,7.5,4.977200000000001,200,3.86
51,97.5,6.25,88.872,50,3.86
51,97.5,6.25,19.09,100,3.86
51,97.5,6.25,3.8686000000000003,200,3.86
52,99.0,5.0,83.90400000000001,50,3.86
52,99.0,5.0,14.168000000000001,100,3.86
52,99.0,5.0,2.7600000000000002,200,3.86
53,100.5,4.375,64.53800000000001,50,3.86
53,100.5,4.375,10.787000000000003,100,3.86
53,100.5,4.375,1.9918,200,3.86
54,102.0,3.75,45.172000000000004,50,3.86
54,102.0,3.75,7.406000000000001,100,3.86
54,102.0,3.75,1.2236,200,3.86
55,103.5,3.75,35.926,50,3.86
55,103.5,3.75,5.8466000000000005,100,3.86
55,103.5,3.75,0.8993000000000001,200,3.86
56,105.0,3.75,26.68,50,3.86
56,105.0,3.75,4.2872,100,3.86
56,105.0,3.75,0.5750000000000001,200,3.86
57,106.5,2.915,19.734,50,3.86
57,106.5,2.915,3.1602,100,3.86
57,106.5,2.915,0.39744,200,3.86
58,108.0,2.08,12.788,50,3.86
58,108.0,2.08,2.0332,100,3.86
58,108.0,2.08,0.21988,200,3.86
59,109.5,1.25,11.316,50,3.86
59,109.5,1.25,1.2466,100,3.86
60,111.0,0.42,9.844,50,3.86
60,111.0,0.42,0.46,100,3.86
61,112.5,1.045,7.626799999999999,50,3.86
61,112.5,1.045,0.25989999999999996,100,3.86
62,114.0,1.67,5.4096,50,3.86
62,114.0,1.67,0.059800000000000006,100,3.86
30,66.0,1.25,0.8126300000000001,50,3.31
31,67.5,1.04,3.550365,50,3.31
32,69.0,0.83,6.2881,50,3.31
33,70.5,1.665,12.47155,50,3.31
34,72.0,2.5,18.655,50,3.31
34,72.0,2.5,1.0283,100,3.31
35,73.5,2.915,22.886499999999998,50,3.31
35,73.5,2.915,3.2214,100,3.31
36,75.0,3.33,27.118000000000002,50,3.31
36,75.0,3.33,5.4145,100,3.31
36,75.0,3.33,0.20748000000000003,200,3.31
37,76.5,4.79,39.084500000000006,50,3.31
37,76.5,4.79,8.30375,100,3.31
37,76.5,4.79,0.6360899999999999,200,3.31
38,78.0,6.25,51.051,50,3.31
38,78.0,6.25,11.193000000000001,100,3.31
38,78.0,6.25,1.0647,200,3.31
39,79.5,7.085,55.783,50,3.31
39,79.5,7.085,15.6975,100,3.31
39,79.5,7.085,2.2112999999999996,200,3.31
40,81.0,7.92,60.515,50,3.31
40,81.0,7.92,20.202,100,3.31
40,81.0,7.92,3.3579,200,3.31
41,82.5,9.585,68.614,50,3.31
41,82.5,9.585,22.886499999999998,100,3.31
41,82.5,9.585,6.1652499999999995,200,3.31
42,84.0,11.25,76.713,50,3.31
42,84.0,11.25,25.571,100,3.31
42,84.0,11.25,8.9726,200,3.31
43,85.5,8.54,76.713,50,3.31
43,85.5,8.54,26.344500000000004,100,3.31
43,85.5,8.54,9.8098,200,3.31
44,87.0,5.83,76.713,50,3.31
44,87.0,5.83,27.118000000000002,100,3.31
44,87.0,5.83,10.647,200,3.31
45,88.5,7.29,84.31150000000001,50,3.31
45,88.5,7.29,30.2575,100,3.31
45,88.5,7.29,11.375,200,3.31
46,90.0,8.75,91.91,50,3.31
46,90.0,8.75,33.397000000000006,100,3.31
46,90.0,8.75,12.103000000000002,200,3.31
47,91.5,9.17,106.925,50,3.31
47,91.5,9.17,39.312000000000005,100,3.31
47,91.5,9.17,12.4215,200,3.31
48,93.0,9.59,121.94,50,3.31
48,93.0,9.59,45.227000000000004,100,3.31
48,93.0,9.59,12.74,200,3.31
49,94.5,9.379999999999999,119.21000000000001,50,3.31
49,94.5,9.379999999999999,44.31700000000001,100,3.31
49,94.5,9.379999999999999,11.7845,200,3.31
50,96.0,9.17,116.48,50,3.31
50,96.0,9.17,43.407000000000004,100,3.31
50,96.0,9.17,10.829,200,3.31
51,97.5,7.71,122.39500000000001,50,3.31
51,97.5,7.71,37.3555,100,3.31
51,97.5,7.71,8.772400000000001,200,3.31
52,99.0,6.25,128.31,50,3.31
52,99.0,6.25,31.304,100,3.31
52,99.0,6.25,6.7158,200,3.31
53,100.5,7.5,128.76500000000001,50,3.31
53,100.5,7.5,24.9795,100,3.31
53,100.5,7.5,4.5955,200,3.31
54,102.0,8.75,129.22,50,3.31
54,102.0,8.75,18.655,100,3.31
54,102.0,8.75,2.4752,200,3.31
55,103.5,6.665,111.47500000000001,50,3.31
55,103.5,6.665,13.0312,100,3.31
55,103.5,6.665,1.66348,200,3.31
56,105.0,4.58,93.73,50,3.31
56,105.0,4.58,7.407400000000001,100,3.31
56,105.0,4.58,0.8517600000000001,200,3.31
57,106.5,4.58,81.8545,50,3.31
57,106.5,4.58,4.408950000000001,100,3.31
57,106.5,4.58,0.520065,200,3.31
58,108.0,4.58,69.97900000000001,50,3.31
58,108.0,4.58,1.4105,100,3.31
58,108.0,4.58,0.18837,200,3.31
59,109.5,3.33,52.097500000000004,50,3.31
59,109.5,3.33,0.8918,100,3.31
60,111.0,2.08,34.216,50,3.31
60,111.0,2.08,0.3731,100,3.31
61,112.5,1.875,23.114,50,3.31
61,112.5,1.875,0.23614500000000002,100,3.31
62,114.0,1.67,12.012,50,3.31
62,114.0,1.67,0.09919,100,3.31
63,115.5,1.045,8.68595,50,3.31
64,117.0,0.42,5.3599,50,3.31
65,118.5,0.835,3.058965,50,3.31
66,120.0,1.25,0.75803,50,3.31
67,121.5,0.835,0.505505,50,3.31
68,123.0,0.42,0.25298000000000004,50,3.31
16,45.0,0.42,22.752,50,4.39
16,45.0,0.42,1.3152000000000001,100,4.39
17,46.5,1.875,32.208,50,4.39
17,46.5,1.875,2.0016,100,4.39
18,48.0,3.33,41.663999999999994,50,4.39
18,48.0,3.33,2.6879999999999997,100,4.39
18,48.0,3.33,0.05472,200,4.39
19,49.5,2.705,48.384,50,4.39
19,49.5,2.705,4.631999999999999,100,4.39
19,49.5,2.705,0.35040000000000004,200,4.39
20,51.0,2.08,55.104,50,4.39
20,51.0,2.08,6.576,100,4.39
20,51.0,2.08,0.64608,200,4.39
21,52.5,2.915,60.815999999999995,50,4.39
21,52.5,2.915,9.719999999999999,100,4.39
21,52.5,2.915,1.30704,200,4.39
22,54.0,3.75,66.52799999999999,50,4.39
22,54.0,3.75,12.863999999999999,100,4.39
22,54.0,3.75,1.9679999999999997,200,4.39
23,55.5,4.375,84.144,50,4.39
23,55.5,4.375,14.928,100,4.39
23,55.5,4.375,3.12,200,4.39
24,57.0,5.0,101.75999999999999,50,4.39
24,57.0,5.0,16.991999999999997,100,4.39
24,57.0,5.0,4.272,200,4.39
25,58.5,4.79,116.16,50,4.39
25,58.5,4.79,22.56,100,4.39
25,58.5,4.79,4.6368,200,4.39
26,60.0,4.58,130.56,50,4.39
26,60.0,4.58,28.128,100,4.39
26,60.0,4.58,5.0016,200,4.39
27,61.5,6.25,136.32,50,4.39
27,61.5,6.25,37.199999999999996,100,4.39
27,61.5,6.25,6.408,200,4.39
28,63.0,7.92,142.07999999999998,50,4.39
28,63.0,7.92,46.272,100,4.39
28,63.0,7.92,7.8144,200,4.39
29,64.5,9.17,144.48,50,4.39
29,64.5,9.17,50.832,100,4.39
29,64.5,9.17,10.0032,200,4.39
30,66.0,10.42,146.88,50,4.39
30,66.0,10.42,55.392,100,4.39
30,66.0,10.42,12.191999999999998,200,4.39
31,67.5,10.835,156.96,50,4.39
31,67.5,10.835,56.112,100,4.39
31,67.5,10.835,14.447999999999999,200,4.39
32,69.0,11.25,167.04,50,4.39
32,69.0,11.25,56.832,100,4.39
32,69.0,11.25,16.703999999999997,200,4.39
33,70.5,9.79,168.48,50,4.39
33,70.5,9.79,52.944,100,4.39
33,70.5,9.79,16.32,200,4.39
34,72.0,8.33,169.92,50,4.39
34,72.0,8.33,49.056,100,4.39
34,72.0,8.33,15.936,200,4.39
35,73.5,7.915,159.35999999999999,50,4.39
35,73.5,7.915,47.42400000000001,100,4.39
35,73.5,7.915,14.832,200,4.39
36,75.0,7.5,148.79999999999998,50,4.39
36,75.0,7.5,45.792,100,4.39
36,75.0,7.5,13.728,200,4.39
37,76.5,7.71,136.32,50,4.39
37,76.5,7.71,42.288,100,4.39
37,76.5,7.71,12.24,200,4.39
38,78.0,7.92,123.83999999999999,50,4.39
38,78.0,7.92,38.784,100,4.39
38,78.0,7.92,10.751999999999999,200,4.39
39,79.5,7.5,109.29599999999999,50,4.39
39,79.5,7.5,37.727999999999994,100,4.39
39,79.5,7.5,8.155199999999999,200,4.39
40,81.0,7.08,94.752,50,4.39
40,81.0,7.08,36.672000000000004,100,4.39
40,81.0,7.08,5.5584,200,4.39
41,82.5,7.08,86.592,50,4.39
41,82.5,7.08,29.808,100,4.39
41,82.5,7.08,5.0208,200,4.39
42,84.0,7.08,78.432,50,4.39
42,84.0,7.08,22.944,100,4.39
42,84.0,7.08,4.4832,200,4.39
43,85.5,5.415,73.104,50,4.39
43,85.5,5.415,17.28,100,4.39
43,85.5,5.415,3.8111999999999995,200,4.39
44,87.0,3.75,67.776,50,4.39
44,87.0,3.75,11.616,100,4.39
44,87.0,3.75,3.1391999999999998,200,4.39
45,88.5,3.96,53.28,50,4.39
45,88.5,3.96,9.0384,100,4.39
45,88.5,3.96,1.7999999999999998,200,4.39
46,90.0,4.17,38.784,50,4.39
46,90.0,4.17,6.4608,100,4.39
46,90.0,4.17,0.4608,200,4.39
47,91.5,3.335,26.4,50,4.39
47,91.5,3.335,4.632,100,4.39
48,93.0,2.5,14.016,50,4.39
48,93.0,2.5,2.8032,100,4.39
54,102.0,1.25,3.5328,50,4.39
58,108.0,0.83,0.264,50,4.39
12,39.0,0.42,0.51324,50,4.07
16,45.0,0.42,9.963999999999999,50,4.07
16,45.0,0.42,0.012219999999999998,100,4.07
16,45.0,0.42,0.13535999999999998,200,4.07
17,46.5,0.835,14.240999999999998,50,4.07
17,46.5,0.835,0.19505,100,4.07
17,46.5,0.835,0.24017,200,4.07
18,48.0,1.25,18.517999999999997,50,4.07
18,48.0,1.25,0.37788,100,4.07
18,48.0,1.25,0.34497999999999995,200,4.07
19,49.5,1.46,20.209999999999997,50,4.07
19,49.5,1.46,1.73054,100,4.07
19,49.5,1.46,0.67069,200,4.07
20,51.0,1.67,21.902,50,4.07
20,51.0,1.67,3.0831999999999997,100,4.07
20,51.0,1.67,0.9964,200,4.07
21,52.5,2.085,24.957,50,4.07
21,52.5,2.085,4.699999999999999,100,4.07
21,52.5,2.085,1.0528,200,4.07
22,54.0,2.5,28.012,50,4.07
22,54.0,2.5,6.3168,100,4.07
22,54.0,2.5,1.1092,200,4.07
23,55.5,2.915,30.879,50,4.07
23,55.5,2.915,6.692799999999999,100,4.07
23,55.5,2.915,1.4616999999999998,200,4.07
24,57.0,3.33,33.745999999999995,50,4.07
24,57.0,3.33,7.0687999999999995,100,4.07
24,57.0,3.33,1.8141999999999998,200,4.07
25,58.5,4.79,41.218999999999994,50,4.07
25,58.5,4.79,10.161399999999999,100,4.07
25,58.5,4.79,2.5944,200,4.07
26,60.0,6.25,48.69199999999999,50,4.07
26,60.0,6.25,13.254,100,4.07
26,60.0,6.25,3.3745999999999996,200,4.07
27,61.5,5.0,65.04799999999999,50,4.07
27,61.5,5.0,17.249,100,4.07
27,61.5,5.0,3.9010000000000002,200,4.07
28,63.0,3.75,81.404,50,4.07
28,63.0,3.75,21.244,100,4.07
28,63.0,3.75,4.4274,200,4.07
29,64.5,4.165,86.856,50,4.07
29,64.5,4.165,22.372,100,4.07
29,64.5,4.165,3.6378,200,4.07
30,66.0,4.58,92.30799999999999,50,4.07
30,66.0,4.58,23.5,100,4.07
30,66.0,4.58,2.8482,200,4.07
31,67.5,4.58,91.932,50,4.07
31,67.5,4.58,25.098,100,4.07
31,67.5,4.58,3.2054,200,4.07
32,69.0,4.58,91.556,50,4.07
32,69.0,4.58,26.695999999999998,100,4.07
32,69.0,4.58,3.5625999999999998,200,4.07
33,70.5,5.83,99.828,50,4.07
33,70.5,5.83,25.004,100,4.07
33,70.5,5.83,3.7835,200,4.07
34,72.0,7.08,108.1,50,4.07
34,72.0,7.08,23.311999999999998,100,4.07
34,72.0,7.08,4.0043999999999995,200,4.07
35,73.5,5.415,109.97999999999999,50,4.07
35,73.5,5.415,21.15,100,4.07
35,73.5,5.415,3.5202999999999998,200,4.07
36,75.0,3.75,111.86,50,4.07
36,75.0,3.75,18.988,100,4.07
36,75.0,3.75,3.0362,200,4.07
37,76.5,4.375,103.39999999999999,50,4.07
37,76.5,4.375,17.060999999999996,100,4.07
37,76.5,4.375,2.8905,200,4.07
38,78.0,5.0,94.94,50,4.07
38,78.0,5.0,15.134,100,4.07
38,78.0,5.0,2.7447999999999997,200,4.07
39,79.5,5.415,84.6,50,4.07
39,79.5,5.415,15.087,100,4.07
39,79.5,5.415,2.0585999999999998,200,4.07
40,81.0,5.83,74.25999999999999,50,4.07
40,81.0,5.83,15.04,100,4.07
40,81.0,5.83,1.3723999999999998,200,4.07
41,82.5,5.205,66.176,50,4.07
41,82.5,5.205,14.006,100,4.07
41,82.5,5.205,1.1562,200,4.07
42,84.0,4.58,58.09199999999999,50,4.07
42,84.0,4.58,12.972,100,4.07
42,84.0,4.58,0.94,200,4.07
43,85.5,4.165,67.77399999999999,50,4.07
43,85.5,4.165,13.254000000000001,100,4.07
43,85.5,4.165,1.1421,200,4.07
44,87.0,3.75,77.456,50,4.07
44,87.0,3.75,13.536,100,4.07
44,87.0,3.75,1.3441999999999998,200,4.07
45,88.5,3.955,84.271,50,4.07
45,88.5,3.955,16.262,100,4.07
45,88.5,3.955,1.9833999999999998,200,4.07
46,90.0,4.16,91.086,50,4.07
46,90.0,4.16,18.988,100,4.07
46,90.0,4.16,2.6226,200,4.07
47,91.5,3.955,94.893,50,4.07
47,91.5,3.955,20.868,100,4.07
47,91.5,3.955,2.9516,200,4.07
48,93.0,3.75,98.69999999999999,50,4.07
48,93.0,3.75,22.747999999999998,100,4.07
48,93.0,3.75,3.2806,200,4.07
49,94.5,4.585,96.82,50,4.07
49,94.5,4.585,20.304,100,4.07
49,94.5,4.585,2.773,200,4.07
50,96.0,5.42,94.94,50,4.07
50,96.0,5.42,17.86,100,4.07
50,96.0,5.42,2.2654,200,4.07
51,97.5,5.42,96.82,50,4.07
51,97.5,5.42,16.732,100,4.07
51,97.5,5.42,2.5944,200,4.07
52,99.0,5.42,98.69999999999999,50,4.07
52,99.0,5.42,15.604000000000001,100,4.07
52,99.0,5.42,2.9233999999999996,200,4.07
53,100.5,3.545,72.803,50,4.07
53,100.5,3.545,14.475999999999999,100,4.07
53,100.5,3.545,2.7682999999999995,200,4.07
54,102.0,1.67,46.906,50,4.07
54,102.0,1.67,13.347999999999999,100,4.07
54,102.0,1.67,2.6131999999999995,200,4.07
55,103.5,2.5,42.253,50,4.07
55,103.5,2.5,11.514999999999999,100,4.07
55,103.5,2.5,1.8001,200,4.07
56,105.0,3.33,37.599999999999994,50,4.07
56,105.0,3.33,9.682,100,4.07
56,105.0,3.33,0.987,200,4.07
57,106.5,2.705,37.929,50,4.07
57,106.5,2.705,7.1299,100,4.07
57,106.5,2.705,0.77409,200,4.07
58,108.0,2.08,38.258,50,4.07
58,108.0,2.08,4.5778,100,4.07
58,108.0,2.08,0.5611799999999999,200,4.07
59,109.5,2.5,29.61,50,4.07
59,109.5,2.5,3.3182,100,4.07
59,109.5,2.5,0.52828,200,4.07
60,111.0,2.92,20.962,50,4.07
60,111.0,2.92,2.0585999999999998,100,4.07
60,111.0,2.92,0.49538,200,4.07
61,112.5,2.92,17.86,50,4.07
61,112.5,2.92,1.9410999999999998,100,4.07
61,112.5,2.92,0.7021799999999999,200,4.07
62,114.0,2.92,14.758,50,4.07
62,114.0,2.92,1.8235999999999999,100,4.07
62,114.0,2.92,0.9089799999999999,200,4.07
63,115.5,3.335,14.1,50,4.07
63,115.5,3.335,2.256,100,4.07
63,115.5,3.335,1.00439,200,4.07
64,117.0,3.75,13.442,50,4.07
64,117.0,3.75,2.6883999999999997,100,4.07
64,117.0,3.75,1.0997999999999999,200,4.07
65,118.5,3.125,19.974999999999998,50,4.07
65,118.5,3.125,3.5625999999999998,100,4.07
65,118.5,3.125,0.6279199999999999,200,4.07
66,120.0,2.5,26.508,50,4.07
66,120.0,2.5,4.4368,100,4.07
66,120.0,2.5,0.15604,200,4.07
67,121.5,1.665,17.465199999999996,50,4.07
67,121.5,1.665,3.863399999999999,100,4.07
68,123.0,0.83,8.4224,50,4.07
68,123.0,0.83,3.29,100,4.07
69,124.5,1.04,5.851500000000001,50,4.07
69,124.5,1.04,2.0971399999999996,100,4.07
70,126.0,1.25,3.2806,50,4.07
70,126.0,1.25,0.9042799999999999,100,4.07
71,127.5,0.835,1.7343000000000002,50,4.07
71,127.5,0.835,0.46059999999999995,100,4.07
72,129.0,0.42,0.188,50,4.07
72,129.0,0.42,0.016919999999999998,100,4.07
73,130.5,0.42,0.11233,50,4.07
74,132.0,0.42,0.03666,50,4.07
