post,azimuth,wind_direction,concentration,distance
10,52.0,0.42,0.0138,200
14,64.0,0.42,0.03255,50
14,64.0,0.42,0.0046,200
15,67.0,0.42,0.037200000000000004,50
15,67.0,0.42,0.0138,200
16,70.0,0.42,0.037200000000000004,50
16,70.0,0.42,0.0138,200
17,73.0,0.83,0.6975,50
17,73.0,0.83,0.01395,100
17,73.0,0.83,0.0138,200
18,76.0,0.42,0.13485,50
18,76.0,0.42,0.037200000000000004,100
18,76.0,0.42,0.0138,200
19,79.0,1.24,0.1302,50
19,79.0,1.24,0.037200000000000004,100
19,79.0,1.24,0.0092,200
20,82.0,0.83,0.28365,50
20,82.0,0.83,0.05115,100
20,82.0,0.83,0.0092,200
21,85.0,1.24,0.29295000000000004,50
21,85.0,1.24,0.08835000000000001,100
21,85.0,1.24,0.023000000000000003,200
23,91.0,1.66,0.17205,50
23,91.0,1.66,0.060450000000000004,100
23,91.0,1.66,0.0046,200
24,94.0,0.83,0.33015,50
24,94.0,0.83,0.060450000000000004,100
24,94.0,0.83,0.023000000000000003,200
25,97.0,1.66,0.4092,50
25,97.0,1.66,0.07905000000000001,100
25,97.0,1.66,0.032200000000000006,200
26,100.0,0.42,0.3348,50
26,100.0,0.42,0.08835000000000001,100
26,100.0,0.42,0.0368,200
27,103.0,0.83,0.279,50
27,103.0,0.83,0.060450000000000004,100
27,103.0,0.83,0.0368,200
28,106.0,0.83,0.24645000000000003,50
28,106.0,0.83,0.060450000000000004,100
28,106.0,0.83,0.032200000000000006,200
29,109.0,1.24,0.19995000000000002,50
29,109.0,1.24,0.04185,100
29,109.0,1.24,0.032200000000000006,200
30,112.0,0.83,0.18135,50
30,112.0,0.83,0.0651,100
30,112.0,0.83,0.0184,200
31,115.0,1.24,0.15345,50
31,115.0,1.24,0.0279,100
31,115.0,1.24,0.0276,200
32,118.0,2.49,0.19995000000000002,50
32,118.0,2.49,0.03255,100
32,118.0,2.49,0.0138,200
33,121.0,0.42,0.21855,50
33,121.0,0.42,0.04185,100
33,121.0,0.42,0.023000000000000003,200
34,124.0,2.9,0.23715000000000003,50
34,124.0,2.9,0.05115,100
34,124.0,2.9,0.032200000000000006,200
35,127.0,2.9,0.35805000000000003,50
35,127.0,2.9,0.06975,100
35,127.0,2.9,0.0368,200
36,130.0,2.07,0.3441,50
36,130.0,2.07,0.0837,100
36,130.0,2.07,0.032200000000000006,200
37,133.0,1.24,0.40455,50
37,133.0,1.24,0.09300000000000001,100
37,133.0,1.24,0.0414,200
38,136.0,2.9,0.34875,50
38,136.0,2.9,0.06975,100
38,136.0,2.9,0.0368,200
39,139.0,1.24,0.37200000000000005,50
39,139.0,1.24,0.0558,100
39,139.0,1.24,0.0368,200
40,142.0,2.07,0.36735,50
40,142.0,2.07,0.06975,100
40,142.0,2.07,0.046000000000000006,200
41,145.0,4.98,0.39525,50
41,145.0,4.98,0.07905000000000001,100
41,145.0,4.98,0.0276,200
42,148.0,4.56,0.4464,50
42,148.0,4.56,0.09300000000000001,100
42,148.0,4.56,0.032200000000000006,200
43,151.0,4.98,0.91605,50
43,151.0,4.98,0.1395,100
43,151.0,4.98,0.0276,200
44,154.0,7.06,0.7719,50
44,154.0,7.06,0.15345,100
44,154.0,7.06,0.0138,200
45,157.0,6.23,0.8742,50
45,157.0,6.23,0.2046,100
45,157.0,6.23,0.0276,200
46,160.0,2.9,0.8742,50
46,160.0,2.9,0.14880000000000002,100
46,160.0,2.9,0.032200000000000006,200
47,163.0,5.4,1.0509,50
47,163.0,5.4,0.04650000000000001,100
47,163.0,5.4,0.0184,200
48,166.0,10.79,0.9672000000000001,50
48,166.0,10.79,0.05115,100
48,166.0,10.79,0.0138,200
49,169.0,4.15,0.70215,50
49,169.0,4.15,0.03255,100
49,169.0,4.15,0.0046,200
50,172.0,2.49,0.55335,50
50,172.0,2.49,0.018600000000000002,100
50,172.0,2.49,0.0046,200
51,175.0,2.9,0.3441,50
51,175.0,2.9,0.060450000000000004,100
51,175.0,2.9,0.0046,200
52,178.0,2.07,0.2232,50
53,181.0,0.42,0.060450000000000004,50
54,184.0,1.66,0.01395,50
33,121.0,0.42,0.0364,50
34,124.0,0.42,0.1183,50
35,127.0,0.42,0.1456,50
35,127.0,0.42,0.0235,100
36,130.0,0.83,0.33215,50
36,130.0,0.83,0.1222,100
36,130.0,0.83,0.01395,200
37,133.0,1.66,0.39585000000000004,50
37,133.0,1.66,0.1551,100
37,133.0,1.66,0.018600000000000002,200
38,136.0,0.83,0.8508500000000001,50
38,136.0,0.83,0.2115,100
38,136.0,0.83,0.04650000000000001,200
39,139.0,1.66,1.6562000000000001,50
39,139.0,1.66,0.34309999999999996,100
39,139.0,1.66,0.0558,200
40,142.0,4.56,2.9393000000000002,50
40,142.0,4.56,0.5687,100
40,142.0,4.56,0.1302,200
41,145.0,5.81,4.4863,50
41,145.0,5.81,1.0715999999999999,100
41,145.0,5.81,0.2604,200
42,148.0,7.47,5.596500000000001,50
42,148.0,7.47,1.8047999999999997,100
42,148.0,7.47,0.29760000000000003,200
43,151.0,7.88,6.4155,50
43,151.0,7.88,1.9364,100
43,151.0,7.88,0.4278,200
44,154.0,9.13,6.1516,50
44,154.0,9.13,1.833,100
44,154.0,9.13,0.39990000000000003,200
45,157.0,6.22,5.678400000000001,50
45,157.0,6.22,1.363,100
45,157.0,6.22,0.29760000000000003,200
46,160.0,4.15,4.0131000000000006,50
46,160.0,4.15,1.4852,100
46,160.0,4.15,0.31155000000000005,200
47,163.0,7.05,3.3215,50
47,163.0,7.05,1.1749999999999998,100
47,163.0,7.05,0.2604,200
48,166.0,5.4,3.9039,50
48,166.0,5.4,0.9211999999999999,100
48,166.0,5.4,0.25110000000000005,200
49,169.0,4.56,3.6127000000000002,50
49,169.0,4.56,0.6815,100
49,169.0,4.56,0.14415,200
50,172.0,6.64,2.8756000000000004,50
50,172.0,6.64,0.6532999999999999,100
50,172.0,6.64,0.12555000000000002,200
51,175.0,2.49,1.8928,50
51,175.0,2.49,0.6439,100
51,175.0,2.49,0.10695,200
52,178.0,4.15,1.7927,50
52,178.0,4.15,0.6439,100
52,178.0,4.15,0.13485,200
53,181.0,3.73,1.6380000000000001,50
53,181.0,3.73,0.5498999999999999,100
53,181.0,3.73,0.0837,200
54,184.0,4.56,1.4196000000000002,50
54,184.0,4.56,0.26789999999999997,100
54,184.0,4.56,0.0558,200
55,187.0,2.49,1.1739000000000002,50
55,187.0,2.49,0.2397,100
55,187.0,2.49,0.01395,200
56,190.0,0.83,0.5277999999999999,50
56,190.0,0.83,0.188,100
57,193.0,1.66,0.55055,50
57,193.0,1.66,0.1222,100
58,196.0,1.24,0.89635,50
58,196.0,1.24,0.051699999999999996,100
59,199.0,1.24,0.9919000000000001,50
59,199.0,1.24,0.014099999999999998,100
60,202.0,0.83,0.7007,50
60,202.0,0.83,0.0047,100
61,205.0,0.83,0.30485,50
61,205.0,0.83,0.0047,100
31,115.0,1.66,0.378,50
32,118.0,1.24,1.305,50
33,121.0,1.24,1.9980000000000002,50
34,124.0,1.66,4.905,50
34,124.0,1.66,0.1274,100
34,124.0,1.66,0.0506,200
35,127.0,4.56,10.08,50
35,127.0,4.56,0.7007,100
36,130.0,4.15,17.1,50
36,130.0,4.15,1.4469,100
36,130.0,4.15,0.0782,200
37,133.0,8.71,18.540000000000003,50
37,133.0,8.71,3.1213,100
37,133.0,8.71,0.0506,200
38,136.0,9.55,19.35,50
38,136.0,9.55,5.005,100
38,136.0,9.55,0.276,200
39,139.0,9.55,24.48,50
39,139.0,9.55,6.5156,100
39,139.0,9.55,0.782,200
40,142.0,5.81,24.3,50
40,142.0,5.81,6.506500000000001,100
40,142.0,5.81,1.7664,200
41,145.0,11.62,22.41,50
41,145.0,11.62,6.188,100
41,145.0,11.62,2.1068000000000002,200
42,148.0,9.55,25.470000000000002,50
42,148.0,9.55,8.1172,100
42,148.0,9.55,2.1068000000000002,200
43,151.0,7.88,25.83,50
43,151.0,7.88,8.9999,100
43,151.0,7.88,1.9872000000000003,200
44,154.0,7.88,22.77,50
44,154.0,7.88,7.3528,100
44,154.0,7.88,2.0608000000000004,200
45,157.0,4.98,20.61,50
45,157.0,4.98,5.4782,100
45,157.0,4.98,1.6560000000000001,200
46,160.0,3.73,12.420000000000002,50
46,160.0,3.73,3.2669,100
46,160.0,3.73,0.8924,200
47,163.0,3.32,6.57,50
47,163.0,3.32,1.7472,100
47,163.0,3.32,0.3128,200
48,166.0,2.49,3.762,50
48,166.0,2.49,0.5915,100
48,166.0,2.49,0.0506,200
49,169.0,0.42,1.062,50
49,169.0,0.42,0.2184,100
17,73.0,1.24,1.6744,50
17,73.0,1.24,0.0957,100
18,76.0,0.42,1.0283,50
18,76.0,0.42,0.2262,100
19,79.0,1.24,0.9282,50
19,79.0,1.24,0.3393,100
20,82.0,0.42,1.2922,50
20,82.0,0.42,0.4002,100
20,82.0,0.42,0.0344,200
21,85.0,1.66,1.6926,50
21,85.0,1.66,0.5481,100
21,85.0,1.66,0.0645,200
22,88.0,0.42,3.1940999999999997,50
22,88.0,0.42,1.0788,100
22,88.0,0.42,0.08600000000000001,200
23,91.0,2.49,4.841200000000001,50
23,91.0,2.49,0.9830999999999999,100
23,91.0,2.49,0.129,200
24,94.0,5.81,6.0333000000000006,50
24,94.0,5.81,0.8004,100
24,94.0,5.81,0.129,200
25,97.0,4.98,5.3508000000000004,50
25,97.0,4.98,1.131,100
25,97.0,4.98,0.129,200
26,100.0,4.15,4.55,50
26,100.0,4.15,0.9483,100
26,100.0,4.15,0.18059999999999998,200
27,103.0,4.98,4.8048,50
27,103.0,4.98,0.8004,100
27,103.0,4.98,0.215,200
28,106.0,4.98,4.9777,50
28,106.0,4.98,0.8961,100
28,106.0,4.98,0.0946,200
29,109.0,2.9,4.3770999999999995,50
29,109.0,2.9,0.6612,100
29,109.0,2.9,0.08600000000000001,200
30,112.0,4.15,3.5763000000000003,50
30,112.0,4.15,0.6264,100
30,112.0,4.15,0.129,200
31,115.0,5.4,3.2851,50
31,115.0,5.4,1.2006,100
31,115.0,5.4,0.08600000000000001,200
32,118.0,2.07,3.64,50
32,118.0,2.07,0.9135,100
32,118.0,2.07,0.12040000000000001,200
33,121.0,2.9,4.7229,50
33,121.0,2.9,1.1571,100
33,121.0,2.9,0.1892,200
34,124.0,7.06,3.9676000000000005,50
34,124.0,7.06,0.8961,100
34,124.0,7.06,0.18059999999999998,200
35,127.0,2.07,2.3296,50
35,127.0,2.07,0.7743,100
35,127.0,2.07,0.12040000000000001,200
36,130.0,2.07,2.1476,50
36,130.0,2.07,0.8526,100
36,130.0,2.07,0.1462,200
37,133.0,0.83,2.5662,50
37,133.0,0.83,0.6960000000000001,100
37,133.0,0.83,0.1634,200
38,136.0,2.9,2.8392000000000004,50
38,136.0,2.9,0.6525,100
38,136.0,2.9,0.1376,200
39,139.0,2.49,2.4479,50
39,139.0,2.49,0.49589999999999995,100
39,139.0,2.49,0.08600000000000001,200
40,142.0,1.66,2.7118,50
40,142.0,1.66,0.49589999999999995,100
40,142.0,1.66,0.0688,200
41,145.0,3.73,2.8028,50
41,145.0,3.73,0.5394,100
41,145.0,3.73,0.0387,200
42,148.0,2.49,2.0747999999999998,50
42,148.0,2.49,0.5568,100
42,148.0,2.49,0.0258,200
43,151.0,1.24,2.6299,50
43,151.0,1.24,0.6264,100
43,151.0,1.24,0.043000000000000003,200
44,154.0,2.07,2.3205,50
44,154.0,2.07,0.7569,100
44,154.0,2.07,0.0344,200
45,157.0,0.83,1.8928,50
45,157.0,0.83,0.6873,100
45,157.0,0.83,0.043000000000000003,200
46,160.0,2.49,2.3023,50
46,160.0,2.49,0.6699,100
46,160.0,2.49,0.0258,200
47,163.0,2.49,2.1749,50
47,163.0,2.49,0.6960000000000001,100
48,166.0,2.9,1.9656000000000002,50
48,166.0,2.9,0.41759999999999997,100
49,169.0,1.66,1.5834000000000001,50
49,169.0,1.66,0.1131,100
50,172.0,0.42,1.5834000000000001,50
50,172.0,0.42,0.021750000000000002,100
51,175.0,1.66,1.3559,50
51,175.0,1.66,0.013049999999999999,100
52,178.0,0.42,1.3195,50
53,181.0,0.42,0.8827,50
54,184.0,2.07,0.8827,50
55,187.0,0.83,0.7189000000000001,50
56,190.0,1.24,0.35490000000000005,50
57,193.0,0.83,0.24570000000000003,50
58,196.0,1.24,0.09100000000000001,50
59,199.0,0.42,0.05915,50
38,136.0,1.28,0.3515,50
38,136.0,1.28,0.1081,100
38,136.0,1.28,0.0048,200
39,139.0,2.56,0.988,50
39,139.0,2.56,0.45119999999999993,100
39,139.0,2.56,0.1296,200
40,142.0,0.85,2.1185,50
40,142.0,0.85,0.4324,100
40,142.0,0.85,0.1824,200
41,145.0,1.28,2.1755,50
41,145.0,1.28,0.9682,100
41,145.0,1.28,0.2208,200
42,148.0,2.14,1.9094999999999998,50
42,148.0,2.14,1.0246,100
42,148.0,2.14,0.288,200
43,151.0,2.99,1.8335,50
43,151.0,2.99,0.8083999999999999,100
43,151.0,2.99,0.2496,200
44,154.0,4.7,2.0425,50
44,154.0,4.7,0.5357999999999999,100
44,154.0,4.7,0.13440000000000002,200
45,157.0,3.85,2.831,50
45,157.0,3.85,0.5546,100
45,157.0,3.85,0.816,200
46,160.0,6.84,3.5435,50
46,160.0,6.84,0.7707999999999999,100
46,160.0,6.84,0.0912,200
47,163.0,6.41,6.517,50
47,163.0,6.41,1.4852,100
47,163.0,6.41,0.24,200
48,166.0,9.83,9.785,50
48,166.0,9.83,3.0268,100
48,166.0,9.83,0.4608,200
49,169.0,5.13,11.969999999999999,50
49,169.0,5.13,3.525,100
49,169.0,5.13,0.7008,200
50,172.0,6.41,12.35,50
50,172.0,6.41,2.7918,100
50,172.0,6.41,0.6719999999999999,200
51,175.0,10.68,11.78,50
51,175.0,10.68,2.8669999999999995,100
51,175.0,10.68,0.7008,200
52,178.0,8.97,11.02,50
52,178.0,8.97,3.3276,100
52,178.0,8.97,0.9119999999999999,200
53,181.0,6.84,11.589999999999998,50
53,181.0,6.84,2.961,100
53,181.0,6.84,0.7392,200
54,184.0,8.12,8.417,50
54,184.0,8.12,2.6414,100
54,184.0,8.12,0.5184,200
55,187.0,2.14,5.984999999999999,50
55,187.0,2.14,2.068,100
55,187.0,2.14,0.39359999999999995,200
56,190.0,5.56,4.2275,50
56,190.0,5.56,1.3254,100
56,190.0,5.56,0.06720000000000001,200
57,193.0,2.56,2.6125,50
57,193.0,2.56,0.3196,100
58,196.0,0.43,1.2065,50
58,196.0,0.43,0.0752,100
59,199.0,0.43,0.5605,50
59,199.0,0.43,0.0188,100
25,97.0,0.42,0.816,50
25,97.0,0.42,0.01365,100
26,100.0,1.46,2.3424,50
26,100.0,1.46,0.0637,100
27,103.0,3.77,2.8512,50
27,103.0,3.77,0.3185,100
27,103.0,3.77,0.0046,200
28,106.0,2.51,2.7552,50
28,106.0,2.51,0.9464,100
28,106.0,2.51,0.138,200
29,109.0,3.77,3.7439999999999998,50
29,109.0,3.77,1.7654,100
29,109.0,3.77,0.2668,200
30,112.0,4.6,3.9936,50
30,112.0,4.6,1.5925,100
30,112.0,4.6,0.3772,200
31,115.0,4.6,4.579199999999999,50
31,115.0,4.6,0.9828000000000001,100
31,115.0,4.6,0.23920000000000002,200
32,118.0,1.25,3.4368,50
32,118.0,1.25,0.91,100
32,118.0,1.25,0.322,200
33,121.0,2.93,3.0912,50
33,121.0,2.93,0.9737000000000001,100
33,121.0,2.93,0.3496,200
34,124.0,1.67,3.6672,50
34,124.0,1.67,0.9282,100
34,124.0,1.67,0.25760000000000005,200
35,127.0,1.26,4.924799999999999,50
35,127.0,1.26,0.9191,100
35,127.0,1.26,0.2668,200
36,130.0,2.52,5.5775999999999994,50
36,130.0,2.52,0.49140000000000006,100
36,130.0,2.52,0.2116,200
37,133.0,5.23,4.8864,50
37,133.0,5.23,1.1739000000000002,100
37,133.0,5.23,0.24840000000000004,200
38,136.0,6.28,4.2432,50
38,136.0,6.28,1.6107,100
38,136.0,6.28,0.2852,200
39,139.0,7.53,6.7584,50
39,139.0,7.53,1.9656000000000002,100
39,139.0,7.53,0.34040000000000004,200
40,142.0,8.16,8.6112,50
40,142.0,8.16,2.1931000000000003,100
40,142.0,8.16,0.5244,200
41,145.0,6.9,8.8416,50
41,145.0,6.9,2.7482,100
41,145.0,6.9,0.47840000000000005,200
42,148.0,12.77,8.351999999999999,50
42,148.0,12.77,2.7391,100
42,148.0,12.77,0.6072000000000001,200
43,151.0,8.78,6.7584,50
43,151.0,8.78,2.3842000000000003,100
43,151.0,8.78,0.3956,200
44,154.0,3.14,7.0752,50
44,154.0,3.14,1.9838000000000002,100
44,154.0,3.14,0.2944,200
45,157.0,2.09,8.016,50
45,157.0,2.09,1.2012,100
45,157.0,2.09,0.3312,200
46,160.0,1.67,5.4719999999999995,50
46,160.0,1.67,1.0555999999999999,100
46,160.0,1.67,0.0782,200
47,163.0,1.46,3.1968,50
47,163.0,1.46,0.42769999999999997,100
47,163.0,1.46,0.0782,200
48,166.0,2.3,2.0256,50
48,166.0,2.3,0.273,100
48,166.0,2.3,0.0782,200
49,169.0,1.46,1.6896,50
49,169.0,1.46,0.3822,100
49,169.0,1.46,0.032200000000000006,200
50,172.0,1.05,1.4112,50
50,172.0,1.05,0.2912,100
51,175.0,0.42,0.9023999999999999,50
51,175.0,0.42,0.1274,100
51,175.0,0.42,0.0828,200
5,37.0,1.6,2.755,50
5,37.0,1.6,0.6204,100
5,37.0,1.6,0.0912,200
6,40.0,5.75,5.8995,50
6,40.0,5.75,1.6167999999999998,100
6,40.0,5.75,0.3264,200
7,43.0,4.79,10.639999999999999,50
7,43.0,4.79,3.2618,100
7,43.0,4.79,0.7776000000000001,200
8,46.0,14.38,12.635,50
8,46.0,14.38,4.276999999999999,100
8,46.0,14.38,1.152,200
9,49.0,10.54,13.395,50
9,49.0,10.54,4.8128,100
9,49.0,10.54,1.296,200
10,52.0,13.74,13.014999999999999,50
10,52.0,13.74,4.606,100
10,52.0,13.74,1.1904,200
11,55.0,12.46,11.114999999999998,50
11,55.0,12.46,3.7693999999999996,100
11,55.0,12.46,1.0272000000000001,200
12,58.0,14.38,8.4835,50
12,58.0,14.38,2.5473999999999997,100
12,58.0,14.38,0.7392,200
13,61.0,6.39,5.7475,50
13,61.0,6.39,1.3912,100
13,61.0,6.39,0.33599999999999997,200
14,64.0,8.31,3.4294999999999995,50
14,64.0,8.31,0.9306,100
14,64.0,8.31,0.1248,200
15,67.0,4.15,2.1945,50
15,67.0,4.15,0.3478,100
15,67.0,4.15,0.0288,200
16,70.0,3.19,0.8265,50
16,70.0,3.19,0.1504,100
16,70.0,3.19,0.0048,200
17,73.0,0.32,0.14725,50
17,73.0,0.32,0.0047,100
26,100.0,0.42,1.4784,50
26,100.0,0.42,0.9023999999999999,100
26,100.0,0.42,0.3069,200
28,106.0,0.84,2.5152,50
28,106.0,0.84,1.3159999999999998,100
28,106.0,0.84,0.5859000000000001,200
29,109.0,2.09,3.5328,50
29,109.0,2.09,1.9457999999999998,100
29,109.0,2.09,0.6416999999999999,200
30,112.0,1.67,5.0496,50
30,112.0,1.67,1.8987999999999998,100
30,112.0,1.67,0.465,200
31,115.0,7.11,4.8191999999999995,50
31,115.0,7.11,1.1092,100
31,115.0,7.11,0.29760000000000003,200
32,118.0,3.35,6.086399999999999,50
32,118.0,3.35,0.7332,100
32,118.0,3.35,0.13485,200
33,121.0,7.95,5.2224,50
33,121.0,7.95,1.0058,100
33,121.0,7.95,0.11625,200
34,124.0,4.18,4.1952,50
34,124.0,4.18,0.8178,100
34,124.0,4.18,0.15345,200
35,127.0,1.26,2.5728,50
35,127.0,1.26,0.6956,100
35,127.0,1.26,0.15345,200
36,130.0,3.35,4.4832,50
36,130.0,3.35,0.9588,100
36,130.0,3.35,0.15345,200
37,133.0,0.84,4.8768,50
37,133.0,0.84,0.9211999999999999,100
37,133.0,0.84,0.2325,200
38,136.0,2.09,3.5616,50
38,136.0,2.09,1.0058,100
38,136.0,2.09,0.1953,200
39,139.0,1.67,3.6959999999999997,50
39,139.0,1.67,0.9588,100
39,139.0,1.67,0.279,200
40,142.0,2.09,5.4432,50
40,142.0,2.09,0.8271999999999999,100
40,142.0,2.09,0.2604,200
41,145.0,4.6,6.5856,50
41,145.0,4.6,1.504,100
41,145.0,4.6,0.25110000000000005,200
42,148.0,5.02,8.5056,50
42,148.0,5.02,2.4816,100
42,148.0,5.02,0.4278,200
43,151.0,7.11,9.4272,50
43,151.0,7.11,2.3593999999999995,100
43,151.0,7.11,0.48360000000000003,200
44,154.0,7.11,7.7472,50
44,154.0,7.11,2.8106,100
44,154.0,7.11,0.4371,200
45,157.0,6.7,8.688,50
45,157.0,6.7,2.5568,100
45,157.0,6.7,0.2697,200
46,160.0,10.04,5.7888,50
46,160.0,10.04,2.162,100
46,160.0,10.04,0.2697,200
47,163.0,5.02,10.655999999999999,50
47,163.0,5.02,1.8423999999999998,100
47,163.0,5.02,0.16275,200
48,166.0,3.77,9.043199999999999,50
48,166.0,3.77,2.0116,100
48,166.0,3.77,0.1953,200
49,169.0,2.09,9.043199999999999,50
49,169.0,2.09,2.3312,100
49,169.0,2.09,0.35340000000000005,200
50,172.0,3.77,10.559999999999999,50
50,172.0,3.77,1.9457999999999998,100
50,172.0,3.77,0.279,200
51,175.0,1.67,7.795199999999999,50
51,175.0,1.67,1.88,100
51,175.0,1.67,0.3813,200
52,178.0,0.42,6.739199999999999,50
52,178.0,0.42,1.0528,100
52,178.0,0.42,0.2697,200
53,181.0,2.93,5.3184,50
53,181.0,2.93,0.7143999999999999,100
53,181.0,2.93,0.13485,200
54,184.0,0.42,2.5824,50
54,184.0,0.42,0.8178,100
54,184.0,0.42,0.2883,200
55,187.0,0.42,1.4496,50
55,187.0,0.42,0.6392,100
55,187.0,0.42,0.04650000000000001,200
1,25.0,0.42,0.14209999999999998,50
1,25.0,0.42,0.0495,100
3,31.0,0.42,1.813,50
3,31.0,0.42,0.14354999999999998,100
3,31.0,0.42,0.0097,200
4,34.0,0.84,2.5382,50
4,34.0,0.84,0.8118,100
4,34.0,0.84,0.058199999999999995,200
5,37.0,2.53,4.6746,50
5,37.0,2.53,1.4256,100
5,37.0,2.53,0.32980000000000004,200
6,40.0,5.91,6.517,50
6,40.0,5.91,2.376,100
6,40.0,5.91,0.6208,200
7,43.0,4.64,9.898,50
7,43.0,4.64,3.3066,100
7,43.0,4.64,0.9409,200
8,46.0,13.08,14.112,50
8,46.0,13.08,4.9104,100
8,46.0,13.08,1.2027999999999999,200
9,49.0,12.66,16.169999999999998,50
9,49.0,12.66,5.910299999999999,100
9,49.0,12.66,1.5132,200
10,52.0,11.39,16.072,50
10,52.0,11.39,4.9797,100
10,52.0,11.39,1.261,200
11,55.0,12.66,13.034,50
11,55.0,12.66,4.4055,100
11,55.0,12.66,93.12,200
12,58.0,10.12,8.6436,50
12,58.0,10.12,2.8908,100
12,58.0,10.12,0.6596000000000001,200
13,61.0,6.33,6.8306,50
13,61.0,6.33,2.0492999999999997,100
13,61.0,6.33,0.4462,200
14,64.0,5.91,4.5766,50
14,64.0,5.91,1.2177,100
14,64.0,5.91,0.39769999999999994,200
15,67.0,2.95,2.7734,50
15,67.0,2.95,0.5148,100
15,67.0,2.95,0.3201,200
16,70.0,1.27,1.9796,50
16,70.0,1.27,0.7424999999999999,100
16,70.0,1.27,0.2619,200
17,73.0,1.69,1.7052,50
17,73.0,1.69,0.8415,100
17,73.0,1.69,0.0388,200
18,76.0,2.11,1.1367999999999998,50
18,76.0,2.11,0.2574,100
19,79.0,1.27,0.3822,50
19,79.0,1.27,0.0693,100
20,82.0,1.69,0.06860000000000001,50
21,85.0,1.69,0.0147,50
9,49.0,0.84,0.0624,50
10,52.0,0.42,0.1152,50
11,55.0,0.42,0.40319999999999995,50
11,55.0,0.42,0.0194,100
12,58.0,0.42,0.816,50
12,58.0,0.42,0.06305,100
13,61.0,2.51,1.8432,50
13,61.0,2.51,0.16005,100
14,64.0,2.93,2.3424,50
14,64.0,2.93,0.3686,100
15,67.0,4.18,3.4656,50
15,67.0,4.18,0.7566,100
15,67.0,4.18,0.029099999999999997,200
16,70.0,7.95,5.1743999999999994,50
16,70.0,7.95,1.0573000000000001,100
16,70.0,7.95,0.194,200
17,73.0,5.86,7.0272,50
17,73.0,5.86,1.9205999999999999,100
17,73.0,5.86,0.3589,200
18,76.0,7.95,8.4,50
18,76.0,7.95,2.4928999999999997,100
18,76.0,7.95,0.5432,200
19,79.0,8.79,8.361600000000001,50
19,79.0,8.79,2.2697999999999996,100
19,79.0,8.79,0.6111,200
20,82.0,7.53,7.8048,50
20,82.0,7.53,2.1048999999999998,100
20,82.0,7.53,0.4753,200
21,85.0,5.85,6.624,50
21,85.0,5.85,2.0758,100
21,85.0,5.85,0.6208,200
22,88.0,6.27,6.2304,50
22,88.0,6.27,2.1146000000000003,100
22,88.0,6.27,0.4365,200
23,91.0,6.69,4.8096,50
23,91.0,6.69,1.6586999999999998,100
23,91.0,6.69,0.291,200
24,94.0,3.35,4.4736,50
24,94.0,3.35,1.2319,100
24,94.0,3.35,0.17459999999999998,200
25,97.0,6.69,4.5504,50
25,97.0,6.69,1.2222,100
25,97.0,6.69,0.30069999999999997,200
26,100.0,3.35,3.6287999999999996,50
26,100.0,3.35,1.3289,100
26,100.0,3.35,0.2425,200
27,103.0,3.77,3.1487999999999996,50
27,103.0,3.77,0.7663,100
27,103.0,3.77,0.2231,200
28,106.0,2.51,3.0336,50
28,106.0,2.51,0.8536,100
28,106.0,2.51,0.2134,200
29,109.0,1.67,2.4095999999999997,50
29,109.0,1.67,1.1542999999999999,100
29,109.0,1.67,0.33949999999999997,200
30,112.0,2.09,2.7936,50
30,112.0,2.09,0.9602999999999999,100
30,112.0,2.09,0.2522,200
31,115.0,2.09,2.1024,50
31,115.0,2.09,0.873,100
31,115.0,2.09,0.1552,200
32,118.0,1.26,1.1423999999999999,50
32,118.0,1.26,0.3589,100
32,118.0,1.26,0.058199999999999995,200
33,121.0,2.51,0.7296,50
33,121.0,2.51,0.08245000000000001,100
33,121.0,2.51,0.029099999999999997,200
34,124.0,0.42,0.40319999999999995,50
34,124.0,0.42,0.08245000000000001,100
35,127.0,0.42,0.3168,50
35,127.0,0.42,0.03395,100
38,136.0,0.84,0.033600000000000005,50
15,67.0,2.08,1.1367999999999998,50
15,67.0,2.08,0.2619,100
16,70.0,2.5,2.3127999999999997,50
16,70.0,2.5,0.7953999999999999,100
16,70.0,2.5,0.0637,200
17,73.0,1.25,3.0282,50
17,73.0,1.25,0.8245,100
17,73.0,1.25,0.1323,200
18,76.0,2.92,3.9004,50
18,76.0,2.92,1.0379,100
18,76.0,2.92,0.20579999999999998,200
19,79.0,5.42,5.517399999999999,50
19,79.0,5.42,1.4064999999999999,100
19,79.0,5.42,0.3332,200
20,82.0,5.83,7.007000000000001,50
20,82.0,5.83,1.6199,100
20,82.0,5.83,0.45080000000000003,200
21,85.0,7.08,7.9184,50
21,85.0,7.08,2.231,100
21,85.0,7.08,0.45080000000000003,200
22,88.0,13.34,7.987,50
22,88.0,13.34,3.1136999999999997,100
22,88.0,13.34,0.5194,200
23,91.0,11.67,7.987,50
23,91.0,11.67,2.231,100
23,91.0,11.67,0.637,200
24,94.0,8.75,7.546,50
24,94.0,8.75,2.3377,100
24,94.0,8.75,0.6859999999999999,200
25,97.0,5.83,6.6836,50
25,97.0,5.83,2.4734999999999996,100
25,97.0,5.83,0.735,200
26,100.0,6.25,6.859999999999999,50
26,100.0,6.25,2.1631,100
26,100.0,6.25,0.5488000000000001,200
27,103.0,5.42,6.1739999999999995,50
27,103.0,5.42,1.6004999999999998,100
27,103.0,5.42,0.3332,200
28,106.0,4.58,5.1842,50
28,106.0,4.58,1.4453,100
28,106.0,4.58,0.21559999999999999,200
29,109.0,4.58,4.263,50
29,109.0,4.58,0.9602999999999999,100
29,109.0,4.58,0.1617,200
30,112.0,5.83,3.4593999999999996,50
30,112.0,5.83,0.7178,100
30,112.0,5.83,0.0784,200
31,115.0,1.25,2.7047999999999996,50
31,115.0,1.25,0.5432,100
31,115.0,1.25,0.0245,200
32,118.0,1.67,1.2054,50
32,118.0,1.67,0.2522,100
33,121.0,0.83,0.8133999999999999,50
33,121.0,0.83,0.02425,100
34,124.0,1.67,0.34299999999999997,50
35,127.0,0.83,0.098,50
8,46.0,0.63,0.1552,50
9,49.0,2.3,0.4268,50
10,52.0,4.17,0.9117999999999999,50
10,52.0,4.17,0.08245000000000001,100
11,55.0,6.89,4.0643,50
11,55.0,6.89,0.388,100
11,55.0,6.89,0.0485,200
12,58.0,4.8,5.499899999999999,50
12,58.0,4.8,1.6781,100
12,58.0,4.8,0.3201,200
13,61.0,2.3,6.0625,50
13,61.0,2.3,1.8623999999999998,100
13,61.0,2.3,0.388,200
14,64.0,3.13,5.5386999999999995,50
14,64.0,3.13,1.0088,100
14,64.0,3.13,0.12125,200
15,67.0,4.17,4.5105,50
15,67.0,4.17,0.873,100
15,67.0,4.17,0.08245000000000001,200
16,70.0,2.5,3.6666,50
16,70.0,2.5,0.9215,100
16,70.0,2.5,0.1261,200
17,73.0,3.76,6.1789,50
17,73.0,3.76,1.3967999999999998,100
17,73.0,3.76,0.194,200
18,76.0,4.17,8.419599999999999,50
18,76.0,4.17,1.8818,100
18,76.0,4.17,0.32980000000000004,200
19,79.0,4.17,10.863999999999999,50
19,79.0,4.17,2.522,100
19,79.0,4.17,0.46559999999999996,200
20,82.0,3.76,9.991,50
20,82.0,3.76,3.1913,100
20,82.0,3.76,0.4753,200
21,85.0,6.89,10.67,50
21,85.0,6.89,2.7451,100
21,85.0,6.89,0.41709999999999997,200
22,88.0,3.34,10.088,50
22,88.0,3.34,2.0758,100
22,88.0,3.34,0.33949999999999997,200
23,91.0,3.76,7.2749999999999995,50
23,91.0,3.76,1.2222,100
23,91.0,3.76,0.23279999999999998,200
24,94.0,4.59,6.2468,50
24,94.0,4.59,1.3192000000000002,100
24,94.0,4.59,0.291,200
25,97.0,3.76,6.9064,50
25,97.0,3.76,1.455,100
25,97.0,3.76,0.2813,200
26,100.0,3.34,6.2177,50
26,100.0,3.34,1.552,100
26,100.0,3.34,0.32980000000000004,200
27,103.0,6.47,6.004300000000001,50
27,103.0,6.47,1.746,100
27,103.0,6.47,0.39769999999999994,200
28,106.0,6.47,5.2185999999999995,50
28,106.0,6.47,2.3085999999999998,100
28,106.0,6.47,0.34919999999999995,200
29,109.0,3.76,5.0828,50
29,109.0,3.76,1.4064999999999999,100
29,109.0,3.76,0.2231,200
30,112.0,2.09,4.2777,50
30,112.0,2.09,0.776,100
30,112.0,2.09,0.17459999999999998,200
31,115.0,2.3,3.0555,50
31,115.0,2.3,0.4365,100
31,115.0,2.3,0.1552,200
32,118.0,1.46,2.522,50
32,118.0,1.46,0.5238,100
32,118.0,1.46,0.029099999999999997,200
33,121.0,1.25,2.1825,50
33,121.0,1.25,0.4074,100
34,124.0,0.63,0.97,50
34,124.0,0.63,0.39769999999999994,100
35,127.0,0.63,0.8148,50
35,127.0,0.63,0.2813,100
36,130.0,0.84,0.9021,50
36,130.0,0.84,0.014549999999999999,100
37,133.0,0.63,0.5722999999999999,50
38,136.0,1.04,0.5141,50
16,70.0,0.41,0.029699999999999997,50
18,76.0,1.45,0.3465,50
18,76.0,1.45,0.024,100
19,79.0,0.62,0.594,50
19,79.0,0.62,0.0528,100
20,82.0,2.07,1.2969,50
20,82.0,2.07,0.13440000000000002,100
21,85.0,4.14,2.2869,50
21,85.0,4.14,0.3264,100
22,88.0,5.59,3.3066,50
22,88.0,5.59,0.3264,100
22,88.0,5.59,0.05335,200
23,91.0,7.25,4.6035,50
23,91.0,7.25,1.0752000000000002,100
23,91.0,7.25,0.19884999999999997,200
24,94.0,9.52,4.7421,50
24,94.0,9.52,1.5072,100
24,94.0,9.52,0.3589,200
25,97.0,6.83,6.286499999999999,50
25,97.0,6.83,1.8047999999999997,100
25,97.0,6.83,0.5917,200
26,100.0,9.73,7.2764999999999995,50
26,100.0,9.73,2.3808,100
26,100.0,9.73,0.6789999999999999,200
27,103.0,7.04,8.0784,50
27,103.0,7.04,2.4288,100
27,103.0,7.04,0.4753,200
28,106.0,7.66,7.5042,50
28,106.0,7.66,1.8719999999999999,100
28,106.0,7.66,0.388,200
29,109.0,4.56,6.771599999999999,50
29,109.0,4.56,1.5839999999999999,100
29,109.0,4.56,0.3589,200
30,112.0,6.0,5.6232,50
30,112.0,6.0,1.3536,100
30,112.0,6.0,0.30069999999999997,200
31,115.0,3.52,4.2372000000000005,50
31,115.0,3.52,0.9503999999999999,100
31,115.0,3.52,0.3201,200
32,118.0,3.73,3.4551000000000003,50
32,118.0,3.73,0.768,100
32,118.0,3.73,0.2813,200
33,121.0,3.93,3.267,50
33,121.0,3.93,0.7776000000000001,100
33,121.0,3.93,0.2134,200
34,124.0,3.93,2.7918,50
34,124.0,3.93,0.72,100
34,124.0,3.93,0.16005,200
35,127.0,2.28,2.6235,50
35,127.0,2.28,0.576,100
35,127.0,2.28,0.08245000000000001,200
36,130.0,4.56,1.7325,50
36,130.0,4.56,0.45119999999999993,100
36,130.0,4.56,0.05335,200
37,133.0,1.24,1.1384999999999998,50
37,133.0,1.24,0.20159999999999997,100
38,136.0,1.24,0.8316,50
38,136.0,1.24,0.1056,100
39,139.0,1.45,0.42569999999999997,50
39,139.0,1.45,0.033600000000000005,100
40,142.0,0.21,0.297,50
42,148.0,0.21,0.029699999999999997,50
7,43.0,0.62,0.08245000000000001,50
8,46.0,0.41,0.16490000000000002,50
9,49.0,1.04,0.291,50
10,52.0,0.83,0.32980000000000004,50
10,52.0,0.83,0.014549999999999999,100
11,55.0,0.83,0.46559999999999996,50
11,55.0,0.83,0.05335,100
11,55.0,0.83,0.029099999999999997,200
12,58.0,1.04,1.2222,50
12,58.0,1.04,0.08245000000000001,100
12,58.0,1.04,0.0388,200
13,61.0,1.04,1.3095,50
13,61.0,1.04,0.19884999999999997,100
13,61.0,1.04,0.0679,200
14,64.0,1.45,1.8818,50
14,64.0,1.45,0.3783,100
14,64.0,1.45,0.058199999999999995,200
15,67.0,1.87,2.9778999999999995,50
15,67.0,1.87,0.6692999999999999,100
15,67.0,1.87,0.11155,200
16,70.0,2.07,3.7927,50
16,70.0,2.07,1.1155,100
16,70.0,2.07,0.194,200
17,73.0,2.07,5.393199999999999,50
17,73.0,2.07,1.1252,100
17,73.0,2.07,0.097,200
18,76.0,4.56,4.7142,50
18,76.0,4.56,1.067,100
18,76.0,4.56,0.097,200
19,79.0,1.87,3.2495,50
19,79.0,1.87,1.1155,100
19,79.0,1.87,0.08729999999999999,200
20,82.0,3.11,3.4435,50
20,82.0,3.11,1.0767,100
20,82.0,3.11,0.13095,200
21,85.0,1.66,5.335,50
21,85.0,1.66,0.9409,100
21,85.0,1.66,0.2134,200
22,88.0,3.74,6.634799999999999,50
22,88.0,3.74,1.5714000000000001,100
22,88.0,3.74,0.23279999999999998,200
23,91.0,6.64,9.991,50
23,91.0,6.64,1.7557,100
23,91.0,6.64,0.3201,200
24,94.0,6.02,11.737,50
24,94.0,6.02,2.5608,100
24,94.0,6.02,0.39769999999999994,200
25,97.0,3.53,9.7,50
25,97.0,3.53,2.4832,100
25,97.0,3.53,0.6305,200
26,100.0,6.64,7.730899999999999,50
26,100.0,6.64,3.1525,100
26,100.0,6.64,0.9311999999999999,200
27,103.0,5.19,7.536899999999999,50
27,103.0,5.19,2.9488,100
27,103.0,5.19,0.873,200
28,106.0,8.3,6.3244,50
28,106.0,8.3,2.0952,100
28,106.0,8.3,0.6013999999999999,200
29,109.0,4.15,7.362299999999999,50
29,109.0,4.15,1.9594,100
29,109.0,4.15,0.4268,200
30,112.0,4.98,7.178,50
30,112.0,4.98,1.6393,100
30,112.0,4.98,0.4753,200
31,115.0,1.87,5.4029,50
31,115.0,1.87,1.6296,100
31,115.0,1.87,0.4462,200
32,118.0,4.15,4.946999999999999,50
32,118.0,4.15,1.2222,100
32,118.0,4.15,0.2425,200
33,121.0,1.45,3.6374999999999997,50
33,121.0,1.45,0.7081,100
33,121.0,1.45,0.0485,200
34,124.0,5.39,2.1146000000000003,50
34,124.0,5.39,0.3783,100
34,124.0,5.39,0.029099999999999997,200
35,127.0,2.7,1.455,50
35,127.0,2.7,0.4753,100
35,127.0,2.7,0.029099999999999997,200
36,130.0,3.32,1.8623999999999998,50
36,130.0,3.32,0.17459999999999998,100
36,130.0,3.32,0.0097,200
37,133.0,0.83,1.4744,50
37,133.0,0.83,0.1067,100
38,136.0,1.66,1.1737,50
38,136.0,1.66,0.014549999999999999,100
39,139.0,1.04,0.6208,50
40,142.0,0.41,0.36375,50
18,76.0,0.21,0.02425,50
19,79.0,0.41,0.1358,50
21,85.0,0.83,0.5335,50
22,88.0,0.21,1.2998,50
22,88.0,0.21,0.029099999999999997,100
23,91.0,1.25,1.552,50
23,91.0,1.25,0.14065,100
24,94.0,1.87,2.5705,50
24,94.0,1.87,0.33949999999999997,100
25,97.0,0.83,3.5793,50
25,97.0,0.83,0.41709999999999997,100
26,100.0,1.87,2.3668,50
26,100.0,1.87,0.582,100
26,100.0,1.87,0.03395,200
27,103.0,1.25,1.9108999999999998,50
27,103.0,1.25,0.6887,100
27,103.0,1.25,0.0679,200
28,106.0,2.08,1.8139,50
28,106.0,2.08,0.3201,100
28,106.0,2.08,0.12125,200
29,109.0,1.45,2.2795,50
29,109.0,1.45,0.3201,100
29,109.0,1.45,0.03395,200
30,112.0,0.41,2.0467,50
30,112.0,0.41,0.2231,100
30,112.0,0.41,0.043649999999999994,200
31,115.0,4.15,3.5114,50
31,115.0,4.15,0.46559999999999996,100
31,115.0,4.15,0.11155,200
32,118.0,3.53,2.6287,50
32,118.0,3.53,1.0573000000000001,100
32,118.0,3.53,0.07275,200
33,121.0,1.04,3.4532,50
33,121.0,1.04,0.3783,100
33,121.0,1.04,0.0194,200
34,124.0,1.66,3.1428000000000003,50
34,124.0,1.66,0.23279999999999998,100
34,124.0,1.66,0.0388,200
35,127.0,2.49,3.3077,50
35,127.0,2.49,0.7178,100
35,127.0,2.49,0.0388,200
36,130.0,3.11,4.9276,50
36,130.0,3.11,1.0088,100
36,130.0,3.11,0.07275,200
37,133.0,2.49,6.8579,50
37,133.0,2.49,1.1931,100
37,133.0,2.49,0.10185,200
38,136.0,2.49,7.2071,50
38,136.0,2.49,1.6296,100
38,136.0,2.49,0.1261,200
39,139.0,3.73,7.1974,50
39,139.0,3.73,1.7557,100
39,139.0,3.73,0.34919999999999995,200
40,142.0,3.94,5.7036,50
40,142.0,3.94,1.6586999999999998,100
40,142.0,3.94,0.39769999999999994,200
41,145.0,2.9,3.395,50
41,145.0,2.9,1.746,100
41,145.0,2.9,0.3201,200
42,148.0,2.08,3.0846,50
42,148.0,2.08,1.6975,100
42,148.0,2.08,0.291,200
43,151.0,3.53,4.3553,50
43,151.0,3.53,1.1252,100
43,151.0,3.53,0.17945,200
44,154.0,3.94,4.4814,50
44,154.0,3.94,1.1542999999999999,100
44,154.0,3.94,0.194,200
45,157.0,4.15,3.9091,50
45,157.0,4.15,1.261,100
45,157.0,4.15,0.18915,200
46,160.0,7.05,5.141,50
46,160.0,7.05,1.0864,100
46,160.0,7.05,0.33949999999999997,200
47,163.0,5.81,5.955799999999999,50
47,163.0,5.81,1.9788,100
47,163.0,5.81,0.4947,200
48,166.0,6.43,6.0722,50
48,166.0,6.43,2.4734999999999996,100
48,166.0,6.43,0.6692999999999999,200
49,169.0,4.56,8.3323,50
49,169.0,4.56,2.3377,100
49,169.0,4.56,0.6111,200
50,172.0,4.98,12.222,50
50,172.0,4.98,2.3862,100
50,172.0,4.98,0.6013999999999999,200
51,175.0,7.05,8.662099999999999,50
51,175.0,7.05,2.5996,100
51,175.0,7.05,0.6692999999999999,200
52,178.0,3.94,5.276800000000001,50
52,178.0,3.94,1.8235999999999999,100
52,178.0,3.94,0.5141,200
53,181.0,1.04,2.9391,50
53,181.0,1.04,1.0379,100
53,181.0,1.04,0.2813,200
54,184.0,0.83,1.9108999999999998,50
54,184.0,0.83,0.6402,100
54,184.0,0.83,0.2425,200
58,196.0,0.41,0.45589999999999997,50
58,196.0,0.41,0.34919999999999995,100
58,196.0,0.41,0.0679,200
11,55.0,0.21,0.0095,50
13,61.0,0.21,0.028499999999999998,50
19,79.0,0.41,0.0475,50
20,82.0,0.21,0.39899999999999997,50
20,82.0,0.21,0.019,100
21,85.0,1.25,1.444,50
21,85.0,1.25,0.028499999999999998,100
22,88.0,3.11,2.3655,50
22,88.0,3.11,0.209,100
22,88.0,3.11,0.00475,200
23,91.0,4.98,4.0565,50
23,91.0,4.98,0.4085,100
23,91.0,4.98,0.019,200
24,94.0,8.92,6.327,50
24,94.0,8.92,0.741,100
24,94.0,8.92,0.056999999999999995,200
25,97.0,4.98,11.399999999999999,50
25,97.0,4.98,1.8904999999999998,100
25,97.0,4.98,0.17575,200
26,100.0,10.16,14.44,50
26,100.0,10.16,5.13,100
26,100.0,10.16,0.5605,200
27,103.0,13.9,15.579999999999998,50
27,103.0,13.9,6.2604999999999995,100
27,103.0,13.9,1.4249999999999998,200
28,106.0,15.14,15.579999999999998,50
28,106.0,15.14,6.555,100
28,106.0,15.14,2.1185,200
29,109.0,6.43,17.67,50
29,109.0,6.43,7.068,100
29,109.0,6.43,2.4225,200
30,112.0,5.6,18.05,50
30,112.0,5.6,5.453,100
30,112.0,5.6,2.0235,200
31,115.0,4.77,15.105,50
31,115.0,4.77,3.61,100
31,115.0,4.77,1.216,200
32,118.0,5.19,10.545,50
32,118.0,5.19,2.5555,100
32,118.0,5.19,0.5795,200
33,121.0,3.94,5.89,50
33,121.0,3.94,2.0044999999999997,100
33,121.0,3.94,0.17575,200
34,124.0,2.07,3.154,50
34,124.0,2.07,1.1969999999999998,100
34,124.0,2.07,0.06175,200
35,127.0,2.7,2.4034999999999997,50
35,127.0,2.7,0.46549999999999997,100
35,127.0,2.7,0.038,200
36,130.0,1.25,2.375,50
36,130.0,1.25,0.09025,100
36,130.0,1.25,0.00475,200
37,133.0,1.66,1.387,50
37,133.0,1.66,0.042749999999999996,100
38,136.0,1.45,0.4275,50
38,136.0,1.45,0.02375,100
39,139.0,0.41,0.02375,50
39,139.0,0.41,0.0095,100
40,142.0,0.21,0.03325,50
40,142.0,0.21,0.0095,100
18,76.0,1.87,0.2064,50
19,79.0,0.62,2.5248,50
20,82.0,3.73,5.9136,50
20,82.0,3.73,0.0528,100
21,85.0,6.22,11.232,50
21,85.0,6.22,0.432,100
22,88.0,11.0,24.96,50
22,88.0,11.0,4.7136,100
22,88.0,11.0,0.043199999999999995,200
23,91.0,10.17,47.80799999999999,50
23,91.0,10.17,12.096,100
23,91.0,10.17,0.8256,200
24,94.0,9.75,49.248,50
24,94.0,9.75,29.856,100
24,94.0,9.75,6.7488,200
25,97.0,11.41,57.504,50
25,97.0,11.41,31.104,100
25,97.0,11.41,13.536,200
26,100.0,15.97,53.184,50
26,100.0,15.97,23.232,100
26,100.0,15.97,9.12,200
27,103.0,11.83,43.104,50
27,103.0,11.83,14.495999999999999,100
27,103.0,11.83,3.0528,200
28,106.0,12.56,19.296,50
28,106.0,12.56,4.329599999999999,100
28,106.0,12.56,0.6432,200
29,109.0,0.93,8.16,50
29,109.0,0.93,0.528,100
29,109.0,0.93,0.0288,200
30,112.0,0.62,3.9648,50
30,112.0,0.62,0.10079999999999999,100
31,115.0,0.62,3.2447999999999997,50
32,118.0,0.21,1.392,50
34,124.0,0.21,0.0096,50
35,127.0,0.21,0.033600000000000005,50
6,40.0,1.04,0.49,50
7,43.0,1.86,2.5578,50
7,43.0,1.86,0.034300000000000004,100
8,46.0,3.1,5.8604,50
8,46.0,3.1,0.294,100
8,46.0,3.1,0.034300000000000004,200
9,49.0,4.14,10.878,50
9,49.0,4.14,1.1172,100
9,49.0,4.14,0.1862,200
10,52.0,7.66,19.305999999999997,50
10,52.0,7.66,3.8415999999999997,100
10,52.0,7.66,0.49,200
11,55.0,5.38,36.358000000000004,50
11,55.0,5.38,8.7024,100
11,55.0,5.38,1.7149999999999999,200
12,58.0,12.42,37.436,50
12,58.0,12.42,14.504,100
12,58.0,12.42,3.2731999999999997,200
13,61.0,7.87,32.63399999999999,50
13,61.0,7.87,13.425999999999998,100
13,61.0,7.87,3.5966,200
14,64.0,9.94,27.93,50
14,64.0,9.94,9.0846,100
14,64.0,9.94,2.5382,200
15,67.0,6.83,22.834,50
15,67.0,6.83,8.1046,100
15,67.0,6.83,1.9502,200
16,70.0,8.9,29.204,50
16,70.0,8.9,6.3797999999999995,100
16,70.0,8.9,1.2446,200
17,73.0,6.62,16.072,50
17,73.0,6.62,3.871,100
17,73.0,6.62,0.5292,200
18,76.0,7.66,10.975999999999999,50
18,76.0,7.66,1.7247999999999999,100
18,76.0,7.66,0.147,200
19,79.0,5.18,5.7428,50
19,79.0,5.18,0.1666,100
19,79.0,5.18,0.0294,200
20,82.0,1.86,2.2148,50
20,82.0,1.86,0.0294,100
21,85.0,2.9,0.245,50
22,88.0,1.66,0.098,50
9,49.0,0.21,0.029099999999999997,50
10,52.0,0.21,0.029099999999999997,50
11,55.0,0.41,0.12125,50
12,58.0,0.41,0.3104,50
12,58.0,0.41,0.0097,100
13,61.0,0.21,1.2707,50
13,61.0,0.21,0.0097,100
14,64.0,2.28,1.8818,50
14,64.0,2.28,0.09215,100
15,67.0,2.9,2.9682,50
15,67.0,2.9,0.2716,100
16,70.0,4.14,5.3641000000000005,50
16,70.0,4.14,0.3783,100
17,73.0,3.73,9.2635,50
17,73.0,3.73,1.5907999999999998,100
17,73.0,3.73,0.024,200
18,76.0,6.21,17.169,50
18,76.0,6.21,3.4046999999999996,100
18,76.0,6.21,0.5376000000000001,200
19,79.0,7.25,23.28,50
19,79.0,7.25,5.1216,100
19,79.0,7.25,1.152,200
20,82.0,7.45,25.996,50
20,82.0,7.45,7.0519,100
20,82.0,7.45,2.016,200
21,85.0,7.04,33.659,50
21,85.0,7.04,10.67,100
21,85.0,7.04,3.6768,200
22,88.0,6.62,33.659,50
22,88.0,6.62,12.028,100
22,88.0,6.62,4.1568,200
23,91.0,9.52,25.898999999999997,50
23,91.0,9.52,10.282,100
23,91.0,9.52,3.1487999999999996,200
24,94.0,7.45,20.273,50
24,94.0,7.45,7.5950999999999995,100
24,94.0,7.45,1.6032,200
25,97.0,8.07,15.52,50
25,97.0,8.07,4.0061,100
25,97.0,8.07,0.8448,200
26,100.0,8.07,13.289,50
26,100.0,8.07,2.3085999999999998,100
26,100.0,8.07,0.3744,200
27,103.0,6.0,8.099499999999999,50
27,103.0,6.0,0.6402,100
27,103.0,6.0,0.17279999999999998,200
28,106.0,4.97,3.8121,50
28,106.0,4.97,0.2231,100
28,106.0,4.97,0.0384,200
29,109.0,2.69,1.5229,50
29,109.0,2.69,0.029099999999999997,100
29,109.0,2.69,0.0192,200
30,112.0,1.66,0.582,50
31,115.0,1.04,0.4462,50
32,118.0,1.04,0.08729999999999999,50
6,40.0,1.66,0.3038,50
7,43.0,3.83,2.0482,50
7,43.0,3.83,0.0392,100
7,43.0,3.83,0.014549999999999999,200
8,46.0,6.82,8.7024,50
8,46.0,6.82,1.4994,100
8,46.0,6.82,0.5917,200
9,49.0,10.48,33.711999999999996,50
9,49.0,10.48,10.29,100
9,49.0,10.48,8.487499999999999,200
10,52.0,12.98,75.75399999999999,50
10,52.0,12.98,38.318,100
10,52.0,12.98,24.347,200
11,55.0,15.81,128.38,50
11,55.0,15.81,66.346,100
11,55.0,15.81,21.146,200
12,58.0,12.98,113.67999999999999,50
12,58.0,12.98,42.728,100
12,58.0,12.98,11.931000000000001,200
13,61.0,12.14,56.839999999999996,50
13,61.0,12.14,28.616,100
13,61.0,12.14,3.3562,200
14,64.0,9.15,40.278,50
14,64.0,9.15,21.07,100
14,64.0,9.15,2.1728,200
15,67.0,5.99,50.273999999999994,50
15,67.0,5.99,14.308,100
15,67.0,5.99,1.0573000000000001,200
16,70.0,3.99,51.94,50
16,70.0,3.99,9.995999999999999,100
16,70.0,3.99,0.4365,200
17,73.0,1.83,32.83,50
17,73.0,1.83,6.6542,100
17,73.0,1.83,0.03395,200
18,76.0,1.0,17.052,50
18,76.0,1.0,2.3324,100
19,79.0,1.0,4.067,50
19,79.0,1.0,0.8526,100
20,82.0,0.17,1.7836,50
20,82.0,0.17,0.0588,100
22,88.0,0.17,0.0245,50
17,73.0,0.83,0.07125,50
18,76.0,0.33,0.9119999999999999,50
19,79.0,0.83,3.3914999999999997,50
19,79.0,0.83,0.0188,100
20,82.0,1.0,13.299999999999999,50
20,82.0,1.0,0.11279999999999998,100
21,85.0,1.83,18.335,50
21,85.0,1.83,1.269,100
21,85.0,1.83,0.014099999999999998,200
22,88.0,5.49,20.71,50
22,88.0,5.49,5.0854,100
22,88.0,5.49,0.3196,200
23,91.0,14.97,35.625,50
23,91.0,14.97,16.732,100
23,91.0,14.97,1.7296,200
24,94.0,11.65,37.43,50
24,94.0,11.65,26.414,100
24,94.0,11.65,6.222799999999999,200
25,97.0,20.3,39.045,50
25,97.0,20.3,28.482,100
25,97.0,20.3,10.34,200
26,100.0,11.65,37.809999999999995,50
26,100.0,11.65,24.534,100
26,100.0,11.65,8.6574,200
27,103.0,10.48,30.304999999999996,50
27,103.0,10.48,17.107999999999997,100
27,103.0,10.48,4.5684000000000005,200
28,106.0,9.98,19.285,50
28,106.0,9.98,7.482399999999999,100
28,106.0,9.98,2.6695999999999995,200
29,109.0,5.32,13.68,50
29,109.0,5.32,2.2935999999999996,100
29,109.0,5.32,0.44179999999999997,200
30,112.0,1.83,5.358,50
30,112.0,1.83,0.3008,100
30,112.0,1.83,0.0235,200
31,115.0,2.0,0.589,50
31,115.0,2.0,0.0235,100
32,118.0,0.5,0.11399999999999999,50
19,79.0,0.16,2.6771999999999996,50
19,79.0,0.16,0.06305,100
20,82.0,1.93,13.968,50
20,82.0,1.93,1.8623999999999998,100
20,82.0,1.93,0.06720000000000001,200
21,85.0,5.0,29.197,50
21,85.0,5.0,8.924,100
21,85.0,5.0,0.9888,200
22,88.0,13.39,38.897,50
22,88.0,13.39,21.146,100
22,88.0,13.39,6.0767999999999995,200
23,91.0,20.32,39.867,50
23,91.0,20.32,33.174,100
23,91.0,20.32,11.808,200
24,94.0,20.97,40.546,50
24,94.0,20.97,34.629000000000005,100
24,94.0,20.97,15.072,200
25,97.0,16.93,36.278,50
25,97.0,16.93,26.481,100
25,97.0,16.93,9.984,200
26,100.0,8.23,22.697999999999997,50
26,100.0,8.23,7.7115,100
26,100.0,8.23,1.3727999999999998,200
27,103.0,7.1,9.893999999999998,50
27,103.0,7.1,0.7566,100
27,103.0,7.1,0.08639999999999999,200
28,106.0,3.23,1.4064999999999999,50
28,106.0,3.23,0.08245000000000001,100
28,106.0,3.23,0.0144,200
29,109.0,1.45,0.097,50
29,109.0,1.45,0.0097,100
30,112.0,0.32,0.029099999999999997,50
31,115.0,0.97,0.029099999999999997,50
10,52.0,0.17,3.4593999999999996,50
10,52.0,0.17,0.098,100
11,55.0,0.33,10.192,50
11,55.0,0.33,0.8133999999999999,100
12,58.0,0.5,13.524000000000001,50
12,58.0,0.5,3.6946,100
12,58.0,0.5,0.05445,200
13,61.0,1.33,22.344,50
13,61.0,1.33,8.712200000000001,100
13,61.0,1.33,0.3267,200
14,64.0,4.31,32.83,50
14,64.0,4.31,13.23,100
14,64.0,4.31,1.9898999999999998,200
15,67.0,6.8,44.394,50
15,67.0,6.8,17.346,100
15,67.0,6.8,6.4548,200
16,70.0,6.8,37.436,50
16,70.0,6.8,19.502,100
16,70.0,6.8,7.2963000000000005,200
17,73.0,12.27,34.986000000000004,50
17,73.0,12.27,14.112,100
17,73.0,12.27,4.158,200
18,76.0,13.76,32.144,50
18,76.0,13.76,14.7196,100
18,76.0,13.76,4.969799999999999,200
19,79.0,16.25,31.556,50
19,79.0,16.25,18.228,100
19,79.0,16.25,5.1876,200
20,82.0,13.43,26.46,50
20,82.0,13.43,17.444,100
20,82.0,13.43,4.9104,200
21,85.0,14.43,22.344,50
21,85.0,14.43,10.682,100
21,85.0,14.43,4.1481,200
22,88.0,6.14,28.125999999999998,50
22,88.0,6.14,12.74,100
22,88.0,6.14,4.158,200
23,91.0,1.82,20.482,50
23,91.0,1.82,10.682,100
23,91.0,1.82,3.3759,200
24,94.0,1.16,71.53999999999999,50
24,94.0,1.16,2.6557999999999997,100
24,94.0,1.16,0.9306,200
25,97.0,0.5,4.3512,50
25,97.0,0.5,0.5292,100
25,97.0,0.5,0.03465,200
26,100.0,0.83,0.6816,50
27,103.0,1.0,2.7168,50
27,103.0,1.0,0.0912,100
28,106.0,4.33,4.896,50
28,106.0,4.33,0.7296,100
29,109.0,3.83,9.3696,50
29,109.0,3.83,5.6064,100
29,109.0,3.83,0.6402,200
30,112.0,4.5,13.152,50
30,112.0,4.5,10.848,100
30,112.0,4.5,4.0061,200
31,115.0,15.17,24.48,50
31,115.0,15.17,10.655999999999999,100
31,115.0,15.17,7.2943999999999996,200
32,118.0,20.17,24.768,50
32,118.0,20.17,18.336000000000002,100
32,118.0,20.17,12.61,200
33,121.0,22.67,24.863999999999997,50
33,121.0,22.67,21.983999999999998,100
33,121.0,22.67,17.266000000000002,200
34,124.0,17.5,16.703999999999997,50
34,124.0,17.5,24.096,100
34,124.0,17.5,12.998,200
35,127.0,8.17,4.0704,50
35,127.0,8.17,5.289599999999999,100
35,127.0,8.17,0.16490000000000002,200
36,130.0,1.5,0.17279999999999998,50
36,130.0,1.5,0.2496,100
37,133.0,0.33,0.0096,50
37,133.0,0.33,0.0048,100
30,112.0,0.17,0.384,50
30,112.0,0.17,0.0097,100
31,115.0,2.32,7.459199999999999,50
31,115.0,2.32,0.058199999999999995,100
31,115.0,2.32,0.0194,200
32,118.0,1.99,16.703999999999997,50
32,118.0,1.99,2.231,100
32,118.0,1.99,0.014549999999999999,200
33,121.0,6.62,23.712,50
33,121.0,6.62,9.893999999999998,100
33,121.0,6.62,0.1455,200
34,124.0,7.78,22.656,50
34,124.0,7.78,12.416,100
34,124.0,7.78,2.5996,200
35,127.0,18.87,22.656,50
35,127.0,18.87,18.139,100
35,127.0,18.87,4.5202,200
36,130.0,17.88,25.919999999999998,50
36,130.0,17.88,23.571,100
36,130.0,17.88,6.7803,200
37,133.0,13.41,18.72,50
37,133.0,13.41,19.691,100
37,133.0,13.41,9.796999999999999,200
38,136.0,10.1,12.0,50
38,136.0,10.1,12.706999999999999,100
38,136.0,10.1,11.931000000000001,200
39,139.0,9.93,10.559999999999999,50
39,139.0,9.93,8.0801,100
39,139.0,9.93,10.961,200
40,142.0,3.48,10.751999999999999,50
40,142.0,3.48,6.401999999999999,100
40,142.0,3.48,10.767,200
41,145.0,4.3,11.904,50
41,145.0,4.3,6.0625,100
41,145.0,4.3,7.5854,200
42,148.0,2.98,7.8144,50
42,148.0,2.98,6.683299999999999,100
42,148.0,2.98,6.683299999999999,200
43,151.0,0.17,5.5008,50
43,151.0,0.17,9.7,100
43,151.0,0.17,7.469,200
23,91.0,0.62,0.14209999999999998,50
23,91.0,0.62,0.0049,100
24,94.0,0.41,0.5978,50
24,94.0,0.41,0.0098,100
25,97.0,2.29,1.813,50
25,97.0,2.29,0.049,100
26,100.0,2.91,4.8902,50
26,100.0,2.91,0.0441,100
27,103.0,8.11,8.1732,50
27,103.0,8.11,1.6267999999999998,100
27,103.0,8.11,0.0833,200
28,106.0,7.28,12.347999999999999,50
28,106.0,7.28,2.8811999999999998,100
28,106.0,7.28,0.3724,200
29,109.0,8.73,19.502,50
29,109.0,8.73,4.8902,100
29,109.0,8.73,1.1074,200
30,112.0,7.9,20.188000000000002,50
30,112.0,7.9,6.1152,100
30,112.0,7.9,1.6365999999999998,200
31,115.0,10.6,19.11,50
31,115.0,10.6,7.1049999999999995,100
31,115.0,10.6,2.8322000000000003,200
32,118.0,13.31,17.15,50
32,118.0,13.31,8.036,100
32,118.0,13.31,2.5676,200
33,121.0,8.73,17.738,50
33,121.0,8.73,7.8595999999999995,100
33,121.0,8.73,2.8126,200
34,124.0,7.28,19.6,50
34,124.0,7.28,7.3402,100
34,124.0,7.28,2.2442,200
35,127.0,8.73,17.541999999999998,50
35,127.0,8.73,5.203799999999999,100
35,127.0,8.73,1.1858,200
36,130.0,3.74,13.034,50
36,130.0,3.74,2.6362,100
36,130.0,3.74,0.22540000000000002,200
37,133.0,3.33,8.3986,50
37,133.0,3.33,0.7742,100
37,133.0,3.33,0.0245,200
38,136.0,1.66,3.6357999999999997,50
38,136.0,1.66,0.1666,100
39,139.0,2.08,0.9506,50
39,139.0,2.08,0.0098,100
40,142.0,0.21,0.1568,50
40,142.0,0.21,0.0049,100
41,145.0,0.21,0.0196,50
25,97.0,0.21,0.0441,50
26,100.0,0.42,0.441,50
27,103.0,0.83,0.45080000000000003,50
28,106.0,0.42,0.392,50
29,109.0,1.24,0.3234,50
29,109.0,1.24,0.0624,100
30,112.0,1.04,0.294,50
30,112.0,1.04,0.144,100
31,115.0,0.83,0.6761999999999999,50
31,115.0,0.83,0.1104,100
31,115.0,0.83,0.014549999999999999,200
32,118.0,2.07,1.0192,50
32,118.0,2.07,0.192,100
32,118.0,2.07,0.014549999999999999,200
33,121.0,3.11,2.4696,50
33,121.0,3.11,0.4992,100
33,121.0,3.11,0.014549999999999999,200
34,124.0,3.11,5.252800000000001,50
34,124.0,3.11,0.7008,100
34,124.0,3.11,0.17459999999999998,200
35,127.0,7.26,7.683199999999999,50
35,127.0,7.26,1.8239999999999998,100
35,127.0,7.26,0.6692999999999999,200
36,130.0,9.13,10.975999999999999,50
36,130.0,9.13,2.8415999999999997,100
36,130.0,9.13,0.9311999999999999,200
37,133.0,11.62,16.561999999999998,50
37,133.0,11.62,3.1104000000000003,100
37,133.0,11.62,1.1058,200
38,136.0,7.88,17.15,50
38,136.0,7.88,3.8975999999999993,100
38,136.0,7.88,1.1834,200
39,139.0,9.13,13.034,50
39,139.0,9.13,4.6656,100
39,139.0,9.13,1.1252,200
40,142.0,10.15,11.27,50
40,142.0,10.15,3.5999999999999996,100
40,142.0,10.15,0.97,200
41,145.0,7.47,10.388,50
41,145.0,7.47,3.504,100
41,145.0,7.47,0.873,200
42,148.0,4.56,9.6138,50
42,148.0,4.56,2.6976,100
42,148.0,4.56,0.6402,200
43,151.0,3.32,9.3002,50
43,151.0,3.32,2.4863999999999997,100
43,151.0,3.32,0.485,200
44,154.0,4.36,9.7804,50
44,154.0,4.36,1.8623999999999998,100
44,154.0,4.36,0.5238,200
45,157.0,3.11,8.5456,50
45,157.0,3.11,0.7968,100
45,157.0,3.11,0.2522,200
46,160.0,2.49,4.165,50
46,160.0,2.49,0.3264,100
46,160.0,2.49,0.1552,200
47,163.0,1.04,3.6162,50
47,163.0,1.04,0.5856,100
47,163.0,1.04,0.0097,200
48,166.0,1.04,2.7243999999999997,50
48,166.0,1.04,0.3744,100
49,169.0,1.66,1.2152,50
49,169.0,1.66,0.45119999999999993,100
50,172.0,0.62,0.6761999999999999,50
50,172.0,0.62,0.2592,100
51,175.0,0.21,0.6272,50
51,175.0,0.21,0.0144,100
52,178.0,0.42,0.3136,50
52,178.0,0.42,0.0144,100
12,58.0,0.83,0.1056,50
13,61.0,1.33,4.6368,50
13,61.0,1.33,0.028499999999999998,100
14,64.0,2.99,14.591999999999999,50
14,64.0,2.99,3.344,100
15,67.0,6.99,39.168,50
15,67.0,6.99,11.114999999999998,100
15,67.0,6.99,0.285,200
16,70.0,10.48,45.504,50
16,70.0,10.48,26.41,100
16,70.0,10.48,8.901499999999999,200
17,73.0,11.31,49.248,50
17,73.0,11.31,39.33,100
17,73.0,11.31,20.9,200
18,76.0,14.31,33.312000000000005,50
18,76.0,14.31,21.09,100
18,76.0,14.31,9.69,200
19,79.0,18.47,25.727999999999998,50
19,79.0,18.47,7.9705,100
19,79.0,18.47,2.2705,200
20,82.0,11.15,16.128,50
20,82.0,11.15,3.61,100
20,82.0,11.15,1.0735,200
21,85.0,6.49,24.863999999999997,50
21,85.0,6.49,8.5215,100
21,85.0,6.49,2.3655,200
22,88.0,4.33,18.72,50
22,88.0,4.33,11.21,100
22,88.0,4.33,4.4175,200
23,91.0,2.83,16.8,50
23,91.0,2.83,7.172499999999999,100
23,91.0,2.83,3.287,200
24,94.0,2.33,7.9104,50
24,94.0,2.33,4.75,100
24,94.0,2.33,0.7979999999999999,200
25,97.0,2.33,2.9856,50
25,97.0,2.33,0.627,100
25,97.0,2.33,0.19949999999999998,200
26,100.0,2.33,1.152,50
26,100.0,2.33,0.019,100
27,103.0,0.83,0.0576,50
14,64.0,0.17,0.0144,50
15,67.0,0.33,0.1536,50
15,67.0,0.33,0.0192,100
16,70.0,0.5,2.112,50
16,70.0,0.5,0.0384,100
16,70.0,0.5,0.014549999999999999,200
17,73.0,0.83,7.651199999999999,50
17,73.0,0.83,0.1584,100
17,73.0,0.83,0.029099999999999997,200
18,76.0,1.5,14.688,50
18,76.0,1.5,0.8256,100
18,76.0,1.5,0.0194,200
19,79.0,3.16,28.416,50
19,79.0,3.16,5.0112,100
19,79.0,3.16,0.3201,200
20,82.0,6.31,45.888,50
20,82.0,6.31,13.152,100
20,82.0,6.31,1.8042,200
21,85.0,8.8,58.367999999999995,50
21,85.0,8.8,21.311999999999998,100
21,85.0,8.8,5.2283,200
22,88.0,17.77,65.75999999999999,50
22,88.0,17.77,34.943999999999996,100
22,88.0,17.77,12.028,200
23,91.0,18.6,61.248,50
23,91.0,18.6,33.216,100
23,91.0,18.6,15.907999999999998,200
24,94.0,19.1,40.416,50
24,94.0,19.1,17.471999999999998,100
24,94.0,19.1,8.4099,200
25,97.0,9.3,16.991999999999997,50
25,97.0,9.3,7.824,100
25,97.0,9.3,2.7548,200
26,100.0,8.14,6.287999999999999,50
26,100.0,8.14,1.6703999999999999,100
26,100.0,8.14,0.32980000000000004,200
27,103.0,4.32,3.1968,50
27,103.0,4.32,0.3648,100
27,103.0,4.32,0.03395,200
28,106.0,0.66,0.6816,50
28,106.0,0.66,0.06720000000000001,100
29,109.0,0.17,0.0144,50
54,102.0,2.91,4.905,50
56,105.0,3.75,26.28,50
56,105.0,3.75,0.6048,100
58,108.0,3.33,124.2,50
58,108.0,3.33,7.308,100
60,111.0,9.58,253.8,50
60,111.0,9.58,45.45,100
60,111.0,9.58,1.62,200
62,114.0,14.17,411.3,50
62,114.0,14.17,126.9,100
62,114.0,14.17,18.63,200
64,117.0,12.92,423.90000000000003,50
64,117.0,12.92,243.0,100
64,117.0,12.92,67.32,200
66,120.0,25.42,405.0,50
66,120.0,25.42,256.5,100
66,120.0,25.42,105.3,200
68,123.0,8.33,393.3,50
68,123.0,8.33,171.0,100
68,123.0,8.33,49.41,200
70,126.0,6.25,231.3,50
70,126.0,6.25,48.51,100
70,126.0,6.25,5.364,200
72,129.0,5.0,76.5,50
72,129.0,5.0,5.535,100
72,129.0,5.0,0.2079,200
74,132.0,2.91,22.05,50
74,132.0,2.91,0.6768000000000001,100
76,135.0,0.83,1.512,50
76,135.0,0.83,0.0954,100
24,57.0,0.42,0.08372,50
28,63.0,0.42,4.1769,50
28,63.0,0.42,0.10647000000000001,100
30,66.0,1.66,12.922,50
30,66.0,1.66,0.5960500000000001,100
32,69.0,2.49,27.209,50
32,69.0,2.49,2.1658,100
32,69.0,2.49,0.22932,200
34,72.0,2.07,47.502,50
34,72.0,2.07,6.9888,100
34,72.0,2.07,0.77532,200
36,75.0,1.66,61.971,50
36,75.0,1.66,9.828000000000001,100
36,75.0,1.66,1.6198000000000001,200
38,78.0,4.98,69.97900000000001,50
38,78.0,4.98,15.106000000000002,100
38,78.0,4.98,2.4843,200
40,81.0,4.56,77.441,50
40,81.0,4.56,18.108999999999998,100
40,81.0,4.56,3.4489,200
42,84.0,6.64,84.721,50
42,84.0,6.64,19.474,100
42,84.0,6.64,4.4135,200
44,87.0,4.56,81.718,50
44,87.0,4.56,20.748,100
44,87.0,4.56,4.9504,200
46,90.0,5.81,147.42000000000002,50
46,90.0,5.81,19.929,100
46,90.0,5.81,4.4498999999999995,200
48,93.0,7.88,104.65,50
48,93.0,7.88,20.93,100
48,93.0,7.88,5.2325,200
50,96.0,5.39,93.73,50
50,96.0,5.39,20.475,100
50,96.0,5.39,5.005,200
52,99.0,6.22,88.90700000000001,50
52,99.0,6.22,20.111,100
52,99.0,6.22,5.223400000000001,200
54,102.0,8.71,100.10000000000001,50
54,102.0,8.71,18.655,100
54,102.0,8.71,5.1688,200
56,105.0,9.54,86.35900000000001,50
56,105.0,9.54,16.926000000000002,100
56,105.0,9.54,4.267900000000001,200
58,108.0,6.22,59.878,50
58,108.0,6.22,18.108999999999998,100
58,108.0,6.22,3.2669,200
60,111.0,2.49,37.219,50
60,111.0,2.49,11.011,100
60,111.0,2.49,1.7472,200
62,114.0,2.07,27.755000000000003,50
62,114.0,2.07,8.645,100
62,114.0,2.07,2.0747999999999998,200
64,117.0,2.91,27.937,50
64,117.0,2.91,6.8523000000000005,100
64,117.0,2.91,1.5106,200
66,120.0,4.15,16.471,50
66,120.0,4.15,4.1223,100
66,120.0,4.15,0.9737000000000001,200
68,123.0,3.32,8.6541,50
68,123.0,3.32,1.7199,100
68,123.0,3.32,1.1466,200
70,126.0,1.25,6.124300000000001,50
70,126.0,1.25,1.7017000000000002,100
70,126.0,1.25,0.76531,200
72,129.0,1.25,3.5945000000000005,50
72,129.0,1.25,1.5743,100
72,129.0,1.25,0.44681,200
74,132.0,0.83,6.8341,50
74,132.0,0.83,2.2659000000000002,100
74,132.0,0.83,0.27391,200
76,135.0,1.25,9.646,50
76,135.0,1.25,1.9110000000000003,100
76,135.0,1.25,0.07189000000000001,200
78,138.0,0.42,9.555,50
78,138.0,0.42,0.36400000000000005,100
80,141.0,0.83,3.9949,50
80,141.0,0.83,0.12194,100
50,96.0,1.25,0.45198,50
52,99.0,0.83,0.5728800000000001,50
54,102.0,1.25,4.017600000000001,50
56,105.0,2.5,11.067,50
56,105.0,2.5,0.18879,100
58,108.0,3.33,19.623,50
58,108.0,3.33,1.2462000000000002,100
58,108.0,3.33,0.03534,200
60,111.0,2.5,41.664,50
60,111.0,2.5,4.1943,100
60,111.0,2.5,0.24738000000000002,200
62,114.0,7.5,76.353,50
62,114.0,7.5,20.367,100
62,114.0,7.5,1.9344000000000001,200
64,117.0,5.42,112.53,50
64,117.0,5.42,34.038000000000004,100
64,117.0,5.42,7.719000000000001,200
66,120.0,9.17,143.22,50
66,120.0,9.17,52.638000000000005,100
66,120.0,9.17,15.159,200
68,123.0,5.0,221.34,50
68,123.0,5.0,64.914,100
68,123.0,5.0,18.972,200
70,126.0,10.0,243.66000000000003,50
70,126.0,10.0,68.727,100
70,126.0,10.0,20.739,200
72,129.0,10.83,190.65,50
72,129.0,10.83,54.963,100
72,129.0,10.83,18.693,200
74,132.0,9.17,126.48,50
74,132.0,9.17,41.664,100
74,132.0,9.17,9.579,200
76,135.0,5.42,102.30000000000001,50
76,135.0,5.42,23.622,100
76,135.0,5.42,3.0132000000000003,200
78,138.0,7.5,80.44500000000001,50
78,138.0,7.5,12.369000000000002,100
78,138.0,7.5,0.79515,200
80,141.0,6.25,36.549,50
80,141.0,6.25,3.5712,100
80,141.0,6.25,0.09486,200
82,144.0,4.58,15.624000000000002,50
82,144.0,4.58,0.47337,100
84,147.0,2.92,5.5893,50
84,147.0,2.92,0.16647,100
86,150.0,2.08,2.6691000000000003,50
86,150.0,2.08,0.05673,100
88,153.0,1.66,0.65658,50
92,159.0,0.42,0.043710000000000006,50
32,69.0,0.83,4.857600000000001,50
32,69.0,0.83,1.9043999999999999,100
32,69.0,0.83,0.08832000000000001,200
34,72.0,1.67,6.4308000000000005,50
34,72.0,1.67,2.9348,100
34,72.0,1.67,0.2024,200
36,75.0,3.33,23.368,50
36,75.0,3.33,7.4428,100
36,75.0,3.33,1.6284,200
38,78.0,5.0,47.012,50
38,78.0,5.0,16.744,100
38,78.0,5.0,4.2780000000000005,200
40,81.0,6.67,92.0,50
40,81.0,6.67,30.176,100
40,81.0,6.67,6.21,200
42,84.0,7.92,115.92,50
42,84.0,7.92,39.836,100
42,84.0,7.92,11.040000000000001,200
44,87.0,5.42,149.04000000000002,50
44,87.0,5.42,14.812000000000001,100
44,87.0,5.42,13.064,200
46,90.0,5.83,172.04000000000002,50
46,90.0,5.83,50.508,100
46,90.0,5.83,11.776000000000002,200
48,93.0,8.75,175.72,50
48,93.0,8.75,48.02400000000001,100
48,93.0,8.75,10.396,200
50,96.0,9.58,157.32,50
50,96.0,9.58,39.1,100
50,96.0,9.58,9.568000000000001,200
52,99.0,4.17,106.72,50
52,99.0,4.17,27.876,100
52,99.0,4.17,7.544,200
54,102.0,5.0,92.92,50
54,102.0,5.0,22.540000000000003,100
54,102.0,5.0,4.5632,200
56,105.0,8.33,88.872,50
56,105.0,8.33,18.584,100
56,105.0,8.33,5.1336,200
58,108.0,5.42,20.516000000000002,100
58,108.0,5.42,4.5632,200
60,111.0,5.0,106.72,50
60,111.0,5.0,20.976000000000003,100
60,111.0,5.0,4.0572,200
62,114.0,0.42,103.96000000000001,50
62,114.0,0.42,19.78,100
62,114.0,0.42,3.5328,200
64,117.0,2.08,86.94,50
64,117.0,2.08,16.192000000000004,100
64,117.0,2.08,2.806,200
66,120.0,1.25,86.664,50
66,120.0,1.25,13.064,100
66,120.0,1.25,2.4748,200
68,123.0,2.92,65.596,50
68,123.0,2.92,15.180000000000001,100
68,123.0,2.92,1.7756,200
70,126.0,2.08,47.748,50
70,126.0,2.08,6.3112,100
70,126.0,2.08,0.874,200
72,129.0,2.5,27.048,50
72,129.0,2.5,3.91,100
72,129.0,2.5,0.5612,200
74,132.0,2.08,8.280000000000001,50
74,132.0,2.08,3.3396,100
74,132.0,2.08,0.3772,200
76,135.0,2.08,7.488800000000001,50
76,135.0,2.08,2.116,100
76,135.0,2.08,0.18124,200
78,138.0,0.42,7.645200000000001,50
78,138.0,0.42,1.0672,100
82,144.0,0.83,2.7048,50
82,144.0,0.83,0.31648,100
84,147.0,0.42,4.2504,50
84,147.0,0.42,0.23276000000000002,100
40,81.0,0.83,1.2416,50
42,84.0,1.24,5.393199999999999,50
44,87.0,2.9,21.243,50
44,87.0,2.9,0.16490000000000002,100
46,90.0,3.32,40.157999999999994,50
46,90.0,3.32,6.6735999999999995,100
48,93.0,7.88,102.82,50
48,93.0,7.88,14.841000000000001,100
50,96.0,9.13,184.29999999999998,50
50,96.0,9.13,75.175,100
50,96.0,9.13,2.0467,200
52,99.0,9.96,307.49,50
52,99.0,9.96,183.32999999999998,100
52,99.0,9.96,19.691,200
54,102.0,14.52,315.25,50
54,102.0,14.52,264.81,100
54,102.0,14.52,99.91,200
56,105.0,18.25,411.28,50
56,105.0,18.25,274.51,100
56,105.0,18.25,132.89,200
58,108.0,8.3,479.18,50
58,108.0,8.3,248.32,100
58,108.0,8.3,73.235,200
60,111.0,6.64,414.19,50
60,111.0,6.64,202.73,100
60,111.0,6.64,29.876,200
62,114.0,7.88,374.42,50
62,114.0,7.88,68.676,100
62,114.0,7.88,2.1728,200
64,117.0,2.9,274.51,50
64,117.0,2.9,19.206,100
64,117.0,2.9,0.33368,200
66,120.0,3.32,117.36999999999999,50
66,120.0,3.32,2.3959,100
68,123.0,0.83,19.302999999999997,50
68,123.0,0.83,0.6508700000000001,100
70,126.0,0.42,0.7148899999999999,50
70,126.0,0.42,0.23182999999999998,100
72,129.0,0.42,0.37345,50
72,129.0,0.42,0.1552,100
74,132.0,0.42,0.16102,100
30,66.0,1.25,0.96,50
32,69.0,2.92,5.0592,50
34,72.0,5.42,13.728,50
36,75.0,3.33,16.703999999999997,50
36,75.0,3.33,0.41568,100
38,78.0,11.25,33.696,50
38,78.0,11.25,1.2768,100
38,78.0,11.25,0.03744,200
40,81.0,7.08,63.16799999999999,50
40,81.0,7.08,8.3424,100
40,81.0,7.08,0.53952,200
42,84.0,8.33,102.72,50
42,84.0,8.33,25.248,100
42,84.0,8.33,2.6784,200
44,87.0,7.08,141.12,50
44,87.0,7.08,48.672000000000004,100
44,87.0,7.08,8.544,200
46,90.0,11.67,196.79999999999998,50
46,90.0,11.67,59.616,100
46,90.0,11.67,18.816,200
48,93.0,10.42,257.28,50
48,93.0,10.42,86.304,100
48,93.0,10.42,27.264,200
50,96.0,7.91,231.35999999999999,50
50,96.0,7.91,76.512,100
50,96.0,7.91,19.68,200
52,99.0,6.67,201.6,50
52,99.0,6.67,61.727999999999994,100
52,99.0,6.67,15.456000000000001,200
54,102.0,5.42,178.56,50
54,102.0,5.42,53.087999999999994,100
54,102.0,5.42,13.92,200
56,105.0,3.75,167.04,50
56,105.0,3.75,48.672000000000004,100
56,105.0,3.75,11.328,200
58,108.0,0.83,139.2,50
58,108.0,0.83,36.96,100
58,108.0,0.83,8.092799999999999,200
60,111.0,1.67,84.768,50
60,111.0,1.67,19.296,100
60,111.0,1.67,3.5328,200
62,114.0,1.25,36.384,50
62,114.0,1.25,8.4384,100
62,114.0,1.25,0.63552,200
64,117.0,0.42,11.04,50
64,117.0,0.42,1.5743999999999998,100
64,117.0,0.42,0.192,200
24,57.0,0.83,0.5326799999999999,50
26,60.0,2.08,2.7968,50
28,63.0,2.08,4.9036,50
28,63.0,2.08,0.1978,100
30,66.0,4.16,17.48,50
30,66.0,4.16,0.8556,100
32,69.0,6.25,28.796000000000003,50
32,69.0,6.25,2.99,100
32,69.0,6.25,0.053360000000000005,200
34,72.0,6.67,36.708,50
34,72.0,6.67,7.8476,100
34,72.0,6.67,0.22448,200
36,75.0,2.92,53.912000000000006,50
36,75.0,2.92,13.892,100
36,75.0,2.92,1.4996,200
38,78.0,9.17,82.524,50
38,78.0,9.17,19.136000000000003,100
38,78.0,9.17,4.002,200
40,81.0,9.58,104.88000000000001,50
40,81.0,9.58,23.828,100
40,81.0,9.58,6.6792,200
42,84.0,10.42,103.04,50
42,84.0,10.42,36.708,100
42,84.0,10.42,8.307599999999999,200
44,87.0,7.08,97.52000000000001,50
44,87.0,7.08,32.936,100
44,87.0,7.08,12.604,200
46,90.0,6.67,95.68,50
46,90.0,6.67,32.476,100
46,90.0,6.67,11.040000000000001,200
48,93.0,6.67,84.916,50
48,93.0,6.67,32.016,100
48,93.0,6.67,7.709600000000001,200
50,96.0,7.5,93.84,50
50,96.0,7.5,24.012000000000004,100
50,96.0,7.5,4.977200000000001,200
52,99.0,5.0,83.90400000000001,50
52,99.0,5.0,14.168000000000001,100
52,99.0,5.0,2.7600000000000002,200
54,102.0,3.75,45.172000000000004,50
54,102.0,3.75,7.406000000000001,100
54,102.0,3.75,1.2236,200
56,105.0,3.75,26.68,50
56,105.0,3.75,4.2872,100
56,105.0,3.75,0.5750000000000001,200
58,108.0,2.08,12.788,50
58,108.0,2.08,2.0332,100
58,108.0,2.08,0.21988,200
60,111.0,0.42,9.844,50
60,111.0,0.42,0.46,100
62,114.0,1.67,5.4096,50
62,114.0,1.67,0.059800000000000006,100
30,66.0,1.25,0.8126300000000001,50
32,69.0,0.83,6.2881,50
34,72.0,2.5,18.655,50
34,72.0,2.5,1.0283,100
36,75.0,3.33,27.118000000000002,50
36,75.0,3.33,5.4145,100
36,75.0,3.33,0.20748000000000003,200
38,78.0,6.25,51.051,50
38,78.0,6.25,11.193000000000001,100
38,78.0,6.25,1.0647,200
40,81.0,7.92,60.515,50
40,81.0,7.92,20.202,100
40,81.0,7.92,3.3579,200
42,84.0,11.25,76.713,50
42,84.0,11.25,25.571,100
42,84.0,11.25,8.9726,200
44,87.0,5.83,76.713,50
44,87.0,5.83,27.118000000000002,100
44,87.0,5.83,10.647,200
46,90.0,8.75,91.91,50
46,90.0,8.75,33.397000000000006,100
46,90.0,8.75,12.103000000000002,200
48,93.0,9.59,121.94,50
48,93.0,9.59,45.227000000000004,100
48,93.0,9.59,12.74,200
50,96.0,9.17,116.48,50
50,96.0,9.17,43.407000000000004,100
50,96.0,9.17,10.829,200
52,99.0,6.25,128.31,50
52,99.0,6.25,31.304,100
52,99.0,6.25,6.7158,200
54,102.0,8.75,129.22,50
54,102.0,8.75,18.655,100
54,102.0,8.75,2.4752,200
56,105.0,4.58,93.73,50
56,105.0,4.58,7.407400000000001,100
56,105.0,4.58,0.8517600000000001,200
58,108.0,4.58,69.97900000000001,50
58,108.0,4.58,1.4105,100
58,108.0,4.58,0.18837,200
60,111.0,2.08,34.216,50
60,111.0,2.08,0.3731,100
62,114.0,1.67,12.012,50
62,114.0,1.67,0.09919,100
64,117.0,0.42,5.3599,50
66,120.0,1.25,0.75803,50
68,123.0,0.42,0.25298000000000004,50
16,45.0,0.42,22.752,50
16,45.0,0.42,1.3152000000000001,100
18,48.0,3.33,41.663999999999994,50
18,48.0,3.33,2.6879999999999997,100
18,48.0,3.33,0.05472,200
20,51.0,2.08,55.104,50
20,51.0,2.08,6.576,100
20,51.0,2.08,0.64608,200
22,54.0,3.75,66.52799999999999,50
22,54.0,3.75,12.863999999999999,100
22,54.0,3.75,1.9679999999999997,200
24,57.0,5.0,101.75999999999999,50
24,57.0,5.0,16.991999999999997,100
24,57.0,5.0,4.272,200
26,60.0,4.58,130.56,50
26,60.0,4.58,28.128,100
26,60.0,4.58,5.0016,200
28,63.0,7.92,142.07999999999998,50
28,63.0,7.92,46.272,100
28,63.0,7.92,7.8144,200
30,66.0,10.42,146.88,50
30,66.0,10.42,55.392,100
30,66.0,10.42,12.191999999999998,200
32,69.0,11.25,167.04,50
32,69.0,11.25,56.832,100
32,69.0,11.25,16.703999999999997,200
34,72.0,8.33,169.92,50
34,72.0,8.33,49.056,100
34,72.0,8.33,15.936,200
36,75.0,7.5,148.79999999999998,50
36,75.0,7.5,45.792,100
36,75.0,7.5,13.728,200
38,78.0,7.92,123.83999999999999,50
38,78.0,7.92,38.784,100
38,78.0,7.92,10.751999999999999,200
40,81.0,7.08,94.752,50
40,81.0,7.08,36.672000000000004,100
40,81.0,7.08,5.5584,200
42,84.0,7.08,78.432,50
42,84.0,7.08,22.944,100
42,84.0,7.08,4.4832,200
44,87.0,3.75,67.776,50
44,87.0,3.75,11.616,100
44,87.0,3.75,3.1391999999999998,200
46,90.0,4.17,38.784,50
46,90.0,4.17,6.4608,100
46,90.0,4.17,0.4608,200
48,93.0,2.5,14.016,50
48,93.0,2.5,2.8032,100
54,102.0,1.25,3.5328,50
58,108.0,0.83,0.264,50
12,39.0,0.42,0.51324,50
16,45.0,0.42,9.963999999999999,50
16,45.0,0.42,0.012219999999999998,100
16,45.0,0.42,0.13535999999999998,200
18,48.0,1.25,18.517999999999997,50
18,48.0,1.25,0.37788,100
18,48.0,1.25,0.34497999999999995,200
20,51.0,1.67,21.902,50
20,51.0,1.67,3.0831999999999997,100
20,51.0,1.67,0.9964,200
22,54.0,2.5,28.012,50
22,54.0,2.5,6.3168,100
22,54.0,2.5,1.1092,200
24,57.0,3.33,33.745999999999995,50
24,57.0,3.33,7.0687999999999995,100
24,57.0,3.33,1.8141999999999998,200
26,60.0,6.25,48.69199999999999,50
26,60.0,6.25,13.254,100
26,60.0,6.25,3.3745999999999996,200
28,63.0,3.75,81.404,50
28,63.0,3.75,21.244,100
28,63.0,3.75,4.4274,200
30,66.0,4.58,92.30799999999999,50
30,66.0,4.58,23.5,100
30,66.0,4.58,2.8482,200
32,69.0,4.58,91.556,50
32,69.0,4.58,26.695999999999998,100
32,69.0,4.58,3.5625999999999998,200
34,72.0,7.08,108.1,50
34,72.0,7.08,23.311999999999998,100
34,72.0,7.08,4.0043999999999995,200
36,75.0,3.75,111.86,50
36,75.0,3.75,18.988,100
36,75.0,3.75,3.0362,200
38,78.0,5.0,94.94,50
38,78.0,5.0,15.134,100
38,78.0,5.0,2.7447999999999997,200
40,81.0,5.83,74.25999999999999,50
40,81.0,5.83,15.04,100
40,81.0,5.83,1.3723999999999998,200
42,84.0,4.58,58.09199999999999,50
42,84.0,4.58,12.972,100
42,84.0,4.58,0.94,200
44,87.0,3.75,77.456,50
44,87.0,3.75,13.536,100
44,87.0,3.75,1.3441999999999998,200
46,90.0,4.16,91.086,50
46,90.0,4.16,18.988,100
46,90.0,4.16,2.6226,200
48,93.0,3.75,98.69999999999999,50
48,93.0,3.75,22.747999999999998,100
48,93.0,3.75,3.2806,200
50,96.0,5.42,94.94,50
50,96.0,5.42,17.86,100
50,96.0,5.42,2.2654,200
52,99.0,5.42,98.69999999999999,50
52,99.0,5.42,15.604000000000001,100
52,99.0,5.42,2.9233999999999996,200
54,102.0,1.67,46.906,50
54,102.0,1.67,13.347999999999999,100
54,102.0,1.67,2.6131999999999995,200
56,105.0,3.33,37.599999999999994,50
56,105.0,3.33,9.682,100
56,105.0,3.33,0.987,200
58,108.0,2.08,38.258,50
58,108.0,2.08,4.5778,100
58,108.0,2.08,0.5611799999999999,200
60,111.0,2.92,20.962,50
60,111.0,2.92,2.0585999999999998,100
60,111.0,2.92,0.49538,200
62,114.0,2.92,14.758,50
62,114.0,2.92,1.8235999999999999,100
62,114.0,2.92,0.9089799999999999,200
64,117.0,3.75,13.442,50
64,117.0,3.75,2.6883999999999997,100
64,117.0,3.75,1.0997999999999999,200
66,120.0,2.5,26.508,50
66,120.0,2.5,4.4368,100
66,120.0,2.5,0.15604,200
68,123.0,0.83,8.4224,50
68,123.0,0.83,3.29,100
70,126.0,1.25,3.2806,50
70,126.0,1.25,0.9042799999999999,100
72,129.0,0.42,0.188,50
72,129.0,0.42,0.016919999999999998,100
74,132.0,0.42,0.03666,50
