post,degrees,azimuth,wind_direction,timestamp,run,concentration,distance
37,1.5,76.5,,1957-09-24 19:35:00,1.0,,50
37,1.5,76.5,,1957-09-24 19:35:00,1.0,,100
37,1.5,76.5,,1957-09-24 19:35:00,1.0,,200
38,1.5,78.0,0.42,1957-09-24 19:35:00,1.0,,50
38,1.5,78.0,0.42,1957-09-24 19:35:00,1.0,,100
38,1.5,78.0,0.42,1957-09-24 19:35:00,1.0,,200
39,1.5,79.5,,1957-09-24 19:35:00,1.0,,50
39,1.5,79.5,,1957-09-24 19:35:00,1.0,,100
39,1.5,79.5,,1957-09-24 19:35:00,1.0,,200
40,1.5,81.0,,1957-09-24 19:35:00,1.0,,50
40,1.5,81.0,,1957-09-24 19:35:00,1.0,,100
40,1.5,81.0,,1957-09-24 19:35:00,1.0,,200
41,1.5,82.5,,1957-09-24 19:35:00,1.0,,50
41,1.5,82.5,,1957-09-24 19:35:00,1.0,,100
41,1.5,82.5,,1957-09-24 19:35:00,1.0,,200
42,1.5,84.0,,1957-09-24 19:35:00,1.0,,50
42,1.5,84.0,,1957-09-24 19:35:00,1.0,,100
42,1.5,84.0,,1957-09-24 19:35:00,1.0,,200
43,1.5,85.5,,1957-09-24 19:35:00,1.0,,50
43,1.5,85.5,,1957-09-24 19:35:00,1.0,,100
43,1.5,85.5,,1957-09-24 19:35:00,1.0,,200
44,1.5,87.0,,1957-09-24 19:35:00,1.0,,50
44,1.5,87.0,,1957-09-24 19:35:00,1.0,,100
44,1.5,87.0,,1957-09-24 19:35:00,1.0,,200
45,1.5,88.5,,1957-09-24 19:35:00,1.0,,50
45,1.5,88.5,,1957-09-24 19:35:00,1.0,,100
45,1.5,88.5,,1957-09-24 19:35:00,1.0,,200
46,1.5,90.0,,1957-09-24 19:35:00,1.0,,50
46,1.5,90.0,,1957-09-24 19:35:00,1.0,,100
46,1.5,90.0,,1957-09-24 19:35:00,1.0,,200
47,1.5,91.5,,1957-09-24 19:35:00,1.0,,50
47,1.5,91.5,,1957-09-24 19:35:00,1.0,,100
47,1.5,91.5,,1957-09-24 19:35:00,1.0,,200
48,1.5,93.0,0.42,1957-09-24 19:35:00,1.0,,50
48,1.5,93.0,0.42,1957-09-24 19:35:00,1.0,,100
48,1.5,93.0,0.42,1957-09-24 19:35:00,1.0,,200
49,1.5,94.5,,1957-09-24 19:35:00,1.0,,50
49,1.5,94.5,,1957-09-24 19:35:00,1.0,,100
49,1.5,94.5,,1957-09-24 19:35:00,1.0,,200
50,1.5,96.0,1.67,1957-09-24 19:35:00,1.0,,50
50,1.5,96.0,1.67,1957-09-24 19:35:00,1.0,,100
50,1.5,96.0,1.67,1957-09-24 19:35:00,1.0,,200
51,1.5,97.5,,1957-09-24 19:35:00,1.0,,50
51,1.5,97.5,,1957-09-24 19:35:00,1.0,,100
51,1.5,97.5,,1957-09-24 19:35:00,1.0,,200
52,1.5,99.0,,1957-09-24 19:35:00,1.0,0.63,50
52,1.5,99.0,,1957-09-24 19:35:00,1.0,,100
52,1.5,99.0,,1957-09-24 19:35:00,1.0,,200
53,1.5,100.5,,1957-09-24 19:35:00,1.0,,50
53,1.5,100.5,,1957-09-24 19:35:00,1.0,,100
53,1.5,100.5,,1957-09-24 19:35:00,1.0,,200
54,1.5,102.0,2.91,1957-09-24 19:35:00,1.0,5.45,50
54,1.5,102.0,2.91,1957-09-24 19:35:00,1.0,,100
54,1.5,102.0,2.91,1957-09-24 19:35:00,1.0,,200
55,1.5,103.5,,1957-09-24 19:35:00,1.0,,50
55,1.5,103.5,,1957-09-24 19:35:00,1.0,,100
55,1.5,103.5,,1957-09-24 19:35:00,1.0,,200
56,1.5,105.0,3.75,1957-09-24 19:35:00,1.0,29.2,50
56,1.5,105.0,3.75,1957-09-24 19:35:00,1.0,0.672,100
56,1.5,105.0,3.75,1957-09-24 19:35:00,1.0,,200
57,1.5,106.5,,1957-09-24 19:35:00,1.0,,50
57,1.5,106.5,,1957-09-24 19:35:00,1.0,,100
57,1.5,106.5,,1957-09-24 19:35:00,1.0,,200
58,1.5,108.0,3.33,1957-09-24 19:35:00,1.0,138.0,50
58,1.5,108.0,3.33,1957-09-24 19:35:00,1.0,8.12,100
58,1.5,108.0,3.33,1957-09-24 19:35:00,1.0,,200
59,1.5,109.5,,1957-09-24 19:35:00,1.0,,50
59,1.5,109.5,,1957-09-24 19:35:00,1.0,,100
59,1.5,109.5,,1957-09-24 19:35:00,1.0,,200
60,1.5,111.0,9.58,1957-09-24 19:35:00,1.0,282.0,50
60,1.5,111.0,9.58,1957-09-24 19:35:00,1.0,50.5,100
60,1.5,111.0,9.58,1957-09-24 19:35:00,1.0,1.8,200
61,1.5,112.5,,1957-09-24 19:35:00,1.0,,50
61,1.5,112.5,,1957-09-24 19:35:00,1.0,,100
61,1.5,112.5,,1957-09-24 19:35:00,1.0,,200
62,1.5,114.0,14.17,1957-09-24 19:35:00,1.0,457.0,50
62,1.5,114.0,14.17,1957-09-24 19:35:00,1.0,141.0,100
62,1.5,114.0,14.17,1957-09-24 19:35:00,1.0,20.7,200
63,1.5,115.5,,1957-09-24 19:35:00,1.0,,50
63,1.5,115.5,,1957-09-24 19:35:00,1.0,,100
63,1.5,115.5,,1957-09-24 19:35:00,1.0,,200
64,1.5,117.0,12.92,1957-09-24 19:35:00,1.0,471.0,50
64,1.5,117.0,12.92,1957-09-24 19:35:00,1.0,270.0,100
64,1.5,117.0,12.92,1957-09-24 19:35:00,1.0,74.8,200
65,1.5,118.5,,1957-09-24 19:35:00,1.0,,50
65,1.5,118.5,,1957-09-24 19:35:00,1.0,,100
65,1.5,118.5,,1957-09-24 19:35:00,1.0,,200
66,1.5,120.0,25.42,1957-09-24 19:35:00,1.0,450.0,50
66,1.5,120.0,25.42,1957-09-24 19:35:00,1.0,285.0,100
66,1.5,120.0,25.42,1957-09-24 19:35:00,1.0,117.0,200
67,1.5,121.5,,1957-09-24 19:35:00,1.0,,50
67,1.5,121.5,,1957-09-24 19:35:00,1.0,,100
67,1.5,121.5,,1957-09-24 19:35:00,1.0,,200
68,1.5,123.0,8.33,1957-09-24 19:35:00,1.0,437.0,50
68,1.5,123.0,8.33,1957-09-24 19:35:00,1.0,190.0,100
68,1.5,123.0,8.33,1957-09-24 19:35:00,1.0,54.9,200
69,1.5,124.5,,1957-09-24 19:35:00,1.0,,50
69,1.5,124.5,,1957-09-24 19:35:00,1.0,,100
69,1.5,124.5,,1957-09-24 19:35:00,1.0,,200
70,1.5,126.0,6.25,1957-09-24 19:35:00,1.0,257.0,50
70,1.5,126.0,6.25,1957-09-24 19:35:00,1.0,53.9,100
70,1.5,126.0,6.25,1957-09-24 19:35:00,1.0,5.96,200
71,1.5,127.5,,1957-09-24 19:35:00,1.0,,50
71,1.5,127.5,,1957-09-24 19:35:00,1.0,,100
71,1.5,127.5,,1957-09-24 19:35:00,1.0,,200
72,1.5,129.0,5.0,1957-09-24 19:35:00,1.0,85.0,50
72,1.5,129.0,5.0,1957-09-24 19:35:00,1.0,6.15,100
72,1.5,129.0,5.0,1957-09-24 19:35:00,1.0,0.231,200
73,1.5,130.5,,1957-09-24 19:35:00,1.0,,50
73,1.5,130.5,,1957-09-24 19:35:00,1.0,,100
73,1.5,130.5,,1957-09-24 19:35:00,1.0,,200
74,1.5,132.0,2.91,1957-09-24 19:35:00,1.0,24.5,50
74,1.5,132.0,2.91,1957-09-24 19:35:00,1.0,0.752,100
74,1.5,132.0,2.91,1957-09-24 19:35:00,1.0,,200
75,1.5,133.5,,1957-09-24 19:35:00,1.0,,50
75,1.5,133.5,,1957-09-24 19:35:00,1.0,,100
75,1.5,133.5,,1957-09-24 19:35:00,1.0,,200
76,1.5,135.0,0.83,1957-09-24 19:35:00,1.0,1.68,50
76,1.5,135.0,0.83,1957-09-24 19:35:00,1.0,0.106,100
76,1.5,135.0,0.83,1957-09-24 19:35:00,1.0,,200
77,1.5,136.5,,1957-09-24 19:35:00,1.0,,50
77,1.5,136.5,,1957-09-24 19:35:00,1.0,,100
77,1.5,136.5,,1957-09-24 19:35:00,1.0,,200
78,1.5,138.0,1.25,1957-09-24 19:35:00,1.0,,50
78,1.5,138.0,1.25,1957-09-24 19:35:00,1.0,,100
78,1.5,138.0,1.25,1957-09-24 19:35:00,1.0,,200
79,1.5,139.5,,1957-09-24 19:35:00,1.0,,50
79,1.5,139.5,,1957-09-24 19:35:00,1.0,,100
79,1.5,139.5,,1957-09-24 19:35:00,1.0,,200
80,1.5,141.0,0.42,1957-09-24 19:35:00,1.0,,50
80,1.5,141.0,0.42,1957-09-24 19:35:00,1.0,,100
80,1.5,141.0,0.42,1957-09-24 19:35:00,1.0,,200
81,1.5,142.5,,1957-09-24 19:35:00,1.0,,50
81,1.5,142.5,,1957-09-24 19:35:00,1.0,,100
81,1.5,142.5,,1957-09-24 19:35:00,1.0,,200
82,1.5,144.0,0.42,1957-09-24 19:35:00,1.0,,50
82,1.5,144.0,0.42,1957-09-24 19:35:00,1.0,,100
82,1.5,144.0,0.42,1957-09-24 19:35:00,1.0,,200
83,1.5,145.5,,1957-09-24 19:35:00,1.0,,50
83,1.5,145.5,,1957-09-24 19:35:00,1.0,,100
83,1.5,145.5,,1957-09-24 19:35:00,1.0,,200
23,1.5,55.5,,1957-10-02 11:20:00,2.0,,50
23,1.5,55.5,,1957-10-02 11:20:00,2.0,,100
23,1.5,55.5,,1957-10-02 11:20:00,2.0,,200
24,1.5,57.0,0.42,1957-10-02 11:20:00,2.0,0.092,50
24,1.5,57.0,0.42,1957-10-02 11:20:00,2.0,,100
24,1.5,57.0,0.42,1957-10-02 11:20:00,2.0,,200
25,1.5,58.5,,1957-10-02 11:20:00,2.0,,50
25,1.5,58.5,,1957-10-02 11:20:00,2.0,,100
25,1.5,58.5,,1957-10-02 11:20:00,2.0,,200
26,1.5,60.0,,1957-10-02 11:20:00,2.0,2.54,50
26,1.5,60.0,,1957-10-02 11:20:00,2.0,,100
26,1.5,60.0,,1957-10-02 11:20:00,2.0,,200
27,1.5,61.5,,1957-10-02 11:20:00,2.0,,50
27,1.5,61.5,,1957-10-02 11:20:00,2.0,,100
27,1.5,61.5,,1957-10-02 11:20:00,2.0,,200
28,1.5,63.0,0.42,1957-10-02 11:20:00,2.0,4.59,50
28,1.5,63.0,0.42,1957-10-02 11:20:00,2.0,0.117,100
28,1.5,63.0,0.42,1957-10-02 11:20:00,2.0,,200
29,1.5,64.5,,1957-10-02 11:20:00,2.0,,50
29,1.5,64.5,,1957-10-02 11:20:00,2.0,,100
29,1.5,64.5,,1957-10-02 11:20:00,2.0,,200
30,1.5,66.0,1.66,1957-10-02 11:20:00,2.0,14.2,50
30,1.5,66.0,1.66,1957-10-02 11:20:00,2.0,0.655,100
30,1.5,66.0,1.66,1957-10-02 11:20:00,2.0,,200
31,1.5,67.5,,1957-10-02 11:20:00,2.0,,50
31,1.5,67.5,,1957-10-02 11:20:00,2.0,,100
31,1.5,67.5,,1957-10-02 11:20:00,2.0,,200
32,1.5,69.0,2.49,1957-10-02 11:20:00,2.0,29.9,50
32,1.5,69.0,2.49,1957-10-02 11:20:00,2.0,2.38,100
32,1.5,69.0,2.49,1957-10-02 11:20:00,2.0,0.252,200
33,1.5,70.5,,1957-10-02 11:20:00,2.0,,50
33,1.5,70.5,,1957-10-02 11:20:00,2.0,,100
33,1.5,70.5,,1957-10-02 11:20:00,2.0,,200
34,1.5,72.0,2.07,1957-10-02 11:20:00,2.0,52.2,50
34,1.5,72.0,2.07,1957-10-02 11:20:00,2.0,7.68,100
34,1.5,72.0,2.07,1957-10-02 11:20:00,2.0,0.852,200
35,1.5,73.5,,1957-10-02 11:20:00,2.0,,50
35,1.5,73.5,,1957-10-02 11:20:00,2.0,,100
35,1.5,73.5,,1957-10-02 11:20:00,2.0,,200
36,1.5,75.0,1.66,1957-10-02 11:20:00,2.0,68.1,50
36,1.5,75.0,1.66,1957-10-02 11:20:00,2.0,10.8,100
36,1.5,75.0,1.66,1957-10-02 11:20:00,2.0,1.78,200
37,1.5,76.5,,1957-10-02 11:20:00,2.0,,50
37,1.5,76.5,,1957-10-02 11:20:00,2.0,,100
37,1.5,76.5,,1957-10-02 11:20:00,2.0,,200
38,1.5,78.0,4.98,1957-10-02 11:20:00,2.0,76.9,50
38,1.5,78.0,4.98,1957-10-02 11:20:00,2.0,16.6,100
38,1.5,78.0,4.98,1957-10-02 11:20:00,2.0,2.73,200
39,1.5,79.5,,1957-10-02 11:20:00,2.0,,50
39,1.5,79.5,,1957-10-02 11:20:00,2.0,,100
39,1.5,79.5,,1957-10-02 11:20:00,2.0,,200
40,1.5,81.0,4.56,1957-10-02 11:20:00,2.0,85.1,50
40,1.5,81.0,4.56,1957-10-02 11:20:00,2.0,19.9,100
40,1.5,81.0,4.56,1957-10-02 11:20:00,2.0,3.79,200
41,1.5,82.5,,1957-10-02 11:20:00,2.0,,50
41,1.5,82.5,,1957-10-02 11:20:00,2.0,,100
41,1.5,82.5,,1957-10-02 11:20:00,2.0,,200
42,1.5,84.0,6.64,1957-10-02 11:20:00,2.0,93.1,50
42,1.5,84.0,6.64,1957-10-02 11:20:00,2.0,21.4,100
42,1.5,84.0,6.64,1957-10-02 11:20:00,2.0,4.85,200
43,1.5,85.5,,1957-10-02 11:20:00,2.0,,50
43,1.5,85.5,,1957-10-02 11:20:00,2.0,,100
43,1.5,85.5,,1957-10-02 11:20:00,2.0,,200
44,1.5,87.0,4.56,1957-10-02 11:20:00,2.0,89.8,50
44,1.5,87.0,4.56,1957-10-02 11:20:00,2.0,22.8,100
44,1.5,87.0,4.56,1957-10-02 11:20:00,2.0,5.44,200
45,1.5,88.5,,1957-10-02 11:20:00,2.0,,50
45,1.5,88.5,,1957-10-02 11:20:00,2.0,,100
45,1.5,88.5,,1957-10-02 11:20:00,2.0,,200
46,1.5,90.0,5.81,1957-10-02 11:20:00,2.0,162.0,50
46,1.5,90.0,5.81,1957-10-02 11:20:00,2.0,21.9,100
46,1.5,90.0,5.81,1957-10-02 11:20:00,2.0,4.89,200
47,1.5,91.5,,1957-10-02 11:20:00,2.0,,50
47,1.5,91.5,,1957-10-02 11:20:00,2.0,,100
47,1.5,91.5,,1957-10-02 11:20:00,2.0,,200
48,1.5,93.0,7.88,1957-10-02 11:20:00,2.0,115.0,50
48,1.5,93.0,7.88,1957-10-02 11:20:00,2.0,23.0,100
48,1.5,93.0,7.88,1957-10-02 11:20:00,2.0,5.75,200
49,1.5,94.5,,1957-10-02 11:20:00,2.0,,50
49,1.5,94.5,,1957-10-02 11:20:00,2.0,,100
49,1.5,94.5,,1957-10-02 11:20:00,2.0,,200
50,1.5,96.0,5.39,1957-10-02 11:20:00,2.0,103.0,50
50,1.5,96.0,5.39,1957-10-02 11:20:00,2.0,22.5,100
50,1.5,96.0,5.39,1957-10-02 11:20:00,2.0,5.5,200
51,1.5,97.5,,1957-10-02 11:20:00,2.0,,50
51,1.5,97.5,,1957-10-02 11:20:00,2.0,,100
51,1.5,97.5,,1957-10-02 11:20:00,2.0,,200
52,1.5,99.0,6.22,1957-10-02 11:20:00,2.0,97.7,50
52,1.5,99.0,6.22,1957-10-02 11:20:00,2.0,22.1,100
52,1.5,99.0,6.22,1957-10-02 11:20:00,2.0,5.74,200
53,1.5,100.5,,1957-10-02 11:20:00,2.0,,50
53,1.5,100.5,,1957-10-02 11:20:00,2.0,,100
53,1.5,100.5,,1957-10-02 11:20:00,2.0,,200
54,1.5,102.0,8.71,1957-10-02 11:20:00,2.0,110.0,50
54,1.5,102.0,8.71,1957-10-02 11:20:00,2.0,20.5,100
54,1.5,102.0,8.71,1957-10-02 11:20:00,2.0,5.68,200
55,1.5,103.5,,1957-10-02 11:20:00,2.0,,50
55,1.5,103.5,,1957-10-02 11:20:00,2.0,,100
55,1.5,103.5,,1957-10-02 11:20:00,2.0,,200
56,1.5,105.0,9.54,1957-10-02 11:20:00,2.0,94.9,50
56,1.5,105.0,9.54,1957-10-02 11:20:00,2.0,18.6,100
56,1.5,105.0,9.54,1957-10-02 11:20:00,2.0,4.69,200
57,1.5,106.5,,1957-10-02 11:20:00,2.0,,50
57,1.5,106.5,,1957-10-02 11:20:00,2.0,,100
57,1.5,106.5,,1957-10-02 11:20:00,2.0,,200
58,1.5,108.0,6.22,1957-10-02 11:20:00,2.0,65.8,50
58,1.5,108.0,6.22,1957-10-02 11:20:00,2.0,19.9,100
58,1.5,108.0,6.22,1957-10-02 11:20:00,2.0,3.59,200
59,1.5,109.5,,1957-10-02 11:20:00,2.0,,50
59,1.5,109.5,,1957-10-02 11:20:00,2.0,,100
59,1.5,109.5,,1957-10-02 11:20:00,2.0,,200
60,1.5,111.0,2.49,1957-10-02 11:20:00,2.0,40.9,50
60,1.5,111.0,2.49,1957-10-02 11:20:00,2.0,12.1,100
60,1.5,111.0,2.49,1957-10-02 11:20:00,2.0,1.92,200
61,1.5,112.5,,1957-10-02 11:20:00,2.0,,50
61,1.5,112.5,,1957-10-02 11:20:00,2.0,,100
61,1.5,112.5,,1957-10-02 11:20:00,2.0,,200
62,1.5,114.0,2.07,1957-10-02 11:20:00,2.0,30.5,50
62,1.5,114.0,2.07,1957-10-02 11:20:00,2.0,9.5,100
62,1.5,114.0,2.07,1957-10-02 11:20:00,2.0,2.28,200
63,1.5,115.5,,1957-10-02 11:20:00,2.0,,50
63,1.5,115.5,,1957-10-02 11:20:00,2.0,,100
63,1.5,115.5,,1957-10-02 11:20:00,2.0,,200
64,1.5,117.0,2.91,1957-10-02 11:20:00,2.0,30.7,50
64,1.5,117.0,2.91,1957-10-02 11:20:00,2.0,7.53,100
64,1.5,117.0,2.91,1957-10-02 11:20:00,2.0,1.66,200
65,1.5,118.5,,1957-10-02 11:20:00,2.0,,50
65,1.5,118.5,,1957-10-02 11:20:00,2.0,,100
65,1.5,118.5,,1957-10-02 11:20:00,2.0,,200
66,1.5,120.0,4.15,1957-10-02 11:20:00,2.0,18.1,50
66,1.5,120.0,4.15,1957-10-02 11:20:00,2.0,4.53,100
66,1.5,120.0,4.15,1957-10-02 11:20:00,2.0,1.07,200
67,1.5,121.5,,1957-10-02 11:20:00,2.0,,50
67,1.5,121.5,,1957-10-02 11:20:00,2.0,,100
67,1.5,121.5,,1957-10-02 11:20:00,2.0,,200
68,1.5,123.0,3.32,1957-10-02 11:20:00,2.0,9.51,50
68,1.5,123.0,3.32,1957-10-02 11:20:00,2.0,1.89,100
68,1.5,123.0,3.32,1957-10-02 11:20:00,2.0,1.26,200
69,1.5,124.5,,1957-10-02 11:20:00,2.0,,50
69,1.5,124.5,,1957-10-02 11:20:00,2.0,,100
69,1.5,124.5,,1957-10-02 11:20:00,2.0,,200
70,1.5,126.0,1.25,1957-10-02 11:20:00,2.0,6.73,50
70,1.5,126.0,1.25,1957-10-02 11:20:00,2.0,1.87,100
70,1.5,126.0,1.25,1957-10-02 11:20:00,2.0,0.841,200
71,1.5,127.5,,1957-10-02 11:20:00,2.0,,50
71,1.5,127.5,,1957-10-02 11:20:00,2.0,,100
71,1.5,127.5,,1957-10-02 11:20:00,2.0,,200
72,1.5,129.0,1.25,1957-10-02 11:20:00,2.0,3.95,50
72,1.5,129.0,1.25,1957-10-02 11:20:00,2.0,1.73,100
72,1.5,129.0,1.25,1957-10-02 11:20:00,2.0,0.491,200
73,1.5,130.5,,1957-10-02 11:20:00,2.0,,50
73,1.5,130.5,,1957-10-02 11:20:00,2.0,,100
73,1.5,130.5,,1957-10-02 11:20:00,2.0,,200
74,1.5,132.0,0.83,1957-10-02 11:20:00,2.0,7.51,50
74,1.5,132.0,0.83,1957-10-02 11:20:00,2.0,2.49,100
74,1.5,132.0,0.83,1957-10-02 11:20:00,2.0,0.301,200
75,1.5,133.5,,1957-10-02 11:20:00,2.0,,50
75,1.5,133.5,,1957-10-02 11:20:00,2.0,,100
75,1.5,133.5,,1957-10-02 11:20:00,2.0,,200
76,1.5,135.0,1.25,1957-10-02 11:20:00,2.0,10.6,50
76,1.5,135.0,1.25,1957-10-02 11:20:00,2.0,2.1,100
76,1.5,135.0,1.25,1957-10-02 11:20:00,2.0,0.079,200
77,1.5,136.5,,1957-10-02 11:20:00,2.0,,50
77,1.5,136.5,,1957-10-02 11:20:00,2.0,,100
77,1.5,136.5,,1957-10-02 11:20:00,2.0,,200
78,1.5,138.0,0.42,1957-10-02 11:20:00,2.0,10.5,50
78,1.5,138.0,0.42,1957-10-02 11:20:00,2.0,0.4,100
78,1.5,138.0,0.42,1957-10-02 11:20:00,2.0,,200
79,1.5,139.5,,1957-10-02 11:20:00,2.0,,50
79,1.5,139.5,,1957-10-02 11:20:00,2.0,,100
79,1.5,139.5,,1957-10-02 11:20:00,2.0,,200
80,1.5,141.0,0.83,1957-10-02 11:20:00,2.0,4.39,50
80,1.5,141.0,0.83,1957-10-02 11:20:00,2.0,0.134,100
80,1.5,141.0,0.83,1957-10-02 11:20:00,2.0,,200
81,1.5,142.5,,1957-10-02 11:20:00,2.0,,50
81,1.5,142.5,,1957-10-02 11:20:00,2.0,,100
81,1.5,142.5,,1957-10-02 11:20:00,2.0,,200
82,1.5,144.0,,1957-10-02 11:20:00,2.0,1.9,50
82,1.5,144.0,,1957-10-02 11:20:00,2.0,0.046,100
82,1.5,144.0,,1957-10-02 11:20:00,2.0,,200
83,1.5,145.5,,1957-10-02 11:20:00,2.0,,50
83,1.5,145.5,,1957-10-02 11:20:00,2.0,,100
83,1.5,145.5,,1957-10-02 11:20:00,2.0,,200
84,1.5,147.0,,1957-10-02 11:20:00,2.0,1.41,50
84,1.5,147.0,,1957-10-02 11:20:00,2.0,,100
84,1.5,147.0,,1957-10-02 11:20:00,2.0,,200
85,1.5,148.5,,1957-10-02 11:20:00,2.0,,50
85,1.5,148.5,,1957-10-02 11:20:00,2.0,,100
85,1.5,148.5,,1957-10-02 11:20:00,2.0,,200
86,1.5,150.0,,1957-10-02 11:20:00,2.0,0.077,50
86,1.5,150.0,,1957-10-02 11:20:00,2.0,,100
86,1.5,150.0,,1957-10-02 11:20:00,2.0,,200
87,1.5,151.5,,1957-10-02 11:20:00,2.0,,50
87,1.5,151.5,,1957-10-02 11:20:00,2.0,,100
87,1.5,151.5,,1957-10-02 11:20:00,2.0,,200
45,1.5,88.5,,1957-10-10 20:20:00,3.0,,50
45,1.5,88.5,,1957-10-10 20:20:00,3.0,,100
45,1.5,88.5,,1957-10-10 20:20:00,3.0,,200
46,1.5,90.0,0.42,1957-10-10 20:20:00,3.0,,50
46,1.5,90.0,0.42,1957-10-10 20:20:00,3.0,,100
46,1.5,90.0,0.42,1957-10-10 20:20:00,3.0,,200
47,1.5,91.5,,1957-10-10 20:20:00,3.0,,50
47,1.5,91.5,,1957-10-10 20:20:00,3.0,,100
47,1.5,91.5,,1957-10-10 20:20:00,3.0,,200
48,1.5,93.0,,1957-10-10 20:20:00,3.0,0.031,50
48,1.5,93.0,,1957-10-10 20:20:00,3.0,,100
48,1.5,93.0,,1957-10-10 20:20:00,3.0,,200
49,1.5,94.5,,1957-10-10 20:20:00,3.0,,50
49,1.5,94.5,,1957-10-10 20:20:00,3.0,,100
49,1.5,94.5,,1957-10-10 20:20:00,3.0,,200
50,1.5,96.0,1.25,1957-10-10 20:20:00,3.0,0.486,50
50,1.5,96.0,1.25,1957-10-10 20:20:00,3.0,,100
50,1.5,96.0,1.25,1957-10-10 20:20:00,3.0,,200
51,1.5,97.5,,1957-10-10 20:20:00,3.0,,50
51,1.5,97.5,,1957-10-10 20:20:00,3.0,,100
51,1.5,97.5,,1957-10-10 20:20:00,3.0,,200
52,1.5,99.0,0.83,1957-10-10 20:20:00,3.0,0.616,50
52,1.5,99.0,0.83,1957-10-10 20:20:00,3.0,,100
52,1.5,99.0,0.83,1957-10-10 20:20:00,3.0,,200
53,1.5,100.5,,1957-10-10 20:20:00,3.0,,50
53,1.5,100.5,,1957-10-10 20:20:00,3.0,,100
53,1.5,100.5,,1957-10-10 20:20:00,3.0,,200
54,1.5,102.0,1.25,1957-10-10 20:20:00,3.0,4.32,50
54,1.5,102.0,1.25,1957-10-10 20:20:00,3.0,,100
54,1.5,102.0,1.25,1957-10-10 20:20:00,3.0,,200
55,1.5,103.5,,1957-10-10 20:20:00,3.0,,50
55,1.5,103.5,,1957-10-10 20:20:00,3.0,,100
55,1.5,103.5,,1957-10-10 20:20:00,3.0,,200
56,1.5,105.0,2.5,1957-10-10 20:20:00,3.0,11.9,50
56,1.5,105.0,2.5,1957-10-10 20:20:00,3.0,0.203,100
56,1.5,105.0,2.5,1957-10-10 20:20:00,3.0,,200
57,1.5,106.5,,1957-10-10 20:20:00,3.0,,50
57,1.5,106.5,,1957-10-10 20:20:00,3.0,,100
57,1.5,106.5,,1957-10-10 20:20:00,3.0,,200
58,1.5,108.0,3.33,1957-10-10 20:20:00,3.0,21.1,50
58,1.5,108.0,3.33,1957-10-10 20:20:00,3.0,1.34,100
58,1.5,108.0,3.33,1957-10-10 20:20:00,3.0,0.038,200
59,1.5,109.5,,1957-10-10 20:20:00,3.0,,50
59,1.5,109.5,,1957-10-10 20:20:00,3.0,,100
59,1.5,109.5,,1957-10-10 20:20:00,3.0,,200
60,1.5,111.0,2.5,1957-10-10 20:20:00,3.0,44.8,50
60,1.5,111.0,2.5,1957-10-10 20:20:00,3.0,4.51,100
60,1.5,111.0,2.5,1957-10-10 20:20:00,3.0,0.266,200
61,1.5,112.5,,1957-10-10 20:20:00,3.0,,50
61,1.5,112.5,,1957-10-10 20:20:00,3.0,,100
61,1.5,112.5,,1957-10-10 20:20:00,3.0,,200
62,1.5,114.0,7.5,1957-10-10 20:20:00,3.0,82.1,50
62,1.5,114.0,7.5,1957-10-10 20:20:00,3.0,21.9,100
62,1.5,114.0,7.5,1957-10-10 20:20:00,3.0,2.08,200
63,1.5,115.5,,1957-10-10 20:20:00,3.0,,50
63,1.5,115.5,,1957-10-10 20:20:00,3.0,,100
63,1.5,115.5,,1957-10-10 20:20:00,3.0,,200
64,1.5,117.0,5.42,1957-10-10 20:20:00,3.0,121.0,50
64,1.5,117.0,5.42,1957-10-10 20:20:00,3.0,36.6,100
64,1.5,117.0,5.42,1957-10-10 20:20:00,3.0,8.3,200
65,1.5,118.5,,1957-10-10 20:20:00,3.0,,50
65,1.5,118.5,,1957-10-10 20:20:00,3.0,,100
65,1.5,118.5,,1957-10-10 20:20:00,3.0,,200
66,1.5,120.0,9.17,1957-10-10 20:20:00,3.0,154.0,50
66,1.5,120.0,9.17,1957-10-10 20:20:00,3.0,56.6,100
66,1.5,120.0,9.17,1957-10-10 20:20:00,3.0,16.3,200
67,1.5,121.5,,1957-10-10 20:20:00,3.0,,50
67,1.5,121.5,,1957-10-10 20:20:00,3.0,,100
67,1.5,121.5,,1957-10-10 20:20:00,3.0,,200
68,1.5,123.0,5.0,1957-10-10 20:20:00,3.0,238.0,50
68,1.5,123.0,5.0,1957-10-10 20:20:00,3.0,69.8,100
68,1.5,123.0,5.0,1957-10-10 20:20:00,3.0,20.4,200
69,1.5,124.5,,1957-10-10 20:20:00,3.0,,50
69,1.5,124.5,,1957-10-10 20:20:00,3.0,,100
69,1.5,124.5,,1957-10-10 20:20:00,3.0,,200
70,1.5,126.0,10.0,1957-10-10 20:20:00,3.0,262.0,50
70,1.5,126.0,10.0,1957-10-10 20:20:00,3.0,73.9,100
70,1.5,126.0,10.0,1957-10-10 20:20:00,3.0,22.3,200
71,1.5,127.5,,1957-10-10 20:20:00,3.0,,50
71,1.5,127.5,,1957-10-10 20:20:00,3.0,,100
71,1.5,127.5,,1957-10-10 20:20:00,3.0,,200
72,1.5,129.0,10.83,1957-10-10 20:20:00,3.0,205.0,50
72,1.5,129.0,10.83,1957-10-10 20:20:00,3.0,59.1,100
72,1.5,129.0,10.83,1957-10-10 20:20:00,3.0,20.1,200
73,1.5,130.5,,1957-10-10 20:20:00,3.0,,50
73,1.5,130.5,,1957-10-10 20:20:00,3.0,,100
73,1.5,130.5,,1957-10-10 20:20:00,3.0,,200
74,1.5,132.0,9.17,1957-10-10 20:20:00,3.0,136.0,50
74,1.5,132.0,9.17,1957-10-10 20:20:00,3.0,44.8,100
74,1.5,132.0,9.17,1957-10-10 20:20:00,3.0,10.3,200
75,1.5,133.5,,1957-10-10 20:20:00,3.0,,50
75,1.5,133.5,,1957-10-10 20:20:00,3.0,,100
75,1.5,133.5,,1957-10-10 20:20:00,3.0,,200
76,1.5,135.0,5.42,1957-10-10 20:20:00,3.0,110.0,50
76,1.5,135.0,5.42,1957-10-10 20:20:00,3.0,25.4,100
76,1.5,135.0,5.42,1957-10-10 20:20:00,3.0,3.24,200
77,1.5,136.5,,1957-10-10 20:20:00,3.0,,50
77,1.5,136.5,,1957-10-10 20:20:00,3.0,,100
77,1.5,136.5,,1957-10-10 20:20:00,3.0,,200
78,1.5,138.0,7.5,1957-10-10 20:20:00,3.0,86.5,50
78,1.5,138.0,7.5,1957-10-10 20:20:00,3.0,13.3,100
78,1.5,138.0,7.5,1957-10-10 20:20:00,3.0,0.855,200
79,1.5,139.5,,1957-10-10 20:20:00,3.0,,50
79,1.5,139.5,,1957-10-10 20:20:00,3.0,,100
79,1.5,139.5,,1957-10-10 20:20:00,3.0,,200
80,1.5,141.0,6.25,1957-10-10 20:20:00,3.0,39.3,50
80,1.5,141.0,6.25,1957-10-10 20:20:00,3.0,3.84,100
80,1.5,141.0,6.25,1957-10-10 20:20:00,3.0,0.102,200
81,1.5,142.5,,1957-10-10 20:20:00,3.0,,50
81,1.5,142.5,,1957-10-10 20:20:00,3.0,,100
81,1.5,142.5,,1957-10-10 20:20:00,3.0,,200
82,1.5,144.0,4.58,1957-10-10 20:20:00,3.0,16.8,50
82,1.5,144.0,4.58,1957-10-10 20:20:00,3.0,0.509,100
82,1.5,144.0,4.58,1957-10-10 20:20:00,3.0,,200
83,1.5,145.5,,1957-10-10 20:20:00,3.0,,50
83,1.5,145.5,,1957-10-10 20:20:00,3.0,,100
83,1.5,145.5,,1957-10-10 20:20:00,3.0,,200
84,1.5,147.0,2.92,1957-10-10 20:20:00,3.0,6.01,50
84,1.5,147.0,2.92,1957-10-10 20:20:00,3.0,0.179,100
84,1.5,147.0,2.92,1957-10-10 20:20:00,3.0,,200
85,1.5,148.5,,1957-10-10 20:20:00,3.0,,50
85,1.5,148.5,,1957-10-10 20:20:00,3.0,,100
85,1.5,148.5,,1957-10-10 20:20:00,3.0,,200
86,1.5,150.0,2.08,1957-10-10 20:20:00,3.0,2.87,50
86,1.5,150.0,2.08,1957-10-10 20:20:00,3.0,0.061,100
86,1.5,150.0,2.08,1957-10-10 20:20:00,3.0,,200
87,1.5,151.5,,1957-10-10 20:20:00,3.0,,50
87,1.5,151.5,,1957-10-10 20:20:00,3.0,,100
87,1.5,151.5,,1957-10-10 20:20:00,3.0,,200
88,1.5,153.0,1.66,1957-10-10 20:20:00,3.0,0.706,50
88,1.5,153.0,1.66,1957-10-10 20:20:00,3.0,,100
88,1.5,153.0,1.66,1957-10-10 20:20:00,3.0,,200
89,1.5,154.5,,1957-10-10 20:20:00,3.0,,50
89,1.5,154.5,,1957-10-10 20:20:00,3.0,,100
89,1.5,154.5,,1957-10-10 20:20:00,3.0,,200
90,1.5,156.0,,1957-10-10 20:20:00,3.0,0.072,50
90,1.5,156.0,,1957-10-10 20:20:00,3.0,,100
90,1.5,156.0,,1957-10-10 20:20:00,3.0,,200
91,1.5,157.5,,1957-10-10 20:20:00,3.0,,50
91,1.5,157.5,,1957-10-10 20:20:00,3.0,,100
91,1.5,157.5,,1957-10-10 20:20:00,3.0,,200
92,1.5,159.0,0.42,1957-10-10 20:20:00,3.0,0.047,50
92,1.5,159.0,0.42,1957-10-10 20:20:00,3.0,,100
92,1.5,159.0,0.42,1957-10-10 20:20:00,3.0,,200
93,1.5,160.5,,1957-10-10 20:20:00,3.0,,50
93,1.5,160.5,,1957-10-10 20:20:00,3.0,,100
93,1.5,160.5,,1957-10-10 20:20:00,3.0,,200
94,1.5,162.0,,1957-10-10 20:20:00,3.0,0.031,50
94,1.5,162.0,,1957-10-10 20:20:00,3.0,,100
94,1.5,162.0,,1957-10-10 20:20:00,3.0,,200
95,1.5,163.5,,1957-10-10 20:20:00,3.0,,50
95,1.5,163.5,,1957-10-10 20:20:00,3.0,,100
95,1.5,163.5,,1957-10-10 20:20:00,3.0,,200
27,1.5,61.5,,1957-11-04 12:00:00,4.0,,50
27,1.5,61.5,,1957-11-04 12:00:00,4.0,,100
27,1.5,61.5,,1957-11-04 12:00:00,4.0,,200
28,1.5,63.0,,1957-11-04 12:00:00,4.0,,50
28,1.5,63.0,,1957-11-04 12:00:00,4.0,0.171,100
28,1.5,63.0,,1957-11-04 12:00:00,4.0,,200
29,1.5,64.5,,1957-11-04 12:00:00,4.0,,50
29,1.5,64.5,,1957-11-04 12:00:00,4.0,,100
29,1.5,64.5,,1957-11-04 12:00:00,4.0,,200
30,1.5,66.0,,1957-11-04 12:00:00,4.0,1.16,50
30,1.5,66.0,,1957-11-04 12:00:00,4.0,0.684,100
30,1.5,66.0,,1957-11-04 12:00:00,4.0,,200
31,1.5,67.5,,1957-11-04 12:00:00,4.0,,50
31,1.5,67.5,,1957-11-04 12:00:00,4.0,,100
31,1.5,67.5,,1957-11-04 12:00:00,4.0,,200
32,1.5,69.0,0.83,1957-11-04 12:00:00,4.0,5.28,50
32,1.5,69.0,0.83,1957-11-04 12:00:00,4.0,2.07,100
32,1.5,69.0,0.83,1957-11-04 12:00:00,4.0,0.096,200
33,1.5,70.5,,1957-11-04 12:00:00,4.0,,50
33,1.5,70.5,,1957-11-04 12:00:00,4.0,,100
33,1.5,70.5,,1957-11-04 12:00:00,4.0,,200
34,1.5,72.0,1.67,1957-11-04 12:00:00,4.0,6.99,50
34,1.5,72.0,1.67,1957-11-04 12:00:00,4.0,3.19,100
34,1.5,72.0,1.67,1957-11-04 12:00:00,4.0,0.22,200
35,1.5,73.5,,1957-11-04 12:00:00,4.0,,50
35,1.5,73.5,,1957-11-04 12:00:00,4.0,,100
35,1.5,73.5,,1957-11-04 12:00:00,4.0,,200
36,1.5,75.0,3.33,1957-11-04 12:00:00,4.0,25.4,50
36,1.5,75.0,3.33,1957-11-04 12:00:00,4.0,8.09,100
36,1.5,75.0,3.33,1957-11-04 12:00:00,4.0,1.77,200
37,1.5,76.5,,1957-11-04 12:00:00,4.0,,50
37,1.5,76.5,,1957-11-04 12:00:00,4.0,,100
37,1.5,76.5,,1957-11-04 12:00:00,4.0,,200
38,1.5,78.0,5.0,1957-11-04 12:00:00,4.0,51.1,50
38,1.5,78.0,5.0,1957-11-04 12:00:00,4.0,18.2,100
38,1.5,78.0,5.0,1957-11-04 12:00:00,4.0,4.65,200
39,1.5,79.5,,1957-11-04 12:00:00,4.0,,50
39,1.5,79.5,,1957-11-04 12:00:00,4.0,,100
39,1.5,79.5,,1957-11-04 12:00:00,4.0,,200
40,1.5,81.0,6.67,1957-11-04 12:00:00,4.0,100.0,50
40,1.5,81.0,6.67,1957-11-04 12:00:00,4.0,32.8,100
40,1.5,81.0,6.67,1957-11-04 12:00:00,4.0,6.75,200
41,1.5,82.5,,1957-11-04 12:00:00,4.0,,50
41,1.5,82.5,,1957-11-04 12:00:00,4.0,,100
41,1.5,82.5,,1957-11-04 12:00:00,4.0,,200
42,1.5,84.0,7.92,1957-11-04 12:00:00,4.0,126.0,50
42,1.5,84.0,7.92,1957-11-04 12:00:00,4.0,43.3,100
42,1.5,84.0,7.92,1957-11-04 12:00:00,4.0,12.0,200
43,1.5,85.5,,1957-11-04 12:00:00,4.0,,50
43,1.5,85.5,,1957-11-04 12:00:00,4.0,,100
43,1.5,85.5,,1957-11-04 12:00:00,4.0,,200
44,1.5,87.0,5.42,1957-11-04 12:00:00,4.0,162.0,50
44,1.5,87.0,5.42,1957-11-04 12:00:00,4.0,16.1,100
44,1.5,87.0,5.42,1957-11-04 12:00:00,4.0,14.2,200
45,1.5,88.5,,1957-11-04 12:00:00,4.0,,50
45,1.5,88.5,,1957-11-04 12:00:00,4.0,,100
45,1.5,88.5,,1957-11-04 12:00:00,4.0,,200
46,1.5,90.0,5.83,1957-11-04 12:00:00,4.0,187.0,50
46,1.5,90.0,5.83,1957-11-04 12:00:00,4.0,54.9,100
46,1.5,90.0,5.83,1957-11-04 12:00:00,4.0,12.8,200
47,1.5,91.5,,1957-11-04 12:00:00,4.0,,50
47,1.5,91.5,,1957-11-04 12:00:00,4.0,,100
47,1.5,91.5,,1957-11-04 12:00:00,4.0,,200
48,1.5,93.0,8.75,1957-11-04 12:00:00,4.0,191.0,50
48,1.5,93.0,8.75,1957-11-04 12:00:00,4.0,52.2,100
48,1.5,93.0,8.75,1957-11-04 12:00:00,4.0,11.3,200
49,1.5,94.5,,1957-11-04 12:00:00,4.0,,50
49,1.5,94.5,,1957-11-04 12:00:00,4.0,,100
49,1.5,94.5,,1957-11-04 12:00:00,4.0,,200
50,1.5,96.0,9.58,1957-11-04 12:00:00,4.0,171.0,50
50,1.5,96.0,9.58,1957-11-04 12:00:00,4.0,42.5,100
50,1.5,96.0,9.58,1957-11-04 12:00:00,4.0,10.4,200
51,1.5,97.5,,1957-11-04 12:00:00,4.0,,50
51,1.5,97.5,,1957-11-04 12:00:00,4.0,,100
51,1.5,97.5,,1957-11-04 12:00:00,4.0,,200
52,1.5,99.0,4.17,1957-11-04 12:00:00,4.0,116.0,50
52,1.5,99.0,4.17,1957-11-04 12:00:00,4.0,30.3,100
52,1.5,99.0,4.17,1957-11-04 12:00:00,4.0,8.2,200
53,1.5,100.5,,1957-11-04 12:00:00,4.0,,50
53,1.5,100.5,,1957-11-04 12:00:00,4.0,,100
53,1.5,100.5,,1957-11-04 12:00:00,4.0,,200
54,1.5,102.0,5.0,1957-11-04 12:00:00,4.0,101.0,50
54,1.5,102.0,5.0,1957-11-04 12:00:00,4.0,24.5,100
54,1.5,102.0,5.0,1957-11-04 12:00:00,4.0,4.96,200
55,1.5,103.5,,1957-11-04 12:00:00,4.0,,50
55,1.5,103.5,,1957-11-04 12:00:00,4.0,,100
55,1.5,103.5,,1957-11-04 12:00:00,4.0,,200
56,1.5,105.0,8.33,1957-11-04 12:00:00,4.0,96.6,50
56,1.5,105.0,8.33,1957-11-04 12:00:00,4.0,20.2,100
56,1.5,105.0,8.33,1957-11-04 12:00:00,4.0,5.58,200
57,1.5,106.5,,1957-11-04 12:00:00,4.0,,50
57,1.5,106.5,,1957-11-04 12:00:00,4.0,,100
57,1.5,106.5,,1957-11-04 12:00:00,4.0,,200
58,1.5,108.0,5.42,1957-11-04 12:00:00,4.0,-99.0,50
58,1.5,108.0,5.42,1957-11-04 12:00:00,4.0,22.3,100
58,1.5,108.0,5.42,1957-11-04 12:00:00,4.0,4.96,200
59,1.5,109.5,,1957-11-04 12:00:00,4.0,,50
59,1.5,109.5,,1957-11-04 12:00:00,4.0,,100
59,1.5,109.5,,1957-11-04 12:00:00,4.0,,200
60,1.5,111.0,5.0,1957-11-04 12:00:00,4.0,116.0,50
60,1.5,111.0,5.0,1957-11-04 12:00:00,4.0,22.8,100
60,1.5,111.0,5.0,1957-11-04 12:00:00,4.0,4.41,200
61,1.5,112.5,,1957-11-04 12:00:00,4.0,,50
61,1.5,112.5,,1957-11-04 12:00:00,4.0,,100
61,1.5,112.5,,1957-11-04 12:00:00,4.0,,200
62,1.5,114.0,0.42,1957-11-04 12:00:00,4.0,113.0,50
62,1.5,114.0,0.42,1957-11-04 12:00:00,4.0,21.5,100
62,1.5,114.0,0.42,1957-11-04 12:00:00,4.0,3.84,200
63,1.5,115.5,,1957-11-04 12:00:00,4.0,,50
63,1.5,115.5,,1957-11-04 12:00:00,4.0,,100
63,1.5,115.5,,1957-11-04 12:00:00,4.0,,200
64,1.5,117.0,2.08,1957-11-04 12:00:00,4.0,94.5,50
64,1.5,117.0,2.08,1957-11-04 12:00:00,4.0,17.6,100
64,1.5,117.0,2.08,1957-11-04 12:00:00,4.0,3.05,200
65,1.5,118.5,,1957-11-04 12:00:00,4.0,,50
65,1.5,118.5,,1957-11-04 12:00:00,4.0,,100
65,1.5,118.5,,1957-11-04 12:00:00,4.0,,200
66,1.5,120.0,1.25,1957-11-04 12:00:00,4.0,94.2,50
66,1.5,120.0,1.25,1957-11-04 12:00:00,4.0,14.2,100
66,1.5,120.0,1.25,1957-11-04 12:00:00,4.0,2.69,200
67,1.5,121.5,,1957-11-04 12:00:00,4.0,,50
67,1.5,121.5,,1957-11-04 12:00:00,4.0,,100
67,1.5,121.5,,1957-11-04 12:00:00,4.0,,200
68,1.5,123.0,2.92,1957-11-04 12:00:00,4.0,71.3,50
68,1.5,123.0,2.92,1957-11-04 12:00:00,4.0,16.5,100
68,1.5,123.0,2.92,1957-11-04 12:00:00,4.0,1.93,200
69,1.5,124.5,,1957-11-04 12:00:00,4.0,,50
69,1.5,124.5,,1957-11-04 12:00:00,4.0,,100
69,1.5,124.5,,1957-11-04 12:00:00,4.0,,200
70,1.5,126.0,2.08,1957-11-04 12:00:00,4.0,51.9,50
70,1.5,126.0,2.08,1957-11-04 12:00:00,4.0,6.86,100
70,1.5,126.0,2.08,1957-11-04 12:00:00,4.0,0.95,200
71,1.5,127.5,,1957-11-04 12:00:00,4.0,,50
71,1.5,127.5,,1957-11-04 12:00:00,4.0,,100
71,1.5,127.5,,1957-11-04 12:00:00,4.0,,200
72,1.5,129.0,2.5,1957-11-04 12:00:00,4.0,29.4,50
72,1.5,129.0,2.5,1957-11-04 12:00:00,4.0,4.25,100
72,1.5,129.0,2.5,1957-11-04 12:00:00,4.0,0.61,200
73,1.5,130.5,,1957-11-04 12:00:00,4.0,,50
73,1.5,130.5,,1957-11-04 12:00:00,4.0,,100
73,1.5,130.5,,1957-11-04 12:00:00,4.0,,200
74,1.5,132.0,2.08,1957-11-04 12:00:00,4.0,9.0,50
74,1.5,132.0,2.08,1957-11-04 12:00:00,4.0,3.63,100
74,1.5,132.0,2.08,1957-11-04 12:00:00,4.0,0.41,200
75,1.5,133.5,,1957-11-04 12:00:00,4.0,,50
75,1.5,133.5,,1957-11-04 12:00:00,4.0,,100
75,1.5,133.5,,1957-11-04 12:00:00,4.0,,200
76,1.5,135.0,2.08,1957-11-04 12:00:00,4.0,8.14,50
76,1.5,135.0,2.08,1957-11-04 12:00:00,4.0,2.3,100
76,1.5,135.0,2.08,1957-11-04 12:00:00,4.0,0.197,200
77,1.5,136.5,,1957-11-04 12:00:00,4.0,,50
77,1.5,136.5,,1957-11-04 12:00:00,4.0,,100
77,1.5,136.5,,1957-11-04 12:00:00,4.0,,200
78,1.5,138.0,0.42,1957-11-04 12:00:00,4.0,8.31,50
78,1.5,138.0,0.42,1957-11-04 12:00:00,4.0,1.16,100
78,1.5,138.0,0.42,1957-11-04 12:00:00,4.0,,200
79,1.5,139.5,,1957-11-04 12:00:00,4.0,,50
79,1.5,139.5,,1957-11-04 12:00:00,4.0,,100
79,1.5,139.5,,1957-11-04 12:00:00,4.0,,200
80,1.5,141.0,,1957-11-04 12:00:00,4.0,3.43,50
80,1.5,141.0,,1957-11-04 12:00:00,4.0,1.37,100
80,1.5,141.0,,1957-11-04 12:00:00,4.0,,200
81,1.5,142.5,,1957-11-04 12:00:00,4.0,,50
81,1.5,142.5,,1957-11-04 12:00:00,4.0,,100
81,1.5,142.5,,1957-11-04 12:00:00,4.0,,200
82,1.5,144.0,0.83,1957-11-04 12:00:00,4.0,2.94,50
82,1.5,144.0,0.83,1957-11-04 12:00:00,4.0,0.344,100
82,1.5,144.0,0.83,1957-11-04 12:00:00,4.0,,200
83,1.5,145.5,,1957-11-04 12:00:00,4.0,,50
83,1.5,145.5,,1957-11-04 12:00:00,4.0,,100
83,1.5,145.5,,1957-11-04 12:00:00,4.0,,200
84,1.5,147.0,0.42,1957-11-04 12:00:00,4.0,4.62,50
84,1.5,147.0,0.42,1957-11-04 12:00:00,4.0,0.253,100
84,1.5,147.0,0.42,1957-11-04 12:00:00,4.0,,200
85,1.5,148.5,,1957-11-04 12:00:00,4.0,,50
85,1.5,148.5,,1957-11-04 12:00:00,4.0,,100
85,1.5,148.5,,1957-11-04 12:00:00,4.0,,200
86,1.5,150.0,,1957-11-04 12:00:00,4.0,5.68,50
86,1.5,150.0,,1957-11-04 12:00:00,4.0,,100
86,1.5,150.0,,1957-11-04 12:00:00,4.0,,200
87,1.5,151.5,,1957-11-04 12:00:00,4.0,,50
87,1.5,151.5,,1957-11-04 12:00:00,4.0,,100
87,1.5,151.5,,1957-11-04 12:00:00,4.0,,200
88,1.5,153.0,,1957-11-04 12:00:00,4.0,2.47,50
88,1.5,153.0,,1957-11-04 12:00:00,4.0,,100
88,1.5,153.0,,1957-11-04 12:00:00,4.0,,200
89,1.5,154.5,,1957-11-04 12:00:00,4.0,,50
89,1.5,154.5,,1957-11-04 12:00:00,4.0,,100
89,1.5,154.5,,1957-11-04 12:00:00,4.0,,200
90,1.5,156.0,,1957-11-04 12:00:00,4.0,0.11,50
90,1.5,156.0,,1957-11-04 12:00:00,4.0,,100
90,1.5,156.0,,1957-11-04 12:00:00,4.0,,200
91,1.5,157.5,,1957-11-04 12:00:00,4.0,,50
91,1.5,157.5,,1957-11-04 12:00:00,4.0,,100
91,1.5,157.5,,1957-11-04 12:00:00,4.0,,200
92,1.5,159.0,,1957-11-04 12:00:00,4.0,0.321,50
92,1.5,159.0,,1957-11-04 12:00:00,4.0,,100
92,1.5,159.0,,1957-11-04 12:00:00,4.0,,200
93,1.5,160.5,,1957-11-04 12:00:00,4.0,,50
93,1.5,160.5,,1957-11-04 12:00:00,4.0,,100
93,1.5,160.5,,1957-11-04 12:00:00,4.0,,200
31,1.5,67.5,,1957-11-06 17:45:00,5.0,,50
31,1.5,67.5,,1957-11-06 17:45:00,5.0,,100
31,1.5,67.5,,1957-11-06 17:45:00,5.0,,200
32,1.5,69.0,0.42,1957-11-06 17:45:00,5.0,,50
32,1.5,69.0,0.42,1957-11-06 17:45:00,5.0,,100
32,1.5,69.0,0.42,1957-11-06 17:45:00,5.0,,200
33,1.5,70.5,,1957-11-06 17:45:00,5.0,,50
33,1.5,70.5,,1957-11-06 17:45:00,5.0,,100
33,1.5,70.5,,1957-11-06 17:45:00,5.0,,200
34,1.5,72.0,,1957-11-06 17:45:00,5.0,,50
34,1.5,72.0,,1957-11-06 17:45:00,5.0,,100
34,1.5,72.0,,1957-11-06 17:45:00,5.0,,200
35,1.5,73.5,,1957-11-06 17:45:00,5.0,,50
35,1.5,73.5,,1957-11-06 17:45:00,5.0,,100
35,1.5,73.5,,1957-11-06 17:45:00,5.0,,200
36,1.5,75.0,,1957-11-06 17:45:00,5.0,,50
36,1.5,75.0,,1957-11-06 17:45:00,5.0,,100
36,1.5,75.0,,1957-11-06 17:45:00,5.0,,200
37,1.5,76.5,,1957-11-06 17:45:00,5.0,,50
37,1.5,76.5,,1957-11-06 17:45:00,5.0,,100
37,1.5,76.5,,1957-11-06 17:45:00,5.0,,200
38,1.5,78.0,0.42,1957-11-06 17:45:00,5.0,,50
38,1.5,78.0,0.42,1957-11-06 17:45:00,5.0,,100
38,1.5,78.0,0.42,1957-11-06 17:45:00,5.0,,200
39,1.5,79.5,,1957-11-06 17:45:00,5.0,,50
39,1.5,79.5,,1957-11-06 17:45:00,5.0,,100
39,1.5,79.5,,1957-11-06 17:45:00,5.0,,200
40,1.5,81.0,0.83,1957-11-06 17:45:00,5.0,1.28,50
40,1.5,81.0,0.83,1957-11-06 17:45:00,5.0,,100
40,1.5,81.0,0.83,1957-11-06 17:45:00,5.0,,200
41,1.5,82.5,,1957-11-06 17:45:00,5.0,,50
41,1.5,82.5,,1957-11-06 17:45:00,5.0,,100
41,1.5,82.5,,1957-11-06 17:45:00,5.0,,200
42,1.5,84.0,1.24,1957-11-06 17:45:00,5.0,5.56,50
42,1.5,84.0,1.24,1957-11-06 17:45:00,5.0,,100
42,1.5,84.0,1.24,1957-11-06 17:45:00,5.0,,200
43,1.5,85.5,,1957-11-06 17:45:00,5.0,,50
43,1.5,85.5,,1957-11-06 17:45:00,5.0,,100
43,1.5,85.5,,1957-11-06 17:45:00,5.0,,200
44,1.5,87.0,2.9,1957-11-06 17:45:00,5.0,21.9,50
44,1.5,87.0,2.9,1957-11-06 17:45:00,5.0,0.17,100
44,1.5,87.0,2.9,1957-11-06 17:45:00,5.0,,200
45,1.5,88.5,,1957-11-06 17:45:00,5.0,,50
45,1.5,88.5,,1957-11-06 17:45:00,5.0,,100
45,1.5,88.5,,1957-11-06 17:45:00,5.0,,200
46,1.5,90.0,3.32,1957-11-06 17:45:00,5.0,41.4,50
46,1.5,90.0,3.32,1957-11-06 17:45:00,5.0,6.88,100
46,1.5,90.0,3.32,1957-11-06 17:45:00,5.0,,200
47,1.5,91.5,,1957-11-06 17:45:00,5.0,,50
47,1.5,91.5,,1957-11-06 17:45:00,5.0,,100
47,1.5,91.5,,1957-11-06 17:45:00,5.0,,200
48,1.5,93.0,7.88,1957-11-06 17:45:00,5.0,106.0,50
48,1.5,93.0,7.88,1957-11-06 17:45:00,5.0,15.3,100
48,1.5,93.0,7.88,1957-11-06 17:45:00,5.0,,200
49,1.5,94.5,,1957-11-06 17:45:00,5.0,,50
49,1.5,94.5,,1957-11-06 17:45:00,5.0,,100
49,1.5,94.5,,1957-11-06 17:45:00,5.0,,200
50,1.5,96.0,9.13,1957-11-06 17:45:00,5.0,190.0,50
50,1.5,96.0,9.13,1957-11-06 17:45:00,5.0,77.5,100
50,1.5,96.0,9.13,1957-11-06 17:45:00,5.0,2.11,200
51,1.5,97.5,,1957-11-06 17:45:00,5.0,,50
51,1.5,97.5,,1957-11-06 17:45:00,5.0,,100
51,1.5,97.5,,1957-11-06 17:45:00,5.0,,200
52,1.5,99.0,9.96,1957-11-06 17:45:00,5.0,317.0,50
52,1.5,99.0,9.96,1957-11-06 17:45:00,5.0,189.0,100
52,1.5,99.0,9.96,1957-11-06 17:45:00,5.0,20.3,200
53,1.5,100.5,,1957-11-06 17:45:00,5.0,,50
53,1.5,100.5,,1957-11-06 17:45:00,5.0,,100
53,1.5,100.5,,1957-11-06 17:45:00,5.0,,200
54,1.5,102.0,14.52,1957-11-06 17:45:00,5.0,325.0,50
54,1.5,102.0,14.52,1957-11-06 17:45:00,5.0,273.0,100
54,1.5,102.0,14.52,1957-11-06 17:45:00,5.0,103.0,200
55,1.5,103.5,,1957-11-06 17:45:00,5.0,,50
55,1.5,103.5,,1957-11-06 17:45:00,5.0,,100
55,1.5,103.5,,1957-11-06 17:45:00,5.0,,200
56,1.5,105.0,18.25,1957-11-06 17:45:00,5.0,424.0,50
56,1.5,105.0,18.25,1957-11-06 17:45:00,5.0,283.0,100
56,1.5,105.0,18.25,1957-11-06 17:45:00,5.0,137.0,200
57,1.5,106.5,,1957-11-06 17:45:00,5.0,,50
57,1.5,106.5,,1957-11-06 17:45:00,5.0,,100
57,1.5,106.5,,1957-11-06 17:45:00,5.0,,200
58,1.5,108.0,8.3,1957-11-06 17:45:00,5.0,494.0,50
58,1.5,108.0,8.3,1957-11-06 17:45:00,5.0,256.0,100
58,1.5,108.0,8.3,1957-11-06 17:45:00,5.0,75.5,200
59,1.5,109.5,,1957-11-06 17:45:00,5.0,,50
59,1.5,109.5,,1957-11-06 17:45:00,5.0,,100
59,1.5,109.5,,1957-11-06 17:45:00,5.0,,200
60,1.5,111.0,6.64,1957-11-06 17:45:00,5.0,427.0,50
60,1.5,111.0,6.64,1957-11-06 17:45:00,5.0,209.0,100
60,1.5,111.0,6.64,1957-11-06 17:45:00,5.0,30.8,200
61,1.5,112.5,,1957-11-06 17:45:00,5.0,,50
61,1.5,112.5,,1957-11-06 17:45:00,5.0,,100
61,1.5,112.5,,1957-11-06 17:45:00,5.0,,200
62,1.5,114.0,7.88,1957-11-06 17:45:00,5.0,386.0,50
62,1.5,114.0,7.88,1957-11-06 17:45:00,5.0,70.8,100
62,1.5,114.0,7.88,1957-11-06 17:45:00,5.0,2.24,200
63,1.5,115.5,,1957-11-06 17:45:00,5.0,,50
63,1.5,115.5,,1957-11-06 17:45:00,5.0,,100
63,1.5,115.5,,1957-11-06 17:45:00,5.0,,200
64,1.5,117.0,2.9,1957-11-06 17:45:00,5.0,283.0,50
64,1.5,117.0,2.9,1957-11-06 17:45:00,5.0,19.8,100
64,1.5,117.0,2.9,1957-11-06 17:45:00,5.0,0.344,200
65,1.5,118.5,,1957-11-06 17:45:00,5.0,,50
65,1.5,118.5,,1957-11-06 17:45:00,5.0,,100
65,1.5,118.5,,1957-11-06 17:45:00,5.0,,200
66,1.5,120.0,3.32,1957-11-06 17:45:00,5.0,121.0,50
66,1.5,120.0,3.32,1957-11-06 17:45:00,5.0,2.47,100
66,1.5,120.0,3.32,1957-11-06 17:45:00,5.0,,200
67,1.5,121.5,,1957-11-06 17:45:00,5.0,,50
67,1.5,121.5,,1957-11-06 17:45:00,5.0,,100
67,1.5,121.5,,1957-11-06 17:45:00,5.0,,200
68,1.5,123.0,0.83,1957-11-06 17:45:00,5.0,19.9,50
68,1.5,123.0,0.83,1957-11-06 17:45:00,5.0,0.671,100
68,1.5,123.0,0.83,1957-11-06 17:45:00,5.0,,200
69,1.5,124.5,,1957-11-06 17:45:00,5.0,,50
69,1.5,124.5,,1957-11-06 17:45:00,5.0,,100
69,1.5,124.5,,1957-11-06 17:45:00,5.0,,200
70,1.5,126.0,0.42,1957-11-06 17:45:00,5.0,0.737,50
70,1.5,126.0,0.42,1957-11-06 17:45:00,5.0,0.239,100
70,1.5,126.0,0.42,1957-11-06 17:45:00,5.0,,200
71,1.5,127.5,,1957-11-06 17:45:00,5.0,,50
71,1.5,127.5,,1957-11-06 17:45:00,5.0,,100
71,1.5,127.5,,1957-11-06 17:45:00,5.0,,200
72,1.5,129.0,0.42,1957-11-06 17:45:00,5.0,0.385,50
72,1.5,129.0,0.42,1957-11-06 17:45:00,5.0,0.16,100
72,1.5,129.0,0.42,1957-11-06 17:45:00,5.0,,200
73,1.5,130.5,,1957-11-06 17:45:00,5.0,,50
73,1.5,130.5,,1957-11-06 17:45:00,5.0,,100
73,1.5,130.5,,1957-11-06 17:45:00,5.0,,200
74,1.5,132.0,0.42,1957-11-06 17:45:00,5.0,,50
74,1.5,132.0,0.42,1957-11-06 17:45:00,5.0,0.166,100
74,1.5,132.0,0.42,1957-11-06 17:45:00,5.0,,200
75,1.5,133.5,,1957-11-06 17:45:00,5.0,,50
75,1.5,133.5,,1957-11-06 17:45:00,5.0,,100
75,1.5,133.5,,1957-11-06 17:45:00,5.0,,200
25,1.5,58.5,,1957-11-17 17:00:00,6.0,,50
25,1.5,58.5,,1957-11-17 17:00:00,6.0,,100
25,1.5,58.5,,1957-11-17 17:00:00,6.0,,200
26,1.5,60.0,0.83,1957-11-17 17:00:00,6.0,,50
26,1.5,60.0,0.83,1957-11-17 17:00:00,6.0,,100
26,1.5,60.0,0.83,1957-11-17 17:00:00,6.0,,200
27,1.5,61.5,,1957-11-17 17:00:00,6.0,,50
27,1.5,61.5,,1957-11-17 17:00:00,6.0,,100
27,1.5,61.5,,1957-11-17 17:00:00,6.0,,200
28,1.5,63.0,2.08,1957-11-17 17:00:00,6.0,,50
28,1.5,63.0,2.08,1957-11-17 17:00:00,6.0,,100
28,1.5,63.0,2.08,1957-11-17 17:00:00,6.0,,200
29,1.5,64.5,,1957-11-17 17:00:00,6.0,,50
29,1.5,64.5,,1957-11-17 17:00:00,6.0,,100
29,1.5,64.5,,1957-11-17 17:00:00,6.0,,200
30,1.5,66.0,1.25,1957-11-17 17:00:00,6.0,1.0,50
30,1.5,66.0,1.25,1957-11-17 17:00:00,6.0,,100
30,1.5,66.0,1.25,1957-11-17 17:00:00,6.0,,200
31,1.5,67.5,,1957-11-17 17:00:00,6.0,,50
31,1.5,67.5,,1957-11-17 17:00:00,6.0,,100
31,1.5,67.5,,1957-11-17 17:00:00,6.0,,200
32,1.5,69.0,2.92,1957-11-17 17:00:00,6.0,5.27,50
32,1.5,69.0,2.92,1957-11-17 17:00:00,6.0,,100
32,1.5,69.0,2.92,1957-11-17 17:00:00,6.0,,200
33,1.5,70.5,,1957-11-17 17:00:00,6.0,,50
33,1.5,70.5,,1957-11-17 17:00:00,6.0,,100
33,1.5,70.5,,1957-11-17 17:00:00,6.0,,200
34,1.5,72.0,5.42,1957-11-17 17:00:00,6.0,14.3,50
34,1.5,72.0,5.42,1957-11-17 17:00:00,6.0,,100
34,1.5,72.0,5.42,1957-11-17 17:00:00,6.0,,200
35,1.5,73.5,,1957-11-17 17:00:00,6.0,,50
35,1.5,73.5,,1957-11-17 17:00:00,6.0,,100
35,1.5,73.5,,1957-11-17 17:00:00,6.0,,200
36,1.5,75.0,3.33,1957-11-17 17:00:00,6.0,17.4,50
36,1.5,75.0,3.33,1957-11-17 17:00:00,6.0,0.433,100
36,1.5,75.0,3.33,1957-11-17 17:00:00,6.0,,200
37,1.5,76.5,,1957-11-17 17:00:00,6.0,,50
37,1.5,76.5,,1957-11-17 17:00:00,6.0,,100
37,1.5,76.5,,1957-11-17 17:00:00,6.0,,200
38,1.5,78.0,11.25,1957-11-17 17:00:00,6.0,35.1,50
38,1.5,78.0,11.25,1957-11-17 17:00:00,6.0,1.33,100
38,1.5,78.0,11.25,1957-11-17 17:00:00,6.0,0.039,200
39,1.5,79.5,,1957-11-17 17:00:00,6.0,,50
39,1.5,79.5,,1957-11-17 17:00:00,6.0,,100
39,1.5,79.5,,1957-11-17 17:00:00,6.0,,200
40,1.5,81.0,7.08,1957-11-17 17:00:00,6.0,65.8,50
40,1.5,81.0,7.08,1957-11-17 17:00:00,6.0,8.69,100
40,1.5,81.0,7.08,1957-11-17 17:00:00,6.0,0.562,200
41,1.5,82.5,,1957-11-17 17:00:00,6.0,,50
41,1.5,82.5,,1957-11-17 17:00:00,6.0,,100
41,1.5,82.5,,1957-11-17 17:00:00,6.0,,200
42,1.5,84.0,8.33,1957-11-17 17:00:00,6.0,107.0,50
42,1.5,84.0,8.33,1957-11-17 17:00:00,6.0,26.3,100
42,1.5,84.0,8.33,1957-11-17 17:00:00,6.0,2.79,200
43,1.5,85.5,,1957-11-17 17:00:00,6.0,,50
43,1.5,85.5,,1957-11-17 17:00:00,6.0,,100
43,1.5,85.5,,1957-11-17 17:00:00,6.0,,200
44,1.5,87.0,7.08,1957-11-17 17:00:00,6.0,147.0,50
44,1.5,87.0,7.08,1957-11-17 17:00:00,6.0,50.7,100
44,1.5,87.0,7.08,1957-11-17 17:00:00,6.0,8.9,200
45,1.5,88.5,,1957-11-17 17:00:00,6.0,,50
45,1.5,88.5,,1957-11-17 17:00:00,6.0,,100
45,1.5,88.5,,1957-11-17 17:00:00,6.0,,200
46,1.5,90.0,11.67,1957-11-17 17:00:00,6.0,205.0,50
46,1.5,90.0,11.67,1957-11-17 17:00:00,6.0,62.1,100
46,1.5,90.0,11.67,1957-11-17 17:00:00,6.0,19.6,200
47,1.5,91.5,,1957-11-17 17:00:00,6.0,,50
47,1.5,91.5,,1957-11-17 17:00:00,6.0,,100
47,1.5,91.5,,1957-11-17 17:00:00,6.0,,200
48,1.5,93.0,10.42,1957-11-17 17:00:00,6.0,268.0,50
48,1.5,93.0,10.42,1957-11-17 17:00:00,6.0,89.9,100
48,1.5,93.0,10.42,1957-11-17 17:00:00,6.0,28.4,200
49,1.5,94.5,,1957-11-17 17:00:00,6.0,,50
49,1.5,94.5,,1957-11-17 17:00:00,6.0,,100
49,1.5,94.5,,1957-11-17 17:00:00,6.0,,200
50,1.5,96.0,7.91,1957-11-17 17:00:00,6.0,241.0,50
50,1.5,96.0,7.91,1957-11-17 17:00:00,6.0,79.7,100
50,1.5,96.0,7.91,1957-11-17 17:00:00,6.0,20.5,200
51,1.5,97.5,,1957-11-17 17:00:00,6.0,,50
51,1.5,97.5,,1957-11-17 17:00:00,6.0,,100
51,1.5,97.5,,1957-11-17 17:00:00,6.0,,200
52,1.5,99.0,6.67,1957-11-17 17:00:00,6.0,210.0,50
52,1.5,99.0,6.67,1957-11-17 17:00:00,6.0,64.3,100
52,1.5,99.0,6.67,1957-11-17 17:00:00,6.0,16.1,200
53,1.5,100.5,,1957-11-17 17:00:00,6.0,,50
53,1.5,100.5,,1957-11-17 17:00:00,6.0,,100
53,1.5,100.5,,1957-11-17 17:00:00,6.0,,200
54,1.5,102.0,5.42,1957-11-17 17:00:00,6.0,186.0,50
54,1.5,102.0,5.42,1957-11-17 17:00:00,6.0,55.3,100
54,1.5,102.0,5.42,1957-11-17 17:00:00,6.0,14.5,200
55,1.5,103.5,,1957-11-17 17:00:00,6.0,,50
55,1.5,103.5,,1957-11-17 17:00:00,6.0,,100
55,1.5,103.5,,1957-11-17 17:00:00,6.0,,200
56,1.5,105.0,3.75,1957-11-17 17:00:00,6.0,174.0,50
56,1.5,105.0,3.75,1957-11-17 17:00:00,6.0,50.7,100
56,1.5,105.0,3.75,1957-11-17 17:00:00,6.0,11.8,200
57,1.5,106.5,,1957-11-17 17:00:00,6.0,,50
57,1.5,106.5,,1957-11-17 17:00:00,6.0,,100
57,1.5,106.5,,1957-11-17 17:00:00,6.0,,200
58,1.5,108.0,0.83,1957-11-17 17:00:00,6.0,145.0,50
58,1.5,108.0,0.83,1957-11-17 17:00:00,6.0,38.5,100
58,1.5,108.0,0.83,1957-11-17 17:00:00,6.0,8.43,200
59,1.5,109.5,,1957-11-17 17:00:00,6.0,,50
59,1.5,109.5,,1957-11-17 17:00:00,6.0,,100
59,1.5,109.5,,1957-11-17 17:00:00,6.0,,200
60,1.5,111.0,1.67,1957-11-17 17:00:00,6.0,88.3,50
60,1.5,111.0,1.67,1957-11-17 17:00:00,6.0,20.1,100
60,1.5,111.0,1.67,1957-11-17 17:00:00,6.0,3.68,200
61,1.5,112.5,,1957-11-17 17:00:00,6.0,,50
61,1.5,112.5,,1957-11-17 17:00:00,6.0,,100
61,1.5,112.5,,1957-11-17 17:00:00,6.0,,200
62,1.5,114.0,1.25,1957-11-17 17:00:00,6.0,37.9,50
62,1.5,114.0,1.25,1957-11-17 17:00:00,6.0,8.79,100
62,1.5,114.0,1.25,1957-11-17 17:00:00,6.0,0.662,200
63,1.5,115.5,,1957-11-17 17:00:00,6.0,,50
63,1.5,115.5,,1957-11-17 17:00:00,6.0,,100
63,1.5,115.5,,1957-11-17 17:00:00,6.0,,200
64,1.5,117.0,0.42,1957-11-17 17:00:00,6.0,11.5,50
64,1.5,117.0,0.42,1957-11-17 17:00:00,6.0,1.64,100
64,1.5,117.0,0.42,1957-11-17 17:00:00,6.0,0.2,200
65,1.5,118.5,,1957-11-17 17:00:00,6.0,,50
65,1.5,118.5,,1957-11-17 17:00:00,6.0,,100
65,1.5,118.5,,1957-11-17 17:00:00,6.0,,200
66,1.5,120.0,,1957-11-17 17:00:00,6.0,2.71,50
66,1.5,120.0,,1957-11-17 17:00:00,6.0,0.102,100
66,1.5,120.0,,1957-11-17 17:00:00,6.0,,200
67,1.5,121.5,,1957-11-17 17:00:00,6.0,,50
67,1.5,121.5,,1957-11-17 17:00:00,6.0,,100
67,1.5,121.5,,1957-11-17 17:00:00,6.0,,200
68,1.5,123.0,,1957-11-17 17:00:00,6.0,0.442,50
68,1.5,123.0,,1957-11-17 17:00:00,6.0,,100
68,1.5,123.0,,1957-11-17 17:00:00,6.0,,200
69,1.5,124.5,,1957-11-17 17:00:00,6.0,,50
69,1.5,124.5,,1957-11-17 17:00:00,6.0,,100
69,1.5,124.5,,1957-11-17 17:00:00,6.0,,200
70,1.5,126.0,,1957-11-17 17:00:00,6.0,0.056,50
70,1.5,126.0,,1957-11-17 17:00:00,6.0,,100
70,1.5,126.0,,1957-11-17 17:00:00,6.0,,200
71,1.5,127.5,,1957-11-17 17:00:00,6.0,,50
71,1.5,127.5,,1957-11-17 17:00:00,6.0,,100
71,1.5,127.5,,1957-11-17 17:00:00,6.0,,200
72,1.5,129.0,,1957-11-17 17:00:00,6.0,,50
72,1.5,129.0,,1957-11-17 17:00:00,6.0,,100
72,1.5,129.0,,1957-11-17 17:00:00,6.0,,200
73,1.5,130.5,,1957-11-17 17:00:00,6.0,,50
73,1.5,130.5,,1957-11-17 17:00:00,6.0,,100
73,1.5,130.5,,1957-11-17 17:00:00,6.0,,200
74,1.5,132.0,,1957-11-17 17:00:00,6.0,,50
74,1.5,132.0,,1957-11-17 17:00:00,6.0,,100
74,1.5,132.0,,1957-11-17 17:00:00,6.0,,200
75,1.5,133.5,,1957-11-17 17:00:00,6.0,,50
75,1.5,133.5,,1957-11-17 17:00:00,6.0,,100
75,1.5,133.5,,1957-11-17 17:00:00,6.0,,200
76,1.5,135.0,0.42,1957-11-17 17:00:00,6.0,,50
76,1.5,135.0,0.42,1957-11-17 17:00:00,6.0,,100
76,1.5,135.0,0.42,1957-11-17 17:00:00,6.0,,200
23,1.5,55.5,,1957-11-20 17:00:00,7.0,,50
23,1.5,55.5,,1957-11-20 17:00:00,7.0,,100
23,1.5,55.5,,1957-11-20 17:00:00,7.0,,200
24,1.5,57.0,0.83,1957-11-20 17:00:00,7.0,0.579,50
24,1.5,57.0,0.83,1957-11-20 17:00:00,7.0,,100
24,1.5,57.0,0.83,1957-11-20 17:00:00,7.0,,200
25,1.5,58.5,,1957-11-20 17:00:00,7.0,,50
25,1.5,58.5,,1957-11-20 17:00:00,7.0,,100
25,1.5,58.5,,1957-11-20 17:00:00,7.0,,200
26,1.5,60.0,2.08,1957-11-20 17:00:00,7.0,3.04,50
26,1.5,60.0,2.08,1957-11-20 17:00:00,7.0,,100
26,1.5,60.0,2.08,1957-11-20 17:00:00,7.0,,200
27,1.5,61.5,,1957-11-20 17:00:00,7.0,,50
27,1.5,61.5,,1957-11-20 17:00:00,7.0,,100
27,1.5,61.5,,1957-11-20 17:00:00,7.0,,200
28,1.5,63.0,2.08,1957-11-20 17:00:00,7.0,5.33,50
28,1.5,63.0,2.08,1957-11-20 17:00:00,7.0,0.215,100
28,1.5,63.0,2.08,1957-11-20 17:00:00,7.0,,200
29,1.5,64.5,,1957-11-20 17:00:00,7.0,,50
29,1.5,64.5,,1957-11-20 17:00:00,7.0,,100
29,1.5,64.5,,1957-11-20 17:00:00,7.0,,200
30,1.5,66.0,4.16,1957-11-20 17:00:00,7.0,19.0,50
30,1.5,66.0,4.16,1957-11-20 17:00:00,7.0,0.93,100
30,1.5,66.0,4.16,1957-11-20 17:00:00,7.0,,200
31,1.5,67.5,,1957-11-20 17:00:00,7.0,,50
31,1.5,67.5,,1957-11-20 17:00:00,7.0,,100
31,1.5,67.5,,1957-11-20 17:00:00,7.0,,200
32,1.5,69.0,6.25,1957-11-20 17:00:00,7.0,31.3,50
32,1.5,69.0,6.25,1957-11-20 17:00:00,7.0,3.25,100
32,1.5,69.0,6.25,1957-11-20 17:00:00,7.0,0.058,200
33,1.5,70.5,,1957-11-20 17:00:00,7.0,,50
33,1.5,70.5,,1957-11-20 17:00:00,7.0,,100
33,1.5,70.5,,1957-11-20 17:00:00,7.0,,200
34,1.5,72.0,6.67,1957-11-20 17:00:00,7.0,39.9,50
34,1.5,72.0,6.67,1957-11-20 17:00:00,7.0,8.53,100
34,1.5,72.0,6.67,1957-11-20 17:00:00,7.0,0.244,200
35,1.5,73.5,,1957-11-20 17:00:00,7.0,,50
35,1.5,73.5,,1957-11-20 17:00:00,7.0,,100
35,1.5,73.5,,1957-11-20 17:00:00,7.0,,200
36,1.5,75.0,2.92,1957-11-20 17:00:00,7.0,58.6,50
36,1.5,75.0,2.92,1957-11-20 17:00:00,7.0,15.1,100
36,1.5,75.0,2.92,1957-11-20 17:00:00,7.0,1.63,200
37,1.5,76.5,,1957-11-20 17:00:00,7.0,,50
37,1.5,76.5,,1957-11-20 17:00:00,7.0,,100
37,1.5,76.5,,1957-11-20 17:00:00,7.0,,200
38,1.5,78.0,9.17,1957-11-20 17:00:00,7.0,89.7,50
38,1.5,78.0,9.17,1957-11-20 17:00:00,7.0,20.8,100
38,1.5,78.0,9.17,1957-11-20 17:00:00,7.0,4.35,200
39,1.5,79.5,,1957-11-20 17:00:00,7.0,,50
39,1.5,79.5,,1957-11-20 17:00:00,7.0,,100
39,1.5,79.5,,1957-11-20 17:00:00,7.0,,200
40,1.5,81.0,9.58,1957-11-20 17:00:00,7.0,114.0,50
40,1.5,81.0,9.58,1957-11-20 17:00:00,7.0,25.9,100
40,1.5,81.0,9.58,1957-11-20 17:00:00,7.0,7.26,200
41,1.5,82.5,,1957-11-20 17:00:00,7.0,,50
41,1.5,82.5,,1957-11-20 17:00:00,7.0,,100
41,1.5,82.5,,1957-11-20 17:00:00,7.0,,200
42,1.5,84.0,10.42,1957-11-20 17:00:00,7.0,112.0,50
42,1.5,84.0,10.42,1957-11-20 17:00:00,7.0,39.9,100
42,1.5,84.0,10.42,1957-11-20 17:00:00,7.0,9.03,200
43,1.5,85.5,,1957-11-20 17:00:00,7.0,,50
43,1.5,85.5,,1957-11-20 17:00:00,7.0,,100
43,1.5,85.5,,1957-11-20 17:00:00,7.0,,200
44,1.5,87.0,7.08,1957-11-20 17:00:00,7.0,106.0,50
44,1.5,87.0,7.08,1957-11-20 17:00:00,7.0,35.8,100
44,1.5,87.0,7.08,1957-11-20 17:00:00,7.0,13.7,200
45,1.5,88.5,,1957-11-20 17:00:00,7.0,,50
45,1.5,88.5,,1957-11-20 17:00:00,7.0,,100
45,1.5,88.5,,1957-11-20 17:00:00,7.0,,200
46,1.5,90.0,6.67,1957-11-20 17:00:00,7.0,104.0,50
46,1.5,90.0,6.67,1957-11-20 17:00:00,7.0,35.3,100
46,1.5,90.0,6.67,1957-11-20 17:00:00,7.0,12.0,200
47,1.5,91.5,,1957-11-20 17:00:00,7.0,,50
47,1.5,91.5,,1957-11-20 17:00:00,7.0,,100
47,1.5,91.5,,1957-11-20 17:00:00,7.0,,200
48,1.5,93.0,6.67,1957-11-20 17:00:00,7.0,92.3,50
48,1.5,93.0,6.67,1957-11-20 17:00:00,7.0,34.8,100
48,1.5,93.0,6.67,1957-11-20 17:00:00,7.0,8.38,200
49,1.5,94.5,,1957-11-20 17:00:00,7.0,,50
49,1.5,94.5,,1957-11-20 17:00:00,7.0,,100
49,1.5,94.5,,1957-11-20 17:00:00,7.0,,200
50,1.5,96.0,7.5,1957-11-20 17:00:00,7.0,102.0,50
50,1.5,96.0,7.5,1957-11-20 17:00:00,7.0,26.1,100
50,1.5,96.0,7.5,1957-11-20 17:00:00,7.0,5.41,200
51,1.5,97.5,,1957-11-20 17:00:00,7.0,,50
51,1.5,97.5,,1957-11-20 17:00:00,7.0,,100
51,1.5,97.5,,1957-11-20 17:00:00,7.0,,200
52,1.5,99.0,5.0,1957-11-20 17:00:00,7.0,91.2,50
52,1.5,99.0,5.0,1957-11-20 17:00:00,7.0,15.4,100
52,1.5,99.0,5.0,1957-11-20 17:00:00,7.0,3.0,200
53,1.5,100.5,,1957-11-20 17:00:00,7.0,,50
53,1.5,100.5,,1957-11-20 17:00:00,7.0,,100
53,1.5,100.5,,1957-11-20 17:00:00,7.0,,200
54,1.5,102.0,3.75,1957-11-20 17:00:00,7.0,49.1,50
54,1.5,102.0,3.75,1957-11-20 17:00:00,7.0,8.05,100
54,1.5,102.0,3.75,1957-11-20 17:00:00,7.0,1.33,200
55,1.5,103.5,,1957-11-20 17:00:00,7.0,,50
55,1.5,103.5,,1957-11-20 17:00:00,7.0,,100
55,1.5,103.5,,1957-11-20 17:00:00,7.0,,200
56,1.5,105.0,3.75,1957-11-20 17:00:00,7.0,29.0,50
56,1.5,105.0,3.75,1957-11-20 17:00:00,7.0,4.66,100
56,1.5,105.0,3.75,1957-11-20 17:00:00,7.0,0.625,200
57,1.5,106.5,,1957-11-20 17:00:00,7.0,,50
57,1.5,106.5,,1957-11-20 17:00:00,7.0,,100
57,1.5,106.5,,1957-11-20 17:00:00,7.0,,200
58,1.5,108.0,2.08,1957-11-20 17:00:00,7.0,13.9,50
58,1.5,108.0,2.08,1957-11-20 17:00:00,7.0,2.21,100
58,1.5,108.0,2.08,1957-11-20 17:00:00,7.0,0.239,200
59,1.5,109.5,,1957-11-20 17:00:00,7.0,,50
59,1.5,109.5,,1957-11-20 17:00:00,7.0,,100
59,1.5,109.5,,1957-11-20 17:00:00,7.0,,200
60,1.5,111.0,0.42,1957-11-20 17:00:00,7.0,10.7,50
60,1.5,111.0,0.42,1957-11-20 17:00:00,7.0,0.5,100
60,1.5,111.0,0.42,1957-11-20 17:00:00,7.0,,200
61,1.5,112.5,,1957-11-20 17:00:00,7.0,,50
61,1.5,112.5,,1957-11-20 17:00:00,7.0,,100
61,1.5,112.5,,1957-11-20 17:00:00,7.0,,200
62,1.5,114.0,1.67,1957-11-20 17:00:00,7.0,5.88,50
62,1.5,114.0,1.67,1957-11-20 17:00:00,7.0,0.065,100
62,1.5,114.0,1.67,1957-11-20 17:00:00,7.0,,200
63,1.5,115.5,,1957-11-20 17:00:00,7.0,,50
63,1.5,115.5,,1957-11-20 17:00:00,7.0,,100
63,1.5,115.5,,1957-11-20 17:00:00,7.0,,200
64,1.5,117.0,,1957-11-20 17:00:00,7.0,0.599,50
64,1.5,117.0,,1957-11-20 17:00:00,7.0,,100
64,1.5,117.0,,1957-11-20 17:00:00,7.0,,200
65,1.5,118.5,,1957-11-20 17:00:00,7.0,,50
65,1.5,118.5,,1957-11-20 17:00:00,7.0,,100
65,1.5,118.5,,1957-11-20 17:00:00,7.0,,200
66,1.5,120.0,,1957-11-20 17:00:00,7.0,,50
66,1.5,120.0,,1957-11-20 17:00:00,7.0,,100
66,1.5,120.0,,1957-11-20 17:00:00,7.0,,200
67,1.5,121.5,,1957-11-20 17:00:00,7.0,,50
67,1.5,121.5,,1957-11-20 17:00:00,7.0,,100
67,1.5,121.5,,1957-11-20 17:00:00,7.0,,200
68,1.5,123.0,0.83,1957-11-20 17:00:00,7.0,,50
68,1.5,123.0,0.83,1957-11-20 17:00:00,7.0,,100
68,1.5,123.0,0.83,1957-11-20 17:00:00,7.0,,200
69,1.5,124.5,,1957-11-20 17:00:00,7.0,,50
69,1.5,124.5,,1957-11-20 17:00:00,7.0,,100
69,1.5,124.5,,1957-11-20 17:00:00,7.0,,200
70,1.5,126.0,,1957-11-20 17:00:00,7.0,,50
70,1.5,126.0,,1957-11-20 17:00:00,7.0,,100
70,1.5,126.0,,1957-11-20 17:00:00,7.0,,200
71,1.5,127.5,,1957-11-20 17:00:00,7.0,,50
71,1.5,127.5,,1957-11-20 17:00:00,7.0,,100
71,1.5,127.5,,1957-11-20 17:00:00,7.0,,200
72,1.5,129.0,0.42,1957-11-20 17:00:00,7.0,,50
72,1.5,129.0,0.42,1957-11-20 17:00:00,7.0,,100
72,1.5,129.0,0.42,1957-11-20 17:00:00,7.0,,200
73,1.5,130.5,,1957-11-20 17:00:00,7.0,,50
73,1.5,130.5,,1957-11-20 17:00:00,7.0,,100
73,1.5,130.5,,1957-11-20 17:00:00,7.0,,200
25,1.5,58.5,,1957-11-22 20:30:00,8.0,,50
25,1.5,58.5,,1957-11-22 20:30:00,8.0,,100
25,1.5,58.5,,1957-11-22 20:30:00,8.0,,200
26,1.5,60.0,0.42,1957-11-22 20:30:00,8.0,,50
26,1.5,60.0,0.42,1957-11-22 20:30:00,8.0,,100
26,1.5,60.0,0.42,1957-11-22 20:30:00,8.0,,200
27,1.5,61.5,,1957-11-22 20:30:00,8.0,,50
27,1.5,61.5,,1957-11-22 20:30:00,8.0,,100
27,1.5,61.5,,1957-11-22 20:30:00,8.0,,200
28,1.5,63.0,1.25,1957-11-22 20:30:00,8.0,,50
28,1.5,63.0,1.25,1957-11-22 20:30:00,8.0,,100
28,1.5,63.0,1.25,1957-11-22 20:30:00,8.0,,200
29,1.5,64.5,,1957-11-22 20:30:00,8.0,,50
29,1.5,64.5,,1957-11-22 20:30:00,8.0,,100
29,1.5,64.5,,1957-11-22 20:30:00,8.0,,200
30,1.5,66.0,1.25,1957-11-22 20:30:00,8.0,0.893,50
30,1.5,66.0,1.25,1957-11-22 20:30:00,8.0,,100
30,1.5,66.0,1.25,1957-11-22 20:30:00,8.0,,200
31,1.5,67.5,,1957-11-22 20:30:00,8.0,,50
31,1.5,67.5,,1957-11-22 20:30:00,8.0,,100
31,1.5,67.5,,1957-11-22 20:30:00,8.0,,200
32,1.5,69.0,0.83,1957-11-22 20:30:00,8.0,6.91,50
32,1.5,69.0,0.83,1957-11-22 20:30:00,8.0,,100
32,1.5,69.0,0.83,1957-11-22 20:30:00,8.0,,200
33,1.5,70.5,,1957-11-22 20:30:00,8.0,,50
33,1.5,70.5,,1957-11-22 20:30:00,8.0,,100
33,1.5,70.5,,1957-11-22 20:30:00,8.0,,200
34,1.5,72.0,2.5,1957-11-22 20:30:00,8.0,20.5,50
34,1.5,72.0,2.5,1957-11-22 20:30:00,8.0,1.13,100
34,1.5,72.0,2.5,1957-11-22 20:30:00,8.0,,200
35,1.5,73.5,,1957-11-22 20:30:00,8.0,,50
35,1.5,73.5,,1957-11-22 20:30:00,8.0,,100
35,1.5,73.5,,1957-11-22 20:30:00,8.0,,200
36,1.5,75.0,3.33,1957-11-22 20:30:00,8.0,29.8,50
36,1.5,75.0,3.33,1957-11-22 20:30:00,8.0,5.95,100
36,1.5,75.0,3.33,1957-11-22 20:30:00,8.0,0.228,200
37,1.5,76.5,,1957-11-22 20:30:00,8.0,,50
37,1.5,76.5,,1957-11-22 20:30:00,8.0,,100
37,1.5,76.5,,1957-11-22 20:30:00,8.0,,200
38,1.5,78.0,6.25,1957-11-22 20:30:00,8.0,56.1,50
38,1.5,78.0,6.25,1957-11-22 20:30:00,8.0,12.3,100
38,1.5,78.0,6.25,1957-11-22 20:30:00,8.0,1.17,200
39,1.5,79.5,,1957-11-22 20:30:00,8.0,,50
39,1.5,79.5,,1957-11-22 20:30:00,8.0,,100
39,1.5,79.5,,1957-11-22 20:30:00,8.0,,200
40,1.5,81.0,7.92,1957-11-22 20:30:00,8.0,66.5,50
40,1.5,81.0,7.92,1957-11-22 20:30:00,8.0,22.2,100
40,1.5,81.0,7.92,1957-11-22 20:30:00,8.0,3.69,200
41,1.5,82.5,,1957-11-22 20:30:00,8.0,,50
41,1.5,82.5,,1957-11-22 20:30:00,8.0,,100
41,1.5,82.5,,1957-11-22 20:30:00,8.0,,200
42,1.5,84.0,11.25,1957-11-22 20:30:00,8.0,84.3,50
42,1.5,84.0,11.25,1957-11-22 20:30:00,8.0,28.1,100
42,1.5,84.0,11.25,1957-11-22 20:30:00,8.0,9.86,200
43,1.5,85.5,,1957-11-22 20:30:00,8.0,,50
43,1.5,85.5,,1957-11-22 20:30:00,8.0,,100
43,1.5,85.5,,1957-11-22 20:30:00,8.0,,200
44,1.5,87.0,5.83,1957-11-22 20:30:00,8.0,84.3,50
44,1.5,87.0,5.83,1957-11-22 20:30:00,8.0,29.8,100
44,1.5,87.0,5.83,1957-11-22 20:30:00,8.0,11.7,200
45,1.5,88.5,,1957-11-22 20:30:00,8.0,,50
45,1.5,88.5,,1957-11-22 20:30:00,8.0,,100
45,1.5,88.5,,1957-11-22 20:30:00,8.0,,200
46,1.5,90.0,8.75,1957-11-22 20:30:00,8.0,101.0,50
46,1.5,90.0,8.75,1957-11-22 20:30:00,8.0,36.7,100
46,1.5,90.0,8.75,1957-11-22 20:30:00,8.0,13.3,200
47,1.5,91.5,,1957-11-22 20:30:00,8.0,,50
47,1.5,91.5,,1957-11-22 20:30:00,8.0,,100
47,1.5,91.5,,1957-11-22 20:30:00,8.0,,200
48,1.5,93.0,9.59,1957-11-22 20:30:00,8.0,134.0,50
48,1.5,93.0,9.59,1957-11-22 20:30:00,8.0,49.7,100
48,1.5,93.0,9.59,1957-11-22 20:30:00,8.0,14.0,200
49,1.5,94.5,,1957-11-22 20:30:00,8.0,,50
49,1.5,94.5,,1957-11-22 20:30:00,8.0,,100
49,1.5,94.5,,1957-11-22 20:30:00,8.0,,200
50,1.5,96.0,9.17,1957-11-22 20:30:00,8.0,128.0,50
50,1.5,96.0,9.17,1957-11-22 20:30:00,8.0,47.7,100
50,1.5,96.0,9.17,1957-11-22 20:30:00,8.0,11.9,200
51,1.5,97.5,,1957-11-22 20:30:00,8.0,,50
51,1.5,97.5,,1957-11-22 20:30:00,8.0,,100
51,1.5,97.5,,1957-11-22 20:30:00,8.0,,200
52,1.5,99.0,6.25,1957-11-22 20:30:00,8.0,141.0,50
52,1.5,99.0,6.25,1957-11-22 20:30:00,8.0,34.4,100
52,1.5,99.0,6.25,1957-11-22 20:30:00,8.0,7.38,200
53,1.5,100.5,,1957-11-22 20:30:00,8.0,,50
53,1.5,100.5,,1957-11-22 20:30:00,8.0,,100
53,1.5,100.5,,1957-11-22 20:30:00,8.0,,200
54,1.5,102.0,8.75,1957-11-22 20:30:00,8.0,142.0,50
54,1.5,102.0,8.75,1957-11-22 20:30:00,8.0,20.5,100
54,1.5,102.0,8.75,1957-11-22 20:30:00,8.0,2.72,200
55,1.5,103.5,,1957-11-22 20:30:00,8.0,,50
55,1.5,103.5,,1957-11-22 20:30:00,8.0,,100
55,1.5,103.5,,1957-11-22 20:30:00,8.0,,200
56,1.5,105.0,4.58,1957-11-22 20:30:00,8.0,103.0,50
56,1.5,105.0,4.58,1957-11-22 20:30:00,8.0,8.14,100
56,1.5,105.0,4.58,1957-11-22 20:30:00,8.0,0.936,200
57,1.5,106.5,,1957-11-22 20:30:00,8.0,,50
57,1.5,106.5,,1957-11-22 20:30:00,8.0,,100
57,1.5,106.5,,1957-11-22 20:30:00,8.0,,200
58,1.5,108.0,4.58,1957-11-22 20:30:00,8.0,76.9,50
58,1.5,108.0,4.58,1957-11-22 20:30:00,8.0,1.55,100
58,1.5,108.0,4.58,1957-11-22 20:30:00,8.0,0.207,200
59,1.5,109.5,,1957-11-22 20:30:00,8.0,,50
59,1.5,109.5,,1957-11-22 20:30:00,8.0,,100
59,1.5,109.5,,1957-11-22 20:30:00,8.0,,200
60,1.5,111.0,2.08,1957-11-22 20:30:00,8.0,37.6,50
60,1.5,111.0,2.08,1957-11-22 20:30:00,8.0,0.41,100
60,1.5,111.0,2.08,1957-11-22 20:30:00,8.0,,200
61,1.5,112.5,,1957-11-22 20:30:00,8.0,,50
61,1.5,112.5,,1957-11-22 20:30:00,8.0,,100
61,1.5,112.5,,1957-11-22 20:30:00,8.0,,200
62,1.5,114.0,1.67,1957-11-22 20:30:00,8.0,13.2,50
62,1.5,114.0,1.67,1957-11-22 20:30:00,8.0,0.109,100
62,1.5,114.0,1.67,1957-11-22 20:30:00,8.0,,200
63,1.5,115.5,,1957-11-22 20:30:00,8.0,,50
63,1.5,115.5,,1957-11-22 20:30:00,8.0,,100
63,1.5,115.5,,1957-11-22 20:30:00,8.0,,200
64,1.5,117.0,0.42,1957-11-22 20:30:00,8.0,5.89,50
64,1.5,117.0,0.42,1957-11-22 20:30:00,8.0,,100
64,1.5,117.0,0.42,1957-11-22 20:30:00,8.0,,200
65,1.5,118.5,,1957-11-22 20:30:00,8.0,,50
65,1.5,118.5,,1957-11-22 20:30:00,8.0,,100
65,1.5,118.5,,1957-11-22 20:30:00,8.0,,200
66,1.5,120.0,1.25,1957-11-22 20:30:00,8.0,0.833,50
66,1.5,120.0,1.25,1957-11-22 20:30:00,8.0,,100
66,1.5,120.0,1.25,1957-11-22 20:30:00,8.0,,200
67,1.5,121.5,,1957-11-22 20:30:00,8.0,,50
67,1.5,121.5,,1957-11-22 20:30:00,8.0,,100
67,1.5,121.5,,1957-11-22 20:30:00,8.0,,200
68,1.5,123.0,0.42,1957-11-22 20:30:00,8.0,0.278,50
68,1.5,123.0,0.42,1957-11-22 20:30:00,8.0,,100
68,1.5,123.0,0.42,1957-11-22 20:30:00,8.0,,200
69,1.5,124.5,,1957-11-22 20:30:00,8.0,,50
69,1.5,124.5,,1957-11-22 20:30:00,8.0,,100
69,1.5,124.5,,1957-11-22 20:30:00,8.0,,200
70,1.5,126.0,0.83,1957-11-22 20:30:00,8.0,,50
70,1.5,126.0,0.83,1957-11-22 20:30:00,8.0,,100
70,1.5,126.0,0.83,1957-11-22 20:30:00,8.0,,200
71,1.5,127.5,,1957-11-22 20:30:00,8.0,,50
71,1.5,127.5,,1957-11-22 20:30:00,8.0,,100
71,1.5,127.5,,1957-11-22 20:30:00,8.0,,200
72,1.5,129.0,0.83,1957-11-22 20:30:00,8.0,,50
72,1.5,129.0,0.83,1957-11-22 20:30:00,8.0,,100
72,1.5,129.0,0.83,1957-11-22 20:30:00,8.0,,200
73,1.5,130.5,,1957-11-22 20:30:00,8.0,,50
73,1.5,130.5,,1957-11-22 20:30:00,8.0,,100
73,1.5,130.5,,1957-11-22 20:30:00,8.0,,200
9,1.5,34.5,,1957-11-26 11:20:00,9.0,,50
9,1.5,34.5,,1957-11-26 11:20:00,9.0,,100
9,1.5,34.5,,1957-11-26 11:20:00,9.0,,200
10,1.5,36.0,,1957-11-26 11:20:00,9.0,0.181,50
10,1.5,36.0,,1957-11-26 11:20:00,9.0,,100
10,1.5,36.0,,1957-11-26 11:20:00,9.0,,200
11,1.5,37.5,,1957-11-26 11:20:00,9.0,,50
11,1.5,37.5,,1957-11-26 11:20:00,9.0,,100
11,1.5,37.5,,1957-11-26 11:20:00,9.0,,200
12,1.5,39.0,,1957-11-26 11:20:00,9.0,1.9,50
12,1.5,39.0,,1957-11-26 11:20:00,9.0,,100
12,1.5,39.0,,1957-11-26 11:20:00,9.0,,200
13,1.5,40.5,,1957-11-26 11:20:00,9.0,,50
13,1.5,40.5,,1957-11-26 11:20:00,9.0,,100
13,1.5,40.5,,1957-11-26 11:20:00,9.0,,200
14,1.5,42.0,,1957-11-26 11:20:00,9.0,10.5,50
14,1.5,42.0,,1957-11-26 11:20:00,9.0,0.041,100
14,1.5,42.0,,1957-11-26 11:20:00,9.0,,200
15,1.5,43.5,,1957-11-26 11:20:00,9.0,,50
15,1.5,43.5,,1957-11-26 11:20:00,9.0,,100
15,1.5,43.5,,1957-11-26 11:20:00,9.0,,200
16,1.5,45.0,0.42,1957-11-26 11:20:00,9.0,23.7,50
16,1.5,45.0,0.42,1957-11-26 11:20:00,9.0,1.37,100
16,1.5,45.0,0.42,1957-11-26 11:20:00,9.0,,200
17,1.5,46.5,,1957-11-26 11:20:00,9.0,,50
17,1.5,46.5,,1957-11-26 11:20:00,9.0,,100
17,1.5,46.5,,1957-11-26 11:20:00,9.0,,200
18,1.5,48.0,3.33,1957-11-26 11:20:00,9.0,43.4,50
18,1.5,48.0,3.33,1957-11-26 11:20:00,9.0,2.8,100
18,1.5,48.0,3.33,1957-11-26 11:20:00,9.0,0.057,200
19,1.5,49.5,,1957-11-26 11:20:00,9.0,,50
19,1.5,49.5,,1957-11-26 11:20:00,9.0,,100
19,1.5,49.5,,1957-11-26 11:20:00,9.0,,200
20,1.5,51.0,2.08,1957-11-26 11:20:00,9.0,57.4,50
20,1.5,51.0,2.08,1957-11-26 11:20:00,9.0,6.85,100
20,1.5,51.0,2.08,1957-11-26 11:20:00,9.0,0.673,200
21,1.5,52.5,,1957-11-26 11:20:00,9.0,,50
21,1.5,52.5,,1957-11-26 11:20:00,9.0,,100
21,1.5,52.5,,1957-11-26 11:20:00,9.0,,200
22,1.5,54.0,3.75,1957-11-26 11:20:00,9.0,69.3,50
22,1.5,54.0,3.75,1957-11-26 11:20:00,9.0,13.4,100
22,1.5,54.0,3.75,1957-11-26 11:20:00,9.0,2.05,200
23,1.5,55.5,,1957-11-26 11:20:00,9.0,,50
23,1.5,55.5,,1957-11-26 11:20:00,9.0,,100
23,1.5,55.5,,1957-11-26 11:20:00,9.0,,200
24,1.5,57.0,5.0,1957-11-26 11:20:00,9.0,106.0,50
24,1.5,57.0,5.0,1957-11-26 11:20:00,9.0,17.7,100
24,1.5,57.0,5.0,1957-11-26 11:20:00,9.0,4.45,200
25,1.5,58.5,,1957-11-26 11:20:00,9.0,,50
25,1.5,58.5,,1957-11-26 11:20:00,9.0,,100
25,1.5,58.5,,1957-11-26 11:20:00,9.0,,200
26,1.5,60.0,4.58,1957-11-26 11:20:00,9.0,136.0,50
26,1.5,60.0,4.58,1957-11-26 11:20:00,9.0,29.3,100
26,1.5,60.0,4.58,1957-11-26 11:20:00,9.0,5.21,200
27,1.5,61.5,,1957-11-26 11:20:00,9.0,,50
27,1.5,61.5,,1957-11-26 11:20:00,9.0,,100
27,1.5,61.5,,1957-11-26 11:20:00,9.0,,200
28,1.5,63.0,7.92,1957-11-26 11:20:00,9.0,148.0,50
28,1.5,63.0,7.92,1957-11-26 11:20:00,9.0,48.2,100
28,1.5,63.0,7.92,1957-11-26 11:20:00,9.0,8.14,200
29,1.5,64.5,,1957-11-26 11:20:00,9.0,,50
29,1.5,64.5,,1957-11-26 11:20:00,9.0,,100
29,1.5,64.5,,1957-11-26 11:20:00,9.0,,200
30,1.5,66.0,10.42,1957-11-26 11:20:00,9.0,153.0,50
30,1.5,66.0,10.42,1957-11-26 11:20:00,9.0,57.7,100
30,1.5,66.0,10.42,1957-11-26 11:20:00,9.0,12.7,200
31,1.5,67.5,,1957-11-26 11:20:00,9.0,,50
31,1.5,67.5,,1957-11-26 11:20:00,9.0,,100
31,1.5,67.5,,1957-11-26 11:20:00,9.0,,200
32,1.5,69.0,11.25,1957-11-26 11:20:00,9.0,174.0,50
32,1.5,69.0,11.25,1957-11-26 11:20:00,9.0,59.2,100
32,1.5,69.0,11.25,1957-11-26 11:20:00,9.0,17.4,200
33,1.5,70.5,,1957-11-26 11:20:00,9.0,,50
33,1.5,70.5,,1957-11-26 11:20:00,9.0,,100
33,1.5,70.5,,1957-11-26 11:20:00,9.0,,200
34,1.5,72.0,8.33,1957-11-26 11:20:00,9.0,177.0,50
34,1.5,72.0,8.33,1957-11-26 11:20:00,9.0,51.1,100
34,1.5,72.0,8.33,1957-11-26 11:20:00,9.0,16.6,200
35,1.5,73.5,,1957-11-26 11:20:00,9.0,,50
35,1.5,73.5,,1957-11-26 11:20:00,9.0,,100
35,1.5,73.5,,1957-11-26 11:20:00,9.0,,200
36,1.5,75.0,7.5,1957-11-26 11:20:00,9.0,155.0,50
36,1.5,75.0,7.5,1957-11-26 11:20:00,9.0,47.7,100
36,1.5,75.0,7.5,1957-11-26 11:20:00,9.0,14.3,200
37,1.5,76.5,,1957-11-26 11:20:00,9.0,,50
37,1.5,76.5,,1957-11-26 11:20:00,9.0,,100
37,1.5,76.5,,1957-11-26 11:20:00,9.0,,200
38,1.5,78.0,7.92,1957-11-26 11:20:00,9.0,129.0,50
38,1.5,78.0,7.92,1957-11-26 11:20:00,9.0,40.4,100
38,1.5,78.0,7.92,1957-11-26 11:20:00,9.0,11.2,200
39,1.5,79.5,,1957-11-26 11:20:00,9.0,,50
39,1.5,79.5,,1957-11-26 11:20:00,9.0,,100
39,1.5,79.5,,1957-11-26 11:20:00,9.0,,200
40,1.5,81.0,7.08,1957-11-26 11:20:00,9.0,98.7,50
40,1.5,81.0,7.08,1957-11-26 11:20:00,9.0,38.2,100
40,1.5,81.0,7.08,1957-11-26 11:20:00,9.0,5.79,200
41,1.5,82.5,,1957-11-26 11:20:00,9.0,,50
41,1.5,82.5,,1957-11-26 11:20:00,9.0,,100
41,1.5,82.5,,1957-11-26 11:20:00,9.0,,200
42,1.5,84.0,7.08,1957-11-26 11:20:00,9.0,81.7,50
42,1.5,84.0,7.08,1957-11-26 11:20:00,9.0,23.9,100
42,1.5,84.0,7.08,1957-11-26 11:20:00,9.0,4.67,200
43,1.5,85.5,,1957-11-26 11:20:00,9.0,,50
43,1.5,85.5,,1957-11-26 11:20:00,9.0,,100
43,1.5,85.5,,1957-11-26 11:20:00,9.0,,200
44,1.5,87.0,3.75,1957-11-26 11:20:00,9.0,70.6,50
44,1.5,87.0,3.75,1957-11-26 11:20:00,9.0,12.1,100
44,1.5,87.0,3.75,1957-11-26 11:20:00,9.0,3.27,200
45,1.5,88.5,,1957-11-26 11:20:00,9.0,,50
45,1.5,88.5,,1957-11-26 11:20:00,9.0,,100
45,1.5,88.5,,1957-11-26 11:20:00,9.0,,200
46,1.5,90.0,4.17,1957-11-26 11:20:00,9.0,40.4,50
46,1.5,90.0,4.17,1957-11-26 11:20:00,9.0,6.73,100
46,1.5,90.0,4.17,1957-11-26 11:20:00,9.0,0.48,200
47,1.5,91.5,,1957-11-26 11:20:00,9.0,,50
47,1.5,91.5,,1957-11-26 11:20:00,9.0,,100
47,1.5,91.5,,1957-11-26 11:20:00,9.0,,200
48,1.5,93.0,2.5,1957-11-26 11:20:00,9.0,14.6,50
48,1.5,93.0,2.5,1957-11-26 11:20:00,9.0,2.92,100
48,1.5,93.0,2.5,1957-11-26 11:20:00,9.0,,200
49,1.5,94.5,,1957-11-26 11:20:00,9.0,,50
49,1.5,94.5,,1957-11-26 11:20:00,9.0,,100
49,1.5,94.5,,1957-11-26 11:20:00,9.0,,200
50,1.5,96.0,,1957-11-26 11:20:00,9.0,5.57,50
50,1.5,96.0,,1957-11-26 11:20:00,9.0,0.686,100
50,1.5,96.0,,1957-11-26 11:20:00,9.0,,200
51,1.5,97.5,,1957-11-26 11:20:00,9.0,,50
51,1.5,97.5,,1957-11-26 11:20:00,9.0,,100
51,1.5,97.5,,1957-11-26 11:20:00,9.0,,200
52,1.5,99.0,,1957-11-26 11:20:00,9.0,2.32,50
52,1.5,99.0,,1957-11-26 11:20:00,9.0,0.127,100
52,1.5,99.0,,1957-11-26 11:20:00,9.0,,200
53,1.5,100.5,,1957-11-26 11:20:00,9.0,,50
53,1.5,100.5,,1957-11-26 11:20:00,9.0,,100
53,1.5,100.5,,1957-11-26 11:20:00,9.0,,200
54,1.5,102.0,1.25,1957-11-26 11:20:00,9.0,3.68,50
54,1.5,102.0,1.25,1957-11-26 11:20:00,9.0,,100
54,1.5,102.0,1.25,1957-11-26 11:20:00,9.0,,200
55,1.5,103.5,,1957-11-26 11:20:00,9.0,,50
55,1.5,103.5,,1957-11-26 11:20:00,9.0,,100
55,1.5,103.5,,1957-11-26 11:20:00,9.0,,200
56,1.5,105.0,,1957-11-26 11:20:00,9.0,2.82,50
56,1.5,105.0,,1957-11-26 11:20:00,9.0,,100
56,1.5,105.0,,1957-11-26 11:20:00,9.0,,200
57,1.5,106.5,,1957-11-26 11:20:00,9.0,,50
57,1.5,106.5,,1957-11-26 11:20:00,9.0,,100
57,1.5,106.5,,1957-11-26 11:20:00,9.0,,200
58,1.5,108.0,0.83,1957-11-26 11:20:00,9.0,0.275,50
58,1.5,108.0,0.83,1957-11-26 11:20:00,9.0,,100
58,1.5,108.0,0.83,1957-11-26 11:20:00,9.0,,200
59,1.5,109.5,,1957-11-26 11:20:00,9.0,,50
59,1.5,109.5,,1957-11-26 11:20:00,9.0,,100
59,1.5,109.5,,1957-11-26 11:20:00,9.0,,200
60,1.5,111.0,,1957-11-26 11:20:00,9.0,,50
60,1.5,111.0,,1957-11-26 11:20:00,9.0,,100
60,1.5,111.0,,1957-11-26 11:20:00,9.0,,200
61,1.5,112.5,,1957-11-26 11:20:00,9.0,,50
61,1.5,112.5,,1957-11-26 11:20:00,9.0,,100
61,1.5,112.5,,1957-11-26 11:20:00,9.0,,200
62,1.5,114.0,0.42,1957-11-26 11:20:00,9.0,,50
62,1.5,114.0,0.42,1957-11-26 11:20:00,9.0,,100
62,1.5,114.0,0.42,1957-11-26 11:20:00,9.0,,200
63,1.5,115.5,,1957-11-26 11:20:00,9.0,,50
63,1.5,115.5,,1957-11-26 11:20:00,9.0,,100
63,1.5,115.5,,1957-11-26 11:20:00,9.0,,200
63,1.5,115.5,,1957-11-26 11:20:00,9.0,,50
63,1.5,115.5,,1957-11-26 11:20:00,9.0,,100
63,1.5,115.5,,1957-11-26 11:20:00,9.0,,200
64,1.5,117.0,,1957-11-26 11:20:00,9.0,,50
64,1.5,117.0,,1957-11-26 11:20:00,9.0,,100
64,1.5,117.0,,1957-11-26 11:20:00,9.0,,200
65,1.5,118.5,,1957-11-26 11:20:00,9.0,,50
65,1.5,118.5,,1957-11-26 11:20:00,9.0,,100
65,1.5,118.5,,1957-11-26 11:20:00,9.0,,200
66,1.5,120.0,,1957-11-26 11:20:00,9.0,,50
66,1.5,120.0,,1957-11-26 11:20:00,9.0,,100
66,1.5,120.0,,1957-11-26 11:20:00,9.0,,200
67,1.5,121.5,,1957-11-26 11:20:00,9.0,,50
67,1.5,121.5,,1957-11-26 11:20:00,9.0,,100
67,1.5,121.5,,1957-11-26 11:20:00,9.0,,200
68,1.5,123.0,,1957-11-26 11:20:00,9.0,,50
68,1.5,123.0,,1957-11-26 11:20:00,9.0,,100
68,1.5,123.0,,1957-11-26 11:20:00,9.0,,200
69,1.5,124.5,,1957-11-26 11:20:00,9.0,,50
69,1.5,124.5,,1957-11-26 11:20:00,9.0,,100
69,1.5,124.5,,1957-11-26 11:20:00,9.0,,200
70,1.5,126.0,,1957-11-26 11:20:00,9.0,,50
70,1.5,126.0,,1957-11-26 11:20:00,9.0,,100
70,1.5,126.0,,1957-11-26 11:20:00,9.0,,200
71,1.5,127.5,,1957-11-26 11:20:00,9.0,,50
71,1.5,127.5,,1957-11-26 11:20:00,9.0,,100
71,1.5,127.5,,1957-11-26 11:20:00,9.0,,200
72,1.5,129.0,,1957-11-26 11:20:00,9.0,,50
72,1.5,129.0,,1957-11-26 11:20:00,9.0,,100
72,1.5,129.0,,1957-11-26 11:20:00,9.0,,200
73,1.5,130.5,,1957-11-26 11:20:00,9.0,,50
73,1.5,130.5,,1957-11-26 11:20:00,9.0,,100
73,1.5,130.5,,1957-11-26 11:20:00,9.0,,200
74,1.5,132.0,,1957-11-26 11:20:00,9.0,,50
74,1.5,132.0,,1957-11-26 11:20:00,9.0,,100
74,1.5,132.0,,1957-11-26 11:20:00,9.0,,200
75,1.5,133.5,,1957-11-26 11:20:00,9.0,,50
75,1.5,133.5,,1957-11-26 11:20:00,9.0,,100
75,1.5,133.5,,1957-11-26 11:20:00,9.0,,200
76,1.5,135.0,,1957-11-26 11:20:00,9.0,,50
76,1.5,135.0,,1957-11-26 11:20:00,9.0,,100
76,1.5,135.0,,1957-11-26 11:20:00,9.0,,200
77,1.5,136.5,,1957-11-26 11:20:00,9.0,,50
77,1.5,136.5,,1957-11-26 11:20:00,9.0,,100
77,1.5,136.5,,1957-11-26 11:20:00,9.0,,200
78,1.5,138.0,0.42,1957-11-26 11:20:00,9.0,,50
78,1.5,138.0,0.42,1957-11-26 11:20:00,9.0,,100
78,1.5,138.0,0.42,1957-11-26 11:20:00,9.0,,200
11,1.5,37.5,,1957-12-03 11:20:00,10.0,,50
11,1.5,37.5,,1957-12-03 11:20:00,10.0,,100
11,1.5,37.5,,1957-12-03 11:20:00,10.0,,200
12,1.5,39.0,0.42,1957-12-03 11:20:00,10.0,0.546,50
12,1.5,39.0,0.42,1957-12-03 11:20:00,10.0,,100
12,1.5,39.0,0.42,1957-12-03 11:20:00,10.0,,200
13,1.5,40.5,,1957-12-03 11:20:00,10.0,,50
13,1.5,40.5,,1957-12-03 11:20:00,10.0,,100
13,1.5,40.5,,1957-12-03 11:20:00,10.0,,200
14,1.5,42.0,,1957-12-03 11:20:00,10.0,5.57,50
14,1.5,42.0,,1957-12-03 11:20:00,10.0,,100
14,1.5,42.0,,1957-12-03 11:20:00,10.0,,200
15,1.5,43.5,,1957-12-03 11:20:00,10.0,,50
15,1.5,43.5,,1957-12-03 11:20:00,10.0,,100
15,1.5,43.5,,1957-12-03 11:20:00,10.0,,200
16,1.5,45.0,0.42,1957-12-03 11:20:00,10.0,10.6,50
16,1.5,45.0,0.42,1957-12-03 11:20:00,10.0,0.013,100
16,1.5,45.0,0.42,1957-12-03 11:20:00,10.0,0.144,200
17,1.5,46.5,,1957-12-03 11:20:00,10.0,,50
17,1.5,46.5,,1957-12-03 11:20:00,10.0,,100
17,1.5,46.5,,1957-12-03 11:20:00,10.0,,200
18,1.5,48.0,1.25,1957-12-03 11:20:00,10.0,19.7,50
18,1.5,48.0,1.25,1957-12-03 11:20:00,10.0,0.402,100
18,1.5,48.0,1.25,1957-12-03 11:20:00,10.0,0.367,200
19,1.5,49.5,,1957-12-03 11:20:00,10.0,,50
19,1.5,49.5,,1957-12-03 11:20:00,10.0,,100
19,1.5,49.5,,1957-12-03 11:20:00,10.0,,200
20,1.5,51.0,1.67,1957-12-03 11:20:00,10.0,23.3,50
20,1.5,51.0,1.67,1957-12-03 11:20:00,10.0,3.28,100
20,1.5,51.0,1.67,1957-12-03 11:20:00,10.0,1.06,200
21,1.5,52.5,,1957-12-03 11:20:00,10.0,,50
21,1.5,52.5,,1957-12-03 11:20:00,10.0,,100
21,1.5,52.5,,1957-12-03 11:20:00,10.0,,200
22,1.5,54.0,2.5,1957-12-03 11:20:00,10.0,29.8,50
22,1.5,54.0,2.5,1957-12-03 11:20:00,10.0,6.72,100
22,1.5,54.0,2.5,1957-12-03 11:20:00,10.0,1.18,200
23,1.5,55.5,,1957-12-03 11:20:00,10.0,,50
23,1.5,55.5,,1957-12-03 11:20:00,10.0,,100
23,1.5,55.5,,1957-12-03 11:20:00,10.0,,200
24,1.5,57.0,3.33,1957-12-03 11:20:00,10.0,35.9,50
24,1.5,57.0,3.33,1957-12-03 11:20:00,10.0,7.52,100
24,1.5,57.0,3.33,1957-12-03 11:20:00,10.0,1.93,200
25,1.5,58.5,,1957-12-03 11:20:00,10.0,,50
25,1.5,58.5,,1957-12-03 11:20:00,10.0,,100
25,1.5,58.5,,1957-12-03 11:20:00,10.0,,200
26,1.5,60.0,6.25,1957-12-03 11:20:00,10.0,51.8,50
26,1.5,60.0,6.25,1957-12-03 11:20:00,10.0,14.1,100
26,1.5,60.0,6.25,1957-12-03 11:20:00,10.0,3.59,200
27,1.5,61.5,,1957-12-03 11:20:00,10.0,,50
27,1.5,61.5,,1957-12-03 11:20:00,10.0,,100
27,1.5,61.5,,1957-12-03 11:20:00,10.0,,200
28,1.5,63.0,3.75,1957-12-03 11:20:00,10.0,86.6,50
28,1.5,63.0,3.75,1957-12-03 11:20:00,10.0,22.6,100
28,1.5,63.0,3.75,1957-12-03 11:20:00,10.0,4.71,200
29,1.5,64.5,,1957-12-03 11:20:00,10.0,,50
29,1.5,64.5,,1957-12-03 11:20:00,10.0,,100
29,1.5,64.5,,1957-12-03 11:20:00,10.0,,200
30,1.5,66.0,4.58,1957-12-03 11:20:00,10.0,98.2,50
30,1.5,66.0,4.58,1957-12-03 11:20:00,10.0,25.0,100
30,1.5,66.0,4.58,1957-12-03 11:20:00,10.0,3.03,200
31,1.5,67.5,,1957-12-03 11:20:00,10.0,,50
31,1.5,67.5,,1957-12-03 11:20:00,10.0,,100
31,1.5,67.5,,1957-12-03 11:20:00,10.0,,200
32,1.5,69.0,4.58,1957-12-03 11:20:00,10.0,97.4,50
32,1.5,69.0,4.58,1957-12-03 11:20:00,10.0,28.4,100
32,1.5,69.0,4.58,1957-12-03 11:20:00,10.0,3.79,200
33,1.5,70.5,,1957-12-03 11:20:00,10.0,,50
33,1.5,70.5,,1957-12-03 11:20:00,10.0,,100
33,1.5,70.5,,1957-12-03 11:20:00,10.0,,200
34,1.5,72.0,7.08,1957-12-03 11:20:00,10.0,115.0,50
34,1.5,72.0,7.08,1957-12-03 11:20:00,10.0,24.8,100
34,1.5,72.0,7.08,1957-12-03 11:20:00,10.0,4.26,200
35,1.5,73.5,,1957-12-03 11:20:00,10.0,,50
35,1.5,73.5,,1957-12-03 11:20:00,10.0,,100
35,1.5,73.5,,1957-12-03 11:20:00,10.0,,200
36,1.5,75.0,3.75,1957-12-03 11:20:00,10.0,119.0,50
36,1.5,75.0,3.75,1957-12-03 11:20:00,10.0,20.2,100
36,1.5,75.0,3.75,1957-12-03 11:20:00,10.0,3.23,200
37,1.5,76.5,,1957-12-03 11:20:00,10.0,,50
37,1.5,76.5,,1957-12-03 11:20:00,10.0,,100
37,1.5,76.5,,1957-12-03 11:20:00,10.0,,200
38,1.5,78.0,5.0,1957-12-03 11:20:00,10.0,101.0,50
38,1.5,78.0,5.0,1957-12-03 11:20:00,10.0,16.1,100
38,1.5,78.0,5.0,1957-12-03 11:20:00,10.0,2.92,200
39,1.5,79.5,,1957-12-03 11:20:00,10.0,,50
39,1.5,79.5,,1957-12-03 11:20:00,10.0,,100
39,1.5,79.5,,1957-12-03 11:20:00,10.0,,200
40,1.5,81.0,5.83,1957-12-03 11:20:00,10.0,79.0,50
40,1.5,81.0,5.83,1957-12-03 11:20:00,10.0,16.0,100
40,1.5,81.0,5.83,1957-12-03 11:20:00,10.0,1.46,200
41,1.5,82.5,,1957-12-03 11:20:00,10.0,,50
41,1.5,82.5,,1957-12-03 11:20:00,10.0,,100
41,1.5,82.5,,1957-12-03 11:20:00,10.0,,200
42,1.5,84.0,4.58,1957-12-03 11:20:00,10.0,61.8,50
42,1.5,84.0,4.58,1957-12-03 11:20:00,10.0,13.8,100
42,1.5,84.0,4.58,1957-12-03 11:20:00,10.0,1.0,200
43,1.5,85.5,,1957-12-03 11:20:00,10.0,,50
43,1.5,85.5,,1957-12-03 11:20:00,10.0,,100
43,1.5,85.5,,1957-12-03 11:20:00,10.0,,200
44,1.5,87.0,3.75,1957-12-03 11:20:00,10.0,82.4,50
44,1.5,87.0,3.75,1957-12-03 11:20:00,10.0,14.4,100
44,1.5,87.0,3.75,1957-12-03 11:20:00,10.0,1.43,200
45,1.5,88.5,,1957-12-03 11:20:00,10.0,,50
45,1.5,88.5,,1957-12-03 11:20:00,10.0,,100
45,1.5,88.5,,1957-12-03 11:20:00,10.0,,200
46,1.5,90.0,4.16,1957-12-03 11:20:00,10.0,96.9,50
46,1.5,90.0,4.16,1957-12-03 11:20:00,10.0,20.2,100
46,1.5,90.0,4.16,1957-12-03 11:20:00,10.0,2.79,200
47,1.5,91.5,,1957-12-03 11:20:00,10.0,,50
47,1.5,91.5,,1957-12-03 11:20:00,10.0,,100
47,1.5,91.5,,1957-12-03 11:20:00,10.0,,200
48,1.5,93.0,3.75,1957-12-03 11:20:00,10.0,105.0,50
48,1.5,93.0,3.75,1957-12-03 11:20:00,10.0,24.2,100
48,1.5,93.0,3.75,1957-12-03 11:20:00,10.0,3.49,200
49,1.5,94.5,,1957-12-03 11:20:00,10.0,,50
49,1.5,94.5,,1957-12-03 11:20:00,10.0,,100
49,1.5,94.5,,1957-12-03 11:20:00,10.0,,200
50,1.5,96.0,5.42,1957-12-03 11:20:00,10.0,101.0,50
50,1.5,96.0,5.42,1957-12-03 11:20:00,10.0,19.0,100
50,1.5,96.0,5.42,1957-12-03 11:20:00,10.0,2.41,200
51,1.5,97.5,,1957-12-03 11:20:00,10.0,,50
51,1.5,97.5,,1957-12-03 11:20:00,10.0,,100
51,1.5,97.5,,1957-12-03 11:20:00,10.0,,200
52,1.5,99.0,5.42,1957-12-03 11:20:00,10.0,105.0,50
52,1.5,99.0,5.42,1957-12-03 11:20:00,10.0,16.6,100
52,1.5,99.0,5.42,1957-12-03 11:20:00,10.0,3.11,200
53,1.5,100.5,,1957-12-03 11:20:00,10.0,,50
53,1.5,100.5,,1957-12-03 11:20:00,10.0,,100
53,1.5,100.5,,1957-12-03 11:20:00,10.0,,200
54,1.5,102.0,1.67,1957-12-03 11:20:00,10.0,49.9,50
54,1.5,102.0,1.67,1957-12-03 11:20:00,10.0,14.2,100
54,1.5,102.0,1.67,1957-12-03 11:20:00,10.0,2.78,200
55,1.5,103.5,,1957-12-03 11:20:00,10.0,,50
55,1.5,103.5,,1957-12-03 11:20:00,10.0,,100
55,1.5,103.5,,1957-12-03 11:20:00,10.0,,200
56,1.5,105.0,3.33,1957-12-03 11:20:00,10.0,40.0,50
56,1.5,105.0,3.33,1957-12-03 11:20:00,10.0,10.3,100
56,1.5,105.0,3.33,1957-12-03 11:20:00,10.0,1.05,200
57,1.5,106.5,,1957-12-03 11:20:00,10.0,,50
57,1.5,106.5,,1957-12-03 11:20:00,10.0,,100
57,1.5,106.5,,1957-12-03 11:20:00,10.0,,200
58,1.5,108.0,2.08,1957-12-03 11:20:00,10.0,40.7,50
58,1.5,108.0,2.08,1957-12-03 11:20:00,10.0,4.87,100
58,1.5,108.0,2.08,1957-12-03 11:20:00,10.0,0.597,200
59,1.5,109.5,,1957-12-03 11:20:00,10.0,,50
59,1.5,109.5,,1957-12-03 11:20:00,10.0,,100
59,1.5,109.5,,1957-12-03 11:20:00,10.0,,200
60,1.5,111.0,2.92,1957-12-03 11:20:00,10.0,22.3,50
60,1.5,111.0,2.92,1957-12-03 11:20:00,10.0,2.19,100
60,1.5,111.0,2.92,1957-12-03 11:20:00,10.0,0.527,200
61,1.5,112.5,,1957-12-03 11:20:00,10.0,,50
61,1.5,112.5,,1957-12-03 11:20:00,10.0,,100
61,1.5,112.5,,1957-12-03 11:20:00,10.0,,200
62,1.5,114.0,2.92,1957-12-03 11:20:00,10.0,15.7,50
62,1.5,114.0,2.92,1957-12-03 11:20:00,10.0,1.94,100
62,1.5,114.0,2.92,1957-12-03 11:20:00,10.0,0.967,200
63,1.5,115.5,,1957-12-03 11:20:00,10.0,,50
63,1.5,115.5,,1957-12-03 11:20:00,10.0,,100
63,1.5,115.5,,1957-12-03 11:20:00,10.0,,200
64,1.5,117.0,3.75,1957-12-03 11:20:00,10.0,14.3,50
64,1.5,117.0,3.75,1957-12-03 11:20:00,10.0,2.86,100
64,1.5,117.0,3.75,1957-12-03 11:20:00,10.0,1.17,200
65,1.5,118.5,,1957-12-03 11:20:00,10.0,,50
65,1.5,118.5,,1957-12-03 11:20:00,10.0,,100
65,1.5,118.5,,1957-12-03 11:20:00,10.0,,200
66,1.5,120.0,2.5,1957-12-03 11:20:00,10.0,28.2,50
66,1.5,120.0,2.5,1957-12-03 11:20:00,10.0,4.72,100
66,1.5,120.0,2.5,1957-12-03 11:20:00,10.0,0.166,200
67,1.5,121.5,,1957-12-03 11:20:00,10.0,,50
67,1.5,121.5,,1957-12-03 11:20:00,10.0,,100
67,1.5,121.5,,1957-12-03 11:20:00,10.0,,200
68,1.5,123.0,0.83,1957-12-03 11:20:00,10.0,8.96,50
68,1.5,123.0,0.83,1957-12-03 11:20:00,10.0,3.5,100
68,1.5,123.0,0.83,1957-12-03 11:20:00,10.0,,200
69,1.5,124.5,,1957-12-03 11:20:00,10.0,,50
69,1.5,124.5,,1957-12-03 11:20:00,10.0,,100
69,1.5,124.5,,1957-12-03 11:20:00,10.0,,200
70,1.5,126.0,1.25,1957-12-03 11:20:00,10.0,3.49,50
70,1.5,126.0,1.25,1957-12-03 11:20:00,10.0,0.962,100
70,1.5,126.0,1.25,1957-12-03 11:20:00,10.0,,200
71,1.5,127.5,,1957-12-03 11:20:00,10.0,,50
71,1.5,127.5,,1957-12-03 11:20:00,10.0,,100
71,1.5,127.5,,1957-12-03 11:20:00,10.0,,200
72,1.5,129.0,0.42,1957-12-03 11:20:00,10.0,0.2,50
72,1.5,129.0,0.42,1957-12-03 11:20:00,10.0,0.018,100
72,1.5,129.0,0.42,1957-12-03 11:20:00,10.0,,200
73,1.5,130.5,,1957-12-03 11:20:00,10.0,,50
73,1.5,130.5,,1957-12-03 11:20:00,10.0,,100
73,1.5,130.5,,1957-12-03 11:20:00,10.0,,200
74,1.5,132.0,0.42,1957-12-03 11:20:00,10.0,0.039,50
74,1.5,132.0,0.42,1957-12-03 11:20:00,10.0,,100
74,1.5,132.0,0.42,1957-12-03 11:20:00,10.0,,200
75,1.5,133.5,,1957-12-03 11:20:00,10.0,,50
75,1.5,133.5,,1957-12-03 11:20:00,10.0,,100
75,1.5,133.5,,1957-12-03 11:20:00,10.0,,200
76,1.5,135.0,,1957-12-03 11:20:00,10.0,,50
76,1.5,135.0,,1957-12-03 11:20:00,10.0,,100
76,1.5,135.0,,1957-12-03 11:20:00,10.0,,200
77,1.5,136.5,,1957-12-03 11:20:00,10.0,,50
77,1.5,136.5,,1957-12-03 11:20:00,10.0,,100
77,1.5,136.5,,1957-12-03 11:20:00,10.0,,200
78,1.5,138.0,0.42,1957-12-03 11:20:00,10.0,,50
78,1.5,138.0,0.42,1957-12-03 11:20:00,10.0,,100
78,1.5,138.0,0.42,1957-12-03 11:20:00,10.0,,200
79,1.5,139.5,,1957-12-03 11:20:00,10.0,,50
79,1.5,139.5,,1957-12-03 11:20:00,10.0,,100
79,1.5,139.5,,1957-12-03 11:20:00,10.0,,200
