Run,Post Number,Degrees,Azimuth (Degrees),Wind-Dir (%),Height (m),Distance,Concentration (mg/m3)
1.0,37.0,1.5,76.5,4.2735,4.8,100,25.163
1.0,37.0,1.5,76.5,4.2735,4.8,100,25.163
1.0,37.0,1.5,76.5,4.2735,4.8,200,8.0242
1.0,37.0,1.5,76.5,4.2735,4.8,200,8.0242
1.0,37.0,1.5,76.5,4.2735,4.8,50,69.392
1.0,37.0,1.5,76.5,4.2735,4.8,50,69.392
1.0,38.0,1.5,78.0,0.42,4.8,100,25.163
1.0,38.0,1.5,78.0,0.42,4.8,200,8.0242
1.0,38.0,1.5,78.0,0.42,4.8,50,69.392
1.0,39.0,1.5,79.5,4.2735,4.8,100,25.163
1.0,39.0,1.5,79.5,4.2735,4.8,200,8.0242
1.0,39.0,1.5,79.5,4.2735,4.8,50,69.392
1.0,40.0,1.5,81.0,4.2735,4.8,100,25.163
1.0,40.0,1.5,81.0,4.2735,4.8,200,8.0242
1.0,40.0,1.5,81.0,4.2735,4.8,50,69.392
1.0,41.0,1.5,82.5,4.2735,4.8,100,25.163
1.0,41.0,1.5,82.5,4.2735,4.8,200,8.0242
1.0,41.0,1.5,82.5,4.2735,4.8,50,69.392
1.0,42.0,1.5,84.0,4.2735,4.8,100,25.163
1.0,42.0,1.5,84.0,4.2735,4.8,200,8.0242
1.0,42.0,1.5,84.0,4.2735,4.8,50,69.392
1.0,43.0,1.5,85.5,4.2735,4.8,100,25.163
1.0,43.0,1.5,85.5,4.2735,4.8,200,8.0242
1.0,43.0,1.5,85.5,4.2735,4.8,50,69.392
1.0,44.0,1.5,87.0,4.2735,4.8,100,25.163
1.0,44.0,1.5,87.0,4.2735,4.8,200,8.0242
1.0,44.0,1.5,87.0,4.2735,4.8,50,69.392
1.0,45.0,1.5,88.5,4.2735,4.8,100,25.163
1.0,45.0,1.5,88.5,4.2735,4.8,200,8.0242
1.0,45.0,1.5,88.5,4.2735,4.8,50,69.392
1.0,46.0,1.5,90.0,4.2735,4.8,100,25.163
1.0,46.0,1.5,90.0,4.2735,4.8,200,8.0242
1.0,46.0,1.5,90.0,4.2735,4.8,50,69.392
1.0,47.0,1.5,91.5,4.2735,4.8,100,25.163
1.0,47.0,1.5,91.5,4.2735,4.8,200,8.0242
1.0,47.0,1.5,91.5,4.2735,4.8,50,69.392
1.0,48.0,1.5,93.0,0.42,4.8,100,25.163
1.0,48.0,1.5,93.0,0.42,4.8,200,8.0242
1.0,48.0,1.5,93.0,0.42,4.8,50,69.392
1.0,49.0,1.5,94.5,4.2735,4.8,100,25.163
1.0,49.0,1.5,94.5,4.2735,4.8,200,8.0242
1.0,49.0,1.5,94.5,4.2735,4.8,50,69.392
1.0,50.0,1.5,96.0,1.67,4.8,100,25.163
1.0,50.0,1.5,96.0,1.67,4.8,200,8.0242
1.0,50.0,1.5,96.0,1.67,4.8,50,69.392
1.0,51.0,1.5,97.5,4.2735,4.8,100,25.163
1.0,51.0,1.5,97.5,4.2735,4.8,200,8.0242
1.0,51.0,1.5,97.5,4.2735,4.8,50,69.392
1.0,52.0,1.5,99.0,4.2735,4.8,100,25.163
1.0,52.0,1.5,99.0,4.2735,4.8,200,8.0242
1.0,52.0,1.5,99.0,4.2735,4.8,50,0.567
1.0,53.0,1.5,100.5,4.2735,4.8,100,25.163
1.0,53.0,1.5,100.5,4.2735,4.8,200,8.0242
1.0,53.0,1.5,100.5,4.2735,4.8,50,69.392
1.0,54.0,1.5,102.0,2.91,4.8,100,25.163
1.0,54.0,1.5,102.0,2.91,4.8,200,8.0242
1.0,54.0,1.5,102.0,2.91,4.8,50,4.905
1.0,55.0,1.5,103.5,4.2735,4.8,100,25.163
1.0,55.0,1.5,103.5,4.2735,4.8,200,8.0242
1.0,55.0,1.5,103.5,4.2735,4.8,50,69.392
1.0,56.0,1.5,105.0,3.75,2.5,100,0.6048
1.0,56.0,1.5,105.0,3.75,2.5,200,8.0242
1.0,56.0,1.5,105.0,3.75,2.5,50,26.28
1.0,57.0,1.5,106.5,4.2735,1.0,100,25.163
1.0,57.0,1.5,106.5,4.2735,1.0,200,8.0242
1.0,57.0,1.5,106.5,4.2735,1.0,50,69.392
1.0,58.0,1.5,108.0,3.33,0.5,100,7.308
1.0,58.0,1.5,108.0,3.33,0.5,200,8.0242
1.0,58.0,1.5,108.0,3.33,0.5,50,124.2
1.0,59.0,1.5,109.5,4.2735,4.8,100,25.163
1.0,59.0,1.5,109.5,4.2735,4.8,200,8.0242
1.0,59.0,1.5,109.5,4.2735,4.8,50,69.392
1.0,60.0,1.5,111.0,9.58,4.8,100,45.45
1.0,60.0,1.5,111.0,9.58,4.8,200,1.62
1.0,60.0,1.5,111.0,9.58,4.8,50,253.8
1.0,61.0,1.5,112.5,4.2735,4.8,100,25.163
1.0,61.0,1.5,112.5,4.2735,4.8,200,8.0242
1.0,61.0,1.5,112.5,4.2735,4.8,50,69.392
1.0,62.0,1.5,114.0,14.17,4.8,100,126.9
1.0,62.0,1.5,114.0,14.17,4.8,200,18.63
1.0,62.0,1.5,114.0,14.17,4.8,50,411.3
1.0,63.0,1.5,115.5,4.2735,4.8,100,25.163
1.0,63.0,1.5,115.5,4.2735,4.8,200,8.0242
1.0,63.0,1.5,115.5,4.2735,4.8,50,69.392
1.0,64.0,1.5,117.0,12.92,4.8,100,243.0
1.0,64.0,1.5,117.0,12.92,4.8,200,67.32
1.0,64.0,1.5,117.0,12.92,4.8,50,423.9
1.0,65.0,1.5,118.5,4.2735,4.8,100,25.163
1.0,65.0,1.5,118.5,4.2735,4.8,200,8.0242
1.0,65.0,1.5,118.5,4.2735,4.8,50,69.392
1.0,66.0,1.5,120.0,25.42,2.5,100,256.5
1.0,66.0,1.5,120.0,25.42,2.5,200,105.3
1.0,66.0,1.5,120.0,25.42,2.5,50,405.0
1.0,67.0,1.5,121.5,4.2735,1.0,100,25.163
1.0,67.0,1.5,121.5,4.2735,1.0,200,8.0242
1.0,67.0,1.5,121.5,4.2735,1.0,50,69.392
1.0,68.0,1.5,123.0,8.33,0.5,100,171.0
1.0,68.0,1.5,123.0,8.33,0.5,200,49.41
1.0,68.0,1.5,123.0,8.33,0.5,50,393.3
1.0,69.0,1.5,124.5,4.2735,4.8,100,25.163
1.0,69.0,1.5,124.5,4.2735,4.8,200,8.0242
1.0,69.0,1.5,124.5,4.2735,4.8,50,69.392
1.0,70.0,1.5,126.0,6.25,4.8,100,48.51
1.0,70.0,1.5,126.0,6.25,4.8,200,5.364
1.0,70.0,1.5,126.0,6.25,4.8,50,231.3
1.0,71.0,1.5,127.5,4.2735,4.8,100,25.163
1.0,71.0,1.5,127.5,4.2735,4.8,200,8.0242
1.0,71.0,1.5,127.5,4.2735,4.8,50,69.392
1.0,72.0,1.5,129.0,5.0,4.8,100,5.535
1.0,72.0,1.5,129.0,5.0,4.8,200,0.2079
1.0,72.0,1.5,129.0,5.0,4.8,50,76.5
1.0,73.0,1.5,130.5,4.2735,4.8,100,25.163
1.0,73.0,1.5,130.5,4.2735,4.8,200,8.0242
1.0,73.0,1.5,130.5,4.2735,4.8,50,69.392
1.0,74.0,1.5,132.0,2.91,4.8,100,0.6768
1.0,74.0,1.5,132.0,2.91,4.8,200,8.0242
1.0,74.0,1.5,132.0,2.91,4.8,50,22.05
1.0,75.0,1.5,133.5,4.2735,4.8,100,25.163
1.0,75.0,1.5,133.5,4.2735,4.8,200,8.0242
1.0,75.0,1.5,133.5,4.2735,4.8,50,69.392
1.0,76.0,1.5,135.0,0.83,2.5,100,0.0954
1.0,76.0,1.5,135.0,0.83,2.5,200,8.0242
1.0,76.0,1.5,135.0,0.83,2.5,50,1.512
1.0,77.0,1.5,136.5,4.2735,1.0,100,25.163
1.0,77.0,1.5,136.5,4.2735,1.0,200,8.0242
1.0,77.0,1.5,136.5,4.2735,1.0,50,69.392
1.0,78.0,1.5,138.0,1.25,0.5,100,25.163
1.0,78.0,1.5,138.0,1.25,0.5,200,8.0242
1.0,78.0,1.5,138.0,1.25,0.5,50,69.392
1.0,79.0,1.5,139.5,4.2735,4.8,100,25.163
1.0,79.0,1.5,139.5,4.2735,4.8,200,8.0242
1.0,79.0,1.5,139.5,4.2735,4.8,50,69.392
1.0,80.0,1.5,141.0,0.42,4.8,100,25.163
1.0,80.0,1.5,141.0,0.42,4.8,200,8.0242
1.0,80.0,1.5,141.0,0.42,4.8,50,69.392
1.0,81.0,1.5,142.5,4.2735,4.8,100,25.163
1.0,81.0,1.5,142.5,4.2735,4.8,200,8.0242
1.0,81.0,1.5,142.5,4.2735,4.8,50,69.392
1.0,82.0,1.5,144.0,0.42,4.8,100,25.163
1.0,82.0,1.5,144.0,0.42,4.8,200,8.0242
1.0,82.0,1.5,144.0,0.42,4.8,50,69.392
1.0,83.0,1.5,145.5,4.2735,4.8,100,25.163
1.0,83.0,1.5,145.5,4.2735,4.8,200,8.0242
1.0,83.0,1.5,145.5,4.2735,4.8,50,69.392
2.0,23.0,1.5,55.5,4.2735,4.8,100,25.443
2.0,23.0,1.5,55.5,4.2735,4.8,200,8.1134
2.0,23.0,1.5,55.5,4.2735,4.8,50,70.163
2.0,24.0,1.5,57.0,0.42,4.8,100,25.443
2.0,24.0,1.5,57.0,0.42,4.8,200,8.1134
2.0,24.0,1.5,57.0,0.42,4.8,50,0.08372
2.0,25.0,1.5,58.5,4.2735,4.8,100,25.443
2.0,25.0,1.5,58.5,4.2735,4.8,200,8.1134
2.0,25.0,1.5,58.5,4.2735,4.8,50,70.163
2.0,26.0,1.5,60.0,4.2735,2.5,100,25.443
2.0,26.0,1.5,60.0,4.2735,2.5,200,8.1134
2.0,26.0,1.5,60.0,4.2735,2.5,50,2.3114
2.0,27.0,1.5,61.5,4.2735,1.0,100,25.443
2.0,27.0,1.5,61.5,4.2735,1.0,200,8.1134
2.0,27.0,1.5,61.5,4.2735,1.0,50,70.163
2.0,28.0,1.5,63.0,0.42,0.5,100,0.10647
2.0,28.0,1.5,63.0,0.42,0.5,200,8.1134
2.0,28.0,1.5,63.0,0.42,0.5,50,4.1769
2.0,29.0,1.5,64.5,4.2735,4.8,100,25.443
2.0,29.0,1.5,64.5,4.2735,4.8,200,8.1134
2.0,29.0,1.5,64.5,4.2735,4.8,50,70.163
2.0,30.0,1.5,66.0,1.66,4.8,100,0.59605
2.0,30.0,1.5,66.0,1.66,4.8,200,8.1134
2.0,30.0,1.5,66.0,1.66,4.8,50,12.922
2.0,31.0,1.5,67.5,4.2735,4.8,100,25.443
2.0,31.0,1.5,67.5,4.2735,4.8,200,8.1134
2.0,31.0,1.5,67.5,4.2735,4.8,50,70.163
2.0,32.0,1.5,69.0,2.49,4.8,100,2.1658
2.0,32.0,1.5,69.0,2.49,4.8,200,0.22932
2.0,32.0,1.5,69.0,2.49,4.8,50,27.209
2.0,33.0,1.5,70.5,4.2735,4.8,100,25.443
2.0,33.0,1.5,70.5,4.2735,4.8,200,8.1134
2.0,33.0,1.5,70.5,4.2735,4.8,50,70.163
2.0,34.0,1.5,72.0,2.07,4.8,100,6.9888
2.0,34.0,1.5,72.0,2.07,4.8,200,0.77532
2.0,34.0,1.5,72.0,2.07,4.8,50,47.502
2.0,35.0,1.5,73.5,4.2735,4.8,100,25.443
2.0,35.0,1.5,73.5,4.2735,4.8,200,8.1134
2.0,35.0,1.5,73.5,4.2735,4.8,50,70.163
2.0,36.0,1.5,75.0,1.66,2.5,100,9.828
2.0,36.0,1.5,75.0,1.66,2.5,200,1.6198
2.0,36.0,1.5,75.0,1.66,2.5,50,61.971
2.0,37.0,1.5,76.5,4.2735,1.0,100,25.443
2.0,37.0,1.5,76.5,4.2735,1.0,200,8.1134
2.0,37.0,1.5,76.5,4.2735,1.0,50,70.163
2.0,38.0,1.5,78.0,4.98,0.5,100,15.106
2.0,38.0,1.5,78.0,4.98,0.5,200,2.4843
2.0,38.0,1.5,78.0,4.98,0.5,50,69.979
2.0,39.0,1.5,79.5,4.2735,4.8,100,25.443
2.0,39.0,1.5,79.5,4.2735,4.8,200,8.1134
2.0,39.0,1.5,79.5,4.2735,4.8,50,70.163
2.0,40.0,1.5,81.0,4.56,4.8,100,18.109
2.0,40.0,1.5,81.0,4.56,4.8,200,3.4489
2.0,40.0,1.5,81.0,4.56,4.8,50,77.441
2.0,41.0,1.5,82.5,4.2735,4.8,100,25.443
2.0,41.0,1.5,82.5,4.2735,4.8,200,8.1134
2.0,41.0,1.5,82.5,4.2735,4.8,50,70.163
2.0,42.0,1.5,84.0,6.64,4.8,100,19.474
2.0,42.0,1.5,84.0,6.64,4.8,200,4.4135
2.0,42.0,1.5,84.0,6.64,4.8,50,84.721
2.0,43.0,1.5,85.5,4.2735,4.8,100,25.443
2.0,43.0,1.5,85.5,4.2735,4.8,200,8.1134
2.0,43.0,1.5,85.5,4.2735,4.8,50,70.163
2.0,44.0,1.5,87.0,4.56,4.8,100,20.748
2.0,44.0,1.5,87.0,4.56,4.8,200,4.9504
2.0,44.0,1.5,87.0,4.56,4.8,50,81.718
2.0,45.0,1.5,88.5,4.2735,4.8,100,25.443
2.0,45.0,1.5,88.5,4.2735,4.8,200,8.1134
2.0,45.0,1.5,88.5,4.2735,4.8,50,70.163
2.0,46.0,1.5,90.0,5.81,2.5,100,19.929
2.0,46.0,1.5,90.0,5.81,2.5,200,4.4499
2.0,46.0,1.5,90.0,5.81,2.5,50,147.42
2.0,47.0,1.5,91.5,4.2735,1.0,100,25.443
2.0,47.0,1.5,91.5,4.2735,1.0,200,8.1134
2.0,47.0,1.5,91.5,4.2735,1.0,50,70.163
2.0,48.0,1.5,93.0,7.88,0.5,100,20.93
2.0,48.0,1.5,93.0,7.88,0.5,200,5.2325
2.0,48.0,1.5,93.0,7.88,0.5,50,104.65
2.0,49.0,1.5,94.5,4.2735,4.8,100,25.443
2.0,49.0,1.5,94.5,4.2735,4.8,200,8.1134
2.0,49.0,1.5,94.5,4.2735,4.8,50,70.163
2.0,50.0,1.5,96.0,5.39,4.8,100,20.475
2.0,50.0,1.5,96.0,5.39,4.8,200,5.005
2.0,50.0,1.5,96.0,5.39,4.8,50,93.73
2.0,51.0,1.5,97.5,4.2735,4.8,100,25.443
2.0,51.0,1.5,97.5,4.2735,4.8,200,8.1134
2.0,51.0,1.5,97.5,4.2735,4.8,50,70.163
2.0,52.0,1.5,99.0,6.22,4.8,100,20.111
2.0,52.0,1.5,99.0,6.22,4.8,200,5.2234
2.0,52.0,1.5,99.0,6.22,4.8,50,88.907
2.0,53.0,1.5,100.5,4.2735,4.8,100,25.443
2.0,53.0,1.5,100.5,4.2735,4.8,200,8.1134
2.0,53.0,1.5,100.5,4.2735,4.8,50,70.163
2.0,54.0,1.5,102.0,8.71,4.8,100,18.655
2.0,54.0,1.5,102.0,8.71,4.8,200,5.1688
2.0,54.0,1.5,102.0,8.71,4.8,50,100.1
2.0,55.0,1.5,103.5,4.2735,4.8,100,25.443
2.0,55.0,1.5,103.5,4.2735,4.8,200,8.1134
2.0,55.0,1.5,103.5,4.2735,4.8,50,70.163
2.0,56.0,1.5,105.0,9.54,2.5,100,16.926
2.0,56.0,1.5,105.0,9.54,2.5,200,4.2679
2.0,56.0,1.5,105.0,9.54,2.5,50,86.359
2.0,57.0,1.5,106.5,4.2735,1.0,100,25.443
2.0,57.0,1.5,106.5,4.2735,1.0,200,8.1134
2.0,57.0,1.5,106.5,4.2735,1.0,50,70.163
2.0,58.0,1.5,108.0,6.22,0.5,100,18.109
2.0,58.0,1.5,108.0,6.22,0.5,200,3.2669
2.0,58.0,1.5,108.0,6.22,0.5,50,59.878
2.0,59.0,1.5,109.5,4.2735,4.8,100,25.443
2.0,59.0,1.5,109.5,4.2735,4.8,200,8.1134
2.0,59.0,1.5,109.5,4.2735,4.8,50,70.163
2.0,60.0,1.5,111.0,2.49,4.8,100,11.011
2.0,60.0,1.5,111.0,2.49,4.8,200,1.7472
2.0,60.0,1.5,111.0,2.49,4.8,50,37.219
2.0,61.0,1.5,112.5,4.2735,4.8,100,25.443
2.0,61.0,1.5,112.5,4.2735,4.8,200,8.1134
2.0,61.0,1.5,112.5,4.2735,4.8,50,70.163
2.0,62.0,1.5,114.0,2.07,4.8,100,8.645
2.0,62.0,1.5,114.0,2.07,4.8,200,2.0748
2.0,62.0,1.5,114.0,2.07,4.8,50,27.755
2.0,63.0,1.5,115.5,4.2735,4.8,100,25.443
2.0,63.0,1.5,115.5,4.2735,4.8,200,8.1134
2.0,63.0,1.5,115.5,4.2735,4.8,50,70.163
2.0,64.0,1.5,117.0,2.91,4.8,100,6.8523
2.0,64.0,1.5,117.0,2.91,4.8,200,1.5106
2.0,64.0,1.5,117.0,2.91,4.8,50,27.937
2.0,65.0,1.5,118.5,4.2735,4.8,100,25.443
2.0,65.0,1.5,118.5,4.2735,4.8,200,8.1134
2.0,65.0,1.5,118.5,4.2735,4.8,50,70.163
2.0,66.0,1.5,120.0,4.15,2.5,100,4.1223
2.0,66.0,1.5,120.0,4.15,2.5,200,0.9737
2.0,66.0,1.5,120.0,4.15,2.5,50,16.471
2.0,67.0,1.5,121.5,4.2735,1.0,100,25.443
2.0,67.0,1.5,121.5,4.2735,1.0,200,8.1134
2.0,67.0,1.5,121.5,4.2735,1.0,50,70.163
2.0,68.0,1.5,123.0,3.32,0.5,100,1.7199
2.0,68.0,1.5,123.0,3.32,0.5,200,1.1466
2.0,68.0,1.5,123.0,3.32,0.5,50,8.6541
2.0,69.0,1.5,124.5,4.2735,4.8,100,25.443
2.0,69.0,1.5,124.5,4.2735,4.8,200,8.1134
2.0,69.0,1.5,124.5,4.2735,4.8,50,70.163
2.0,70.0,1.5,126.0,1.25,4.8,100,1.7017
2.0,70.0,1.5,126.0,1.25,4.8,200,0.76531
2.0,70.0,1.5,126.0,1.25,4.8,50,6.1243
2.0,71.0,1.5,127.5,4.2735,4.8,100,25.443
2.0,71.0,1.5,127.5,4.2735,4.8,200,8.1134
2.0,71.0,1.5,127.5,4.2735,4.8,50,70.163
2.0,72.0,1.5,129.0,1.25,4.8,100,1.5743
2.0,72.0,1.5,129.0,1.25,4.8,200,0.44681
2.0,72.0,1.5,129.0,1.25,4.8,50,3.5945
2.0,73.0,1.5,130.5,4.2735,4.8,100,25.443
2.0,73.0,1.5,130.5,4.2735,4.8,200,8.1134
2.0,73.0,1.5,130.5,4.2735,4.8,50,70.163
2.0,74.0,1.5,132.0,0.83,4.8,100,2.2659
2.0,74.0,1.5,132.0,0.83,4.8,200,0.27391
2.0,74.0,1.5,132.0,0.83,4.8,50,6.8341
2.0,75.0,1.5,133.5,4.2735,4.8,100,25.443
2.0,75.0,1.5,133.5,4.2735,4.8,200,8.1134
2.0,75.0,1.5,133.5,4.2735,4.8,50,70.163
2.0,76.0,1.5,135.0,1.25,2.5,100,1.911
2.0,76.0,1.5,135.0,1.25,2.5,200,0.07189
2.0,76.0,1.5,135.0,1.25,2.5,50,9.646
2.0,77.0,1.5,136.5,4.2735,1.0,100,25.443
2.0,77.0,1.5,136.5,4.2735,1.0,200,8.1134
2.0,77.0,1.5,136.5,4.2735,1.0,50,70.163
2.0,78.0,1.5,138.0,0.42,0.5,100,0.364
2.0,78.0,1.5,138.0,0.42,0.5,200,8.1134
2.0,78.0,1.5,138.0,0.42,0.5,50,9.555
2.0,79.0,1.5,139.5,4.2735,4.8,100,25.443
2.0,79.0,1.5,139.5,4.2735,4.8,200,8.1134
2.0,79.0,1.5,139.5,4.2735,4.8,50,70.163
2.0,80.0,1.5,141.0,0.83,4.8,100,0.12194
2.0,80.0,1.5,141.0,0.83,4.8,200,8.1134
2.0,80.0,1.5,141.0,0.83,4.8,50,3.9949
2.0,81.0,1.5,142.5,4.2735,4.8,100,25.443
2.0,81.0,1.5,142.5,4.2735,4.8,200,8.1134
2.0,81.0,1.5,142.5,4.2735,4.8,50,70.163
2.0,82.0,1.5,144.0,4.2735,4.8,100,0.04186
2.0,82.0,1.5,144.0,4.2735,4.8,200,8.1134
2.0,82.0,1.5,144.0,4.2735,4.8,50,1.729
2.0,83.0,1.5,145.5,4.2735,4.8,100,25.443
2.0,83.0,1.5,145.5,4.2735,4.8,200,8.1134
2.0,83.0,1.5,145.5,4.2735,4.8,50,70.163
2.0,84.0,1.5,147.0,4.2735,4.8,100,25.443
2.0,84.0,1.5,147.0,4.2735,4.8,200,8.1134
2.0,84.0,1.5,147.0,4.2735,4.8,50,1.2831
2.0,85.0,1.5,148.5,4.2735,4.8,100,25.443
2.0,85.0,1.5,148.5,4.2735,4.8,200,8.1134
2.0,85.0,1.5,148.5,4.2735,4.8,50,70.163
2.0,86.0,1.5,150.0,4.2735,2.5,100,25.443
2.0,86.0,1.5,150.0,4.2735,2.5,200,8.1134
2.0,86.0,1.5,150.0,4.2735,2.5,50,0.07007
2.0,87.0,1.5,151.5,4.2735,1.0,100,25.443
2.0,87.0,1.5,151.5,4.2735,1.0,200,8.1134
2.0,87.0,1.5,151.5,4.2735,1.0,50,70.163
3.0,45.0,1.5,88.5,4.2735,4.8,100,26.002
3.0,45.0,1.5,88.5,4.2735,4.8,200,8.2917
3.0,45.0,1.5,88.5,4.2735,4.8,50,71.705
3.0,46.0,1.5,90.0,0.42,4.8,100,26.002
3.0,46.0,1.5,90.0,0.42,4.8,200,8.2917
3.0,46.0,1.5,90.0,0.42,4.8,50,71.705
3.0,47.0,1.5,91.5,4.2735,4.8,100,26.002
3.0,47.0,1.5,91.5,4.2735,4.8,200,8.2917
3.0,47.0,1.5,91.5,4.2735,4.8,50,71.705
3.0,48.0,1.5,93.0,4.2735,4.8,100,26.002
3.0,48.0,1.5,93.0,4.2735,4.8,200,8.2917
3.0,48.0,1.5,93.0,4.2735,4.8,50,0.02883
3.0,49.0,1.5,94.5,4.2735,4.8,100,26.002
3.0,49.0,1.5,94.5,4.2735,4.8,200,8.2917
3.0,49.0,1.5,94.5,4.2735,4.8,50,71.705
3.0,50.0,1.5,96.0,1.25,4.8,100,26.002
3.0,50.0,1.5,96.0,1.25,4.8,200,8.2917
3.0,50.0,1.5,96.0,1.25,4.8,50,0.45198
3.0,51.0,1.5,97.5,4.2735,4.8,100,26.002
3.0,51.0,1.5,97.5,4.2735,4.8,200,8.2917
3.0,51.0,1.5,97.5,4.2735,4.8,50,71.705
3.0,52.0,1.5,99.0,0.83,4.8,100,26.002
3.0,52.0,1.5,99.0,0.83,4.8,200,8.2917
3.0,52.0,1.5,99.0,0.83,4.8,50,0.57288
3.0,53.0,1.5,100.5,4.2735,4.8,100,26.002
3.0,53.0,1.5,100.5,4.2735,4.8,200,8.2917
3.0,53.0,1.5,100.5,4.2735,4.8,50,71.705
3.0,54.0,1.5,102.0,1.25,4.8,100,26.002
3.0,54.0,1.5,102.0,1.25,4.8,200,8.2917
3.0,54.0,1.5,102.0,1.25,4.8,50,4.0176
3.0,55.0,1.5,103.5,4.2735,4.8,100,26.002
3.0,55.0,1.5,103.5,4.2735,4.8,200,8.2917
3.0,55.0,1.5,103.5,4.2735,4.8,50,71.705
3.0,56.0,1.5,105.0,2.5,2.5,100,0.18879
3.0,56.0,1.5,105.0,2.5,2.5,200,8.2917
3.0,56.0,1.5,105.0,2.5,2.5,50,11.067
3.0,57.0,1.5,106.5,4.2735,1.0,100,26.002
3.0,57.0,1.5,106.5,4.2735,1.0,200,8.2917
3.0,57.0,1.5,106.5,4.2735,1.0,50,71.705
3.0,58.0,1.5,108.0,3.33,0.5,100,1.2462
3.0,58.0,1.5,108.0,3.33,0.5,200,0.03534
3.0,58.0,1.5,108.0,3.33,0.5,50,19.623
3.0,59.0,1.5,109.5,4.2735,4.8,100,26.002
3.0,59.0,1.5,109.5,4.2735,4.8,200,8.2917
3.0,59.0,1.5,109.5,4.2735,4.8,50,71.705
3.0,60.0,1.5,111.0,2.5,4.8,100,4.1943
3.0,60.0,1.5,111.0,2.5,4.8,200,0.24738
3.0,60.0,1.5,111.0,2.5,4.8,50,41.664
3.0,61.0,1.5,112.5,4.2735,4.8,100,26.002
3.0,61.0,1.5,112.5,4.2735,4.8,200,8.2917
3.0,61.0,1.5,112.5,4.2735,4.8,50,71.705
3.0,62.0,1.5,114.0,7.5,4.8,100,20.367
3.0,62.0,1.5,114.0,7.5,4.8,200,1.9344
3.0,62.0,1.5,114.0,7.5,4.8,50,76.353
3.0,63.0,1.5,115.5,4.2735,4.8,100,26.002
3.0,63.0,1.5,115.5,4.2735,4.8,200,8.2917
3.0,63.0,1.5,115.5,4.2735,4.8,50,71.705
3.0,64.0,1.5,117.0,5.42,4.8,100,34.038
3.0,64.0,1.5,117.0,5.42,4.8,200,7.719
3.0,64.0,1.5,117.0,5.42,4.8,50,112.53
3.0,65.0,1.5,118.5,4.2735,4.8,100,26.002
3.0,65.0,1.5,118.5,4.2735,4.8,200,8.2917
3.0,65.0,1.5,118.5,4.2735,4.8,50,71.705
3.0,66.0,1.5,120.0,9.17,2.5,100,52.638
3.0,66.0,1.5,120.0,9.17,2.5,200,15.159
3.0,66.0,1.5,120.0,9.17,2.5,50,143.22
3.0,67.0,1.5,121.5,4.2735,1.0,100,26.002
3.0,67.0,1.5,121.5,4.2735,1.0,200,8.2917
3.0,67.0,1.5,121.5,4.2735,1.0,50,71.705
3.0,68.0,1.5,123.0,5.0,0.5,100,64.914
3.0,68.0,1.5,123.0,5.0,0.5,200,18.972
3.0,68.0,1.5,123.0,5.0,0.5,50,221.34
3.0,69.0,1.5,124.5,4.2735,4.8,100,26.002
3.0,69.0,1.5,124.5,4.2735,4.8,200,8.2917
3.0,69.0,1.5,124.5,4.2735,4.8,50,71.705
3.0,70.0,1.5,126.0,10.0,4.8,100,68.727
3.0,70.0,1.5,126.0,10.0,4.8,200,20.739
3.0,70.0,1.5,126.0,10.0,4.8,50,243.66
3.0,71.0,1.5,127.5,4.2735,4.8,100,26.002
3.0,71.0,1.5,127.5,4.2735,4.8,200,8.2917
3.0,71.0,1.5,127.5,4.2735,4.8,50,71.705
3.0,72.0,1.5,129.0,10.83,4.8,100,54.963
3.0,72.0,1.5,129.0,10.83,4.8,200,18.693
3.0,72.0,1.5,129.0,10.83,4.8,50,190.65
3.0,73.0,1.5,130.5,4.2735,4.8,100,26.002
3.0,73.0,1.5,130.5,4.2735,4.8,200,8.2917
3.0,73.0,1.5,130.5,4.2735,4.8,50,71.705
3.0,74.0,1.5,132.0,9.17,4.8,100,41.664
3.0,74.0,1.5,132.0,9.17,4.8,200,9.579
3.0,74.0,1.5,132.0,9.17,4.8,50,126.48
3.0,75.0,1.5,133.5,4.2735,4.8,100,26.002
3.0,75.0,1.5,133.5,4.2735,4.8,200,8.2917
3.0,75.0,1.5,133.5,4.2735,4.8,50,71.705
3.0,76.0,1.5,135.0,5.42,2.5,100,23.622
3.0,76.0,1.5,135.0,5.42,2.5,200,3.0132
3.0,76.0,1.5,135.0,5.42,2.5,50,102.3
3.0,77.0,1.5,136.5,4.2735,1.0,100,26.002
3.0,77.0,1.5,136.5,4.2735,1.0,200,8.2917
3.0,77.0,1.5,136.5,4.2735,1.0,50,71.705
3.0,78.0,1.5,138.0,7.5,0.5,100,12.369
3.0,78.0,1.5,138.0,7.5,0.5,200,0.79515
3.0,78.0,1.5,138.0,7.5,0.5,50,80.445
3.0,79.0,1.5,139.5,4.2735,4.8,100,26.002
3.0,79.0,1.5,139.5,4.2735,4.8,200,8.2917
3.0,79.0,1.5,139.5,4.2735,4.8,50,71.705
3.0,80.0,1.5,141.0,6.25,4.8,100,3.5712
3.0,80.0,1.5,141.0,6.25,4.8,200,0.09486
3.0,80.0,1.5,141.0,6.25,4.8,50,36.549
3.0,81.0,1.5,142.5,4.2735,4.8,100,26.002
3.0,81.0,1.5,142.5,4.2735,4.8,200,8.2917
3.0,81.0,1.5,142.5,4.2735,4.8,50,71.705
3.0,82.0,1.5,144.0,4.58,4.8,100,0.47337
3.0,82.0,1.5,144.0,4.58,4.8,200,8.2917
3.0,82.0,1.5,144.0,4.58,4.8,50,15.624
3.0,83.0,1.5,145.5,4.2735,4.8,100,26.002
3.0,83.0,1.5,145.5,4.2735,4.8,200,8.2917
3.0,83.0,1.5,145.5,4.2735,4.8,50,71.705
3.0,84.0,1.5,147.0,2.92,4.8,100,0.16647
3.0,84.0,1.5,147.0,2.92,4.8,200,8.2917
3.0,84.0,1.5,147.0,2.92,4.8,50,5.5893
3.0,85.0,1.5,148.5,4.2735,4.8,100,26.002
3.0,85.0,1.5,148.5,4.2735,4.8,200,8.2917
3.0,85.0,1.5,148.5,4.2735,4.8,50,71.705
3.0,86.0,1.5,150.0,2.08,2.5,100,0.05673
3.0,86.0,1.5,150.0,2.08,2.5,200,8.2917
3.0,86.0,1.5,150.0,2.08,2.5,50,2.6691
3.0,87.0,1.5,151.5,4.2735,1.0,100,26.002
3.0,87.0,1.5,151.5,4.2735,1.0,200,8.2917
3.0,87.0,1.5,151.5,4.2735,1.0,50,71.705
3.0,88.0,1.5,153.0,1.66,0.5,100,26.002
3.0,88.0,1.5,153.0,1.66,0.5,200,8.2917
3.0,88.0,1.5,153.0,1.66,0.5,50,0.65658
3.0,89.0,1.5,154.5,4.2735,4.8,100,26.002
3.0,89.0,1.5,154.5,4.2735,4.8,200,8.2917
3.0,89.0,1.5,154.5,4.2735,4.8,50,71.705
3.0,90.0,1.5,156.0,4.2735,4.8,100,26.002
3.0,90.0,1.5,156.0,4.2735,4.8,200,8.2917
3.0,90.0,1.5,156.0,4.2735,4.8,50,0.06696
3.0,91.0,1.5,157.5,4.2735,4.8,100,26.002
3.0,91.0,1.5,157.5,4.2735,4.8,200,8.2917
3.0,91.0,1.5,157.5,4.2735,4.8,50,71.705
3.0,92.0,1.5,159.0,0.42,4.8,100,26.002
3.0,92.0,1.5,159.0,0.42,4.8,200,8.2917
3.0,92.0,1.5,159.0,0.42,4.8,50,0.04371
3.0,93.0,1.5,160.5,4.2735,4.8,100,26.002
3.0,93.0,1.5,160.5,4.2735,4.8,200,8.2917
3.0,93.0,1.5,160.5,4.2735,4.8,50,71.705
3.0,94.0,1.5,162.0,4.2735,4.8,100,26.002
3.0,94.0,1.5,162.0,4.2735,4.8,200,8.2917
3.0,94.0,1.5,162.0,4.2735,4.8,50,0.02883
3.0,95.0,1.5,163.5,4.2735,4.8,100,26.002
3.0,95.0,1.5,163.5,4.2735,4.8,200,8.2917
3.0,95.0,1.5,163.5,4.2735,4.8,50,71.705
4.0,27.0,1.5,61.5,4.2735,4.8,100,25.722
4.0,27.0,1.5,61.5,4.2735,4.8,200,8.2025
4.0,27.0,1.5,61.5,4.2735,4.8,50,70.934
4.0,28.0,1.5,63.0,4.2735,4.8,100,0.15732
4.0,28.0,1.5,63.0,4.2735,4.8,200,8.2025
4.0,28.0,1.5,63.0,4.2735,4.8,50,70.934
4.0,29.0,1.5,64.5,4.2735,4.8,100,25.722
4.0,29.0,1.5,64.5,4.2735,4.8,200,8.2025
4.0,29.0,1.5,64.5,4.2735,4.8,50,70.934
4.0,30.0,1.5,66.0,4.2735,4.8,100,0.62928
4.0,30.0,1.5,66.0,4.2735,4.8,200,8.2025
4.0,30.0,1.5,66.0,4.2735,4.8,50,1.0672
4.0,31.0,1.5,67.5,4.2735,4.8,100,25.722
4.0,31.0,1.5,67.5,4.2735,4.8,200,8.2025
4.0,31.0,1.5,67.5,4.2735,4.8,50,70.934
4.0,32.0,1.5,69.0,0.83,4.8,100,1.9044
4.0,32.0,1.5,69.0,0.83,4.8,200,0.08832
4.0,32.0,1.5,69.0,0.83,4.8,50,4.8576
4.0,33.0,1.5,70.5,4.2735,4.8,100,25.722
4.0,33.0,1.5,70.5,4.2735,4.8,200,8.2025
4.0,33.0,1.5,70.5,4.2735,4.8,50,70.934
4.0,34.0,1.5,72.0,1.67,4.8,100,2.9348
4.0,34.0,1.5,72.0,1.67,4.8,200,0.2024
4.0,34.0,1.5,72.0,1.67,4.8,50,6.4308
4.0,35.0,1.5,73.5,4.2735,4.8,100,25.722
4.0,35.0,1.5,73.5,4.2735,4.8,200,8.2025
4.0,35.0,1.5,73.5,4.2735,4.8,50,70.934
4.0,36.0,1.5,75.0,3.33,2.5,100,7.4428
4.0,36.0,1.5,75.0,3.33,2.5,200,1.6284
4.0,36.0,1.5,75.0,3.33,2.5,50,23.368
4.0,37.0,1.5,76.5,4.2735,1.0,100,25.722
4.0,37.0,1.5,76.5,4.2735,1.0,200,8.2025
4.0,37.0,1.5,76.5,4.2735,1.0,50,70.934
4.0,38.0,1.5,78.0,5.0,0.5,100,16.744
4.0,38.0,1.5,78.0,5.0,0.5,200,4.278
4.0,38.0,1.5,78.0,5.0,0.5,50,47.012
4.0,39.0,1.5,79.5,4.2735,4.8,100,25.722
4.0,39.0,1.5,79.5,4.2735,4.8,200,8.2025
4.0,39.0,1.5,79.5,4.2735,4.8,50,70.934
4.0,40.0,1.5,81.0,6.67,4.8,100,30.176
4.0,40.0,1.5,81.0,6.67,4.8,200,6.21
4.0,40.0,1.5,81.0,6.67,4.8,50,92.0
4.0,41.0,1.5,82.5,4.2735,4.8,100,25.722
4.0,41.0,1.5,82.5,4.2735,4.8,200,8.2025
4.0,41.0,1.5,82.5,4.2735,4.8,50,70.934
4.0,42.0,1.5,84.0,7.92,4.8,100,39.836
4.0,42.0,1.5,84.0,7.92,4.8,200,11.04
4.0,42.0,1.5,84.0,7.92,4.8,50,115.92
4.0,43.0,1.5,85.5,4.2735,4.8,100,25.722
4.0,43.0,1.5,85.5,4.2735,4.8,200,8.2025
4.0,43.0,1.5,85.5,4.2735,4.8,50,70.934
4.0,44.0,1.5,87.0,5.42,4.8,100,14.812
4.0,44.0,1.5,87.0,5.42,4.8,200,13.064
4.0,44.0,1.5,87.0,5.42,4.8,50,149.04
4.0,45.0,1.5,88.5,4.2735,4.8,100,25.722
4.0,45.0,1.5,88.5,4.2735,4.8,200,8.2025
4.0,45.0,1.5,88.5,4.2735,4.8,50,70.934
4.0,46.0,1.5,90.0,5.83,2.5,100,50.508
4.0,46.0,1.5,90.0,5.83,2.5,200,11.776
4.0,46.0,1.5,90.0,5.83,2.5,50,172.04
4.0,47.0,1.5,91.5,4.2735,1.0,100,25.722
4.0,47.0,1.5,91.5,4.2735,1.0,200,8.2025
4.0,47.0,1.5,91.5,4.2735,1.0,50,70.934
4.0,48.0,1.5,93.0,8.75,0.5,100,48.024
4.0,48.0,1.5,93.0,8.75,0.5,200,10.396
4.0,48.0,1.5,93.0,8.75,0.5,50,175.72
4.0,49.0,1.5,94.5,4.2735,4.8,100,25.722
4.0,49.0,1.5,94.5,4.2735,4.8,200,8.2025
4.0,49.0,1.5,94.5,4.2735,4.8,50,70.934
4.0,50.0,1.5,96.0,9.58,4.8,100,39.1
4.0,50.0,1.5,96.0,9.58,4.8,200,9.568
4.0,50.0,1.5,96.0,9.58,4.8,50,157.32
4.0,51.0,1.5,97.5,4.2735,4.8,100,25.722
4.0,51.0,1.5,97.5,4.2735,4.8,200,8.2025
4.0,51.0,1.5,97.5,4.2735,4.8,50,70.934
4.0,52.0,1.5,99.0,4.17,4.8,100,27.876
4.0,52.0,1.5,99.0,4.17,4.8,200,7.544
4.0,52.0,1.5,99.0,4.17,4.8,50,106.72
4.0,53.0,1.5,100.5,4.2735,4.8,100,25.722
4.0,53.0,1.5,100.5,4.2735,4.8,200,8.2025
4.0,53.0,1.5,100.5,4.2735,4.8,50,70.934
4.0,54.0,1.5,102.0,5.0,4.8,100,22.54
4.0,54.0,1.5,102.0,5.0,4.8,200,4.5632
4.0,54.0,1.5,102.0,5.0,4.8,50,92.92
4.0,55.0,1.5,103.5,4.2735,4.8,100,25.722
4.0,55.0,1.5,103.5,4.2735,4.8,200,8.2025
4.0,55.0,1.5,103.5,4.2735,4.8,50,70.934
4.0,56.0,1.5,105.0,8.33,2.5,100,18.584
4.0,56.0,1.5,105.0,8.33,2.5,200,5.1336
4.0,56.0,1.5,105.0,8.33,2.5,50,88.872
4.0,57.0,1.5,106.5,4.2735,1.0,100,25.722
4.0,57.0,1.5,106.5,4.2735,1.0,200,8.2025
4.0,57.0,1.5,106.5,4.2735,1.0,50,70.934
4.0,58.0,1.5,108.0,5.42,0.5,100,20.516
4.0,58.0,1.5,108.0,5.42,0.5,200,4.5632
4.0,58.0,1.5,108.0,5.42,0.5,50,-91.08
4.0,59.0,1.5,109.5,4.2735,4.8,100,25.722
4.0,59.0,1.5,109.5,4.2735,4.8,200,8.2025
4.0,59.0,1.5,109.5,4.2735,4.8,50,70.934
4.0,60.0,1.5,111.0,5.0,4.8,100,20.976
4.0,60.0,1.5,111.0,5.0,4.8,200,4.0572
4.0,60.0,1.5,111.0,5.0,4.8,50,106.72
4.0,61.0,1.5,112.5,4.2735,4.8,100,25.722
4.0,61.0,1.5,112.5,4.2735,4.8,200,8.2025
4.0,61.0,1.5,112.5,4.2735,4.8,50,70.934
4.0,62.0,1.5,114.0,0.42,4.8,100,19.78
4.0,62.0,1.5,114.0,0.42,4.8,200,3.5328
4.0,62.0,1.5,114.0,0.42,4.8,50,103.96
4.0,63.0,1.5,115.5,4.2735,4.8,100,25.722
4.0,63.0,1.5,115.5,4.2735,4.8,200,8.2025
4.0,63.0,1.5,115.5,4.2735,4.8,50,70.934
4.0,64.0,1.5,117.0,2.08,4.8,100,16.192
4.0,64.0,1.5,117.0,2.08,4.8,200,2.806
4.0,64.0,1.5,117.0,2.08,4.8,50,86.94
4.0,65.0,1.5,118.5,4.2735,4.8,100,25.722
4.0,65.0,1.5,118.5,4.2735,4.8,200,8.2025
4.0,65.0,1.5,118.5,4.2735,4.8,50,70.934
4.0,66.0,1.5,120.0,1.25,2.5,100,13.064
4.0,66.0,1.5,120.0,1.25,2.5,200,2.4748
4.0,66.0,1.5,120.0,1.25,2.5,50,86.664
4.0,67.0,1.5,121.5,4.2735,1.0,100,25.722
4.0,67.0,1.5,121.5,4.2735,1.0,200,8.2025
4.0,67.0,1.5,121.5,4.2735,1.0,50,70.934
4.0,68.0,1.5,123.0,2.92,0.5,100,15.18
4.0,68.0,1.5,123.0,2.92,0.5,200,1.7756
4.0,68.0,1.5,123.0,2.92,0.5,50,65.596
4.0,69.0,1.5,124.5,4.2735,4.8,100,25.722
4.0,69.0,1.5,124.5,4.2735,4.8,200,8.2025
4.0,69.0,1.5,124.5,4.2735,4.8,50,70.934
4.0,70.0,1.5,126.0,2.08,4.8,100,6.3112
4.0,70.0,1.5,126.0,2.08,4.8,200,0.874
4.0,70.0,1.5,126.0,2.08,4.8,50,47.748
4.0,71.0,1.5,127.5,4.2735,4.8,100,25.722
4.0,71.0,1.5,127.5,4.2735,4.8,200,8.2025
4.0,71.0,1.5,127.5,4.2735,4.8,50,70.934
4.0,72.0,1.5,129.0,2.5,4.8,100,3.91
4.0,72.0,1.5,129.0,2.5,4.8,200,0.5612
4.0,72.0,1.5,129.0,2.5,4.8,50,27.048
4.0,73.0,1.5,130.5,4.2735,4.8,100,25.722
4.0,73.0,1.5,130.5,4.2735,4.8,200,8.2025
4.0,73.0,1.5,130.5,4.2735,4.8,50,70.934
4.0,74.0,1.5,132.0,2.08,4.8,100,3.3396
4.0,74.0,1.5,132.0,2.08,4.8,200,0.3772
4.0,74.0,1.5,132.0,2.08,4.8,50,8.28
4.0,75.0,1.5,133.5,4.2735,4.8,100,25.722
4.0,75.0,1.5,133.5,4.2735,4.8,200,8.2025
4.0,75.0,1.5,133.5,4.2735,4.8,50,70.934
4.0,76.0,1.5,135.0,2.08,2.5,100,2.116
4.0,76.0,1.5,135.0,2.08,2.5,200,0.18124
4.0,76.0,1.5,135.0,2.08,2.5,50,7.4888
4.0,77.0,1.5,136.5,4.2735,1.0,100,25.722
4.0,77.0,1.5,136.5,4.2735,1.0,200,8.2025
4.0,77.0,1.5,136.5,4.2735,1.0,50,70.934
4.0,78.0,1.5,138.0,0.42,0.5,100,1.0672
4.0,78.0,1.5,138.0,0.42,0.5,200,8.2025
4.0,78.0,1.5,138.0,0.42,0.5,50,7.6452
4.0,79.0,1.5,139.5,4.2735,4.8,100,25.722
4.0,79.0,1.5,139.5,4.2735,4.8,200,8.2025
4.0,79.0,1.5,139.5,4.2735,4.8,50,70.934
4.0,80.0,1.5,141.0,4.2735,4.8,100,1.2604
4.0,80.0,1.5,141.0,4.2735,4.8,200,8.2025
4.0,80.0,1.5,141.0,4.2735,4.8,50,3.1556
4.0,81.0,1.5,142.5,4.2735,4.8,100,25.722
4.0,81.0,1.5,142.5,4.2735,4.8,200,8.2025
4.0,81.0,1.5,142.5,4.2735,4.8,50,70.934
4.0,82.0,1.5,144.0,0.83,4.8,100,0.31648
4.0,82.0,1.5,144.0,0.83,4.8,200,8.2025
4.0,82.0,1.5,144.0,0.83,4.8,50,2.7048
4.0,83.0,1.5,145.5,4.2735,4.8,100,25.722
4.0,83.0,1.5,145.5,4.2735,4.8,200,8.2025
4.0,83.0,1.5,145.5,4.2735,4.8,50,70.934
4.0,84.0,1.5,147.0,0.42,4.8,100,0.23276
4.0,84.0,1.5,147.0,0.42,4.8,200,8.2025
4.0,84.0,1.5,147.0,0.42,4.8,50,4.2504
4.0,85.0,1.5,148.5,4.2735,4.8,100,25.722
4.0,85.0,1.5,148.5,4.2735,4.8,200,8.2025
4.0,85.0,1.5,148.5,4.2735,4.8,50,70.934
4.0,86.0,1.5,150.0,4.2735,2.5,100,25.722
4.0,86.0,1.5,150.0,4.2735,2.5,200,8.2025
4.0,86.0,1.5,150.0,4.2735,2.5,50,5.2256
4.0,87.0,1.5,151.5,4.2735,1.0,100,25.722
4.0,87.0,1.5,151.5,4.2735,1.0,200,8.2025
4.0,87.0,1.5,151.5,4.2735,1.0,50,70.934
4.0,88.0,1.5,153.0,4.2735,0.5,100,25.722
4.0,88.0,1.5,153.0,4.2735,0.5,200,8.2025
4.0,88.0,1.5,153.0,4.2735,0.5,50,2.2724
4.0,89.0,1.5,154.5,4.2735,4.8,100,25.722
4.0,89.0,1.5,154.5,4.2735,4.8,200,8.2025
4.0,89.0,1.5,154.5,4.2735,4.8,50,70.934
4.0,90.0,1.5,156.0,4.2735,4.8,100,25.722
4.0,90.0,1.5,156.0,4.2735,4.8,200,8.2025
4.0,90.0,1.5,156.0,4.2735,4.8,50,0.1012
4.0,91.0,1.5,157.5,4.2735,4.8,100,25.722
4.0,91.0,1.5,157.5,4.2735,4.8,200,8.2025
4.0,91.0,1.5,157.5,4.2735,4.8,50,70.934
4.0,92.0,1.5,159.0,4.2735,4.8,100,25.722
4.0,92.0,1.5,159.0,4.2735,4.8,200,8.2025
4.0,92.0,1.5,159.0,4.2735,4.8,50,0.29532
4.0,93.0,1.5,160.5,4.2735,4.8,100,25.722
4.0,93.0,1.5,160.5,4.2735,4.8,200,8.2025
4.0,93.0,1.5,160.5,4.2735,4.8,50,70.934
5.0,31.0,1.5,67.5,4.2735,4.8,100,27.12
5.0,31.0,1.5,67.5,4.2735,4.8,200,8.6483
5.0,31.0,1.5,67.5,4.2735,4.8,50,74.789
5.0,32.0,1.5,69.0,0.42,4.8,100,27.12
5.0,32.0,1.5,69.0,0.42,4.8,200,8.6483
5.0,32.0,1.5,69.0,0.42,4.8,50,74.789
5.0,33.0,1.5,70.5,4.2735,4.8,100,27.12
5.0,33.0,1.5,70.5,4.2735,4.8,200,8.6483
5.0,33.0,1.5,70.5,4.2735,4.8,50,74.789
5.0,34.0,1.5,72.0,4.2735,4.8,100,27.12
5.0,34.0,1.5,72.0,4.2735,4.8,200,8.6483
5.0,34.0,1.5,72.0,4.2735,4.8,50,74.789
5.0,35.0,1.5,73.5,4.2735,4.8,100,27.12
5.0,35.0,1.5,73.5,4.2735,4.8,200,8.6483
5.0,35.0,1.5,73.5,4.2735,4.8,50,74.789
5.0,36.0,1.5,75.0,4.2735,4.8,100,27.12
5.0,36.0,1.5,75.0,4.2735,4.8,200,8.6483
5.0,36.0,1.5,75.0,4.2735,4.8,50,74.789
5.0,37.0,1.5,76.5,4.2735,4.8,100,27.12
5.0,37.0,1.5,76.5,4.2735,4.8,200,8.6483
5.0,37.0,1.5,76.5,4.2735,4.8,50,74.789
5.0,38.0,1.5,78.0,0.42,4.8,100,27.12
5.0,38.0,1.5,78.0,0.42,4.8,200,8.6483
5.0,38.0,1.5,78.0,0.42,4.8,50,74.789
5.0,39.0,1.5,79.5,4.2735,4.8,100,27.12
5.0,39.0,1.5,79.5,4.2735,4.8,200,8.6483
5.0,39.0,1.5,79.5,4.2735,4.8,50,74.789
5.0,40.0,1.5,81.0,0.83,4.8,100,27.12
5.0,40.0,1.5,81.0,0.83,4.8,200,8.6483
5.0,40.0,1.5,81.0,0.83,4.8,50,1.2416
5.0,41.0,1.5,82.5,4.2735,4.8,100,27.12
5.0,41.0,1.5,82.5,4.2735,4.8,200,8.6483
5.0,41.0,1.5,82.5,4.2735,4.8,50,74.789
5.0,42.0,1.5,84.0,1.24,4.8,100,27.12
5.0,42.0,1.5,84.0,1.24,4.8,200,8.6483
5.0,42.0,1.5,84.0,1.24,4.8,50,5.3932
5.0,43.0,1.5,85.5,4.2735,4.8,100,27.12
5.0,43.0,1.5,85.5,4.2735,4.8,200,8.6483
5.0,43.0,1.5,85.5,4.2735,4.8,50,74.789
5.0,44.0,1.5,87.0,2.9,4.8,100,0.1649
5.0,44.0,1.5,87.0,2.9,4.8,200,8.6483
5.0,44.0,1.5,87.0,2.9,4.8,50,21.243
5.0,45.0,1.5,88.5,4.2735,4.8,100,27.12
5.0,45.0,1.5,88.5,4.2735,4.8,200,8.6483
5.0,45.0,1.5,88.5,4.2735,4.8,50,74.789
5.0,46.0,1.5,90.0,3.32,2.5,100,6.6736
5.0,46.0,1.5,90.0,3.32,2.5,200,8.6483
5.0,46.0,1.5,90.0,3.32,2.5,50,40.158
5.0,47.0,1.5,91.5,4.2735,1.0,100,27.12
5.0,47.0,1.5,91.5,4.2735,1.0,200,8.6483
5.0,47.0,1.5,91.5,4.2735,1.0,50,74.789
5.0,48.0,1.5,93.0,7.88,0.5,100,14.841
5.0,48.0,1.5,93.0,7.88,0.5,200,8.6483
5.0,48.0,1.5,93.0,7.88,0.5,50,102.82
5.0,49.0,1.5,94.5,4.2735,4.8,100,27.12
5.0,49.0,1.5,94.5,4.2735,4.8,200,8.6483
5.0,49.0,1.5,94.5,4.2735,4.8,50,74.789
5.0,50.0,1.5,96.0,9.13,4.8,100,75.175
5.0,50.0,1.5,96.0,9.13,4.8,200,2.0467
5.0,50.0,1.5,96.0,9.13,4.8,50,184.3
5.0,51.0,1.5,97.5,4.2735,4.8,100,27.12
5.0,51.0,1.5,97.5,4.2735,4.8,200,8.6483
5.0,51.0,1.5,97.5,4.2735,4.8,50,74.789
5.0,52.0,1.5,99.0,9.96,4.8,100,183.33
5.0,52.0,1.5,99.0,9.96,4.8,200,19.691
5.0,52.0,1.5,99.0,9.96,4.8,50,307.49
5.0,53.0,1.5,100.5,4.2735,4.8,100,27.12
5.0,53.0,1.5,100.5,4.2735,4.8,200,8.6483
5.0,53.0,1.5,100.5,4.2735,4.8,50,74.789
5.0,54.0,1.5,102.0,14.52,4.8,100,264.81
5.0,54.0,1.5,102.0,14.52,4.8,200,99.91
5.0,54.0,1.5,102.0,14.52,4.8,50,315.25
5.0,55.0,1.5,103.5,4.2735,4.8,100,27.12
5.0,55.0,1.5,103.5,4.2735,4.8,200,8.6483
5.0,55.0,1.5,103.5,4.2735,4.8,50,74.789
5.0,56.0,1.5,105.0,18.25,2.5,100,274.51
5.0,56.0,1.5,105.0,18.25,2.5,200,132.89
5.0,56.0,1.5,105.0,18.25,2.5,50,411.28
5.0,57.0,1.5,106.5,4.2735,1.0,100,27.12
5.0,57.0,1.5,106.5,4.2735,1.0,200,8.6483
5.0,57.0,1.5,106.5,4.2735,1.0,50,74.789
5.0,58.0,1.5,108.0,8.3,0.5,100,248.32
5.0,58.0,1.5,108.0,8.3,0.5,200,73.235
5.0,58.0,1.5,108.0,8.3,0.5,50,479.18
5.0,59.0,1.5,109.5,4.2735,4.8,100,27.12
5.0,59.0,1.5,109.5,4.2735,4.8,200,8.6483
5.0,59.0,1.5,109.5,4.2735,4.8,50,74.789
5.0,60.0,1.5,111.0,6.64,4.8,100,202.73
5.0,60.0,1.5,111.0,6.64,4.8,200,29.876
5.0,60.0,1.5,111.0,6.64,4.8,50,414.19
5.0,61.0,1.5,112.5,4.2735,4.8,100,27.12
5.0,61.0,1.5,112.5,4.2735,4.8,200,8.6483
5.0,61.0,1.5,112.5,4.2735,4.8,50,74.789
5.0,62.0,1.5,114.0,7.88,4.8,100,68.676
5.0,62.0,1.5,114.0,7.88,4.8,200,2.1728
5.0,62.0,1.5,114.0,7.88,4.8,50,374.42
5.0,63.0,1.5,115.5,4.2735,4.8,100,27.12
5.0,63.0,1.5,115.5,4.2735,4.8,200,8.6483
5.0,63.0,1.5,115.5,4.2735,4.8,50,74.789
5.0,64.0,1.5,117.0,2.9,4.8,100,19.206
5.0,64.0,1.5,117.0,2.9,4.8,200,0.33368
5.0,64.0,1.5,117.0,2.9,4.8,50,274.51
5.0,65.0,1.5,118.5,4.2735,4.8,100,27.12
5.0,65.0,1.5,118.5,4.2735,4.8,200,8.6483
5.0,65.0,1.5,118.5,4.2735,4.8,50,74.789
5.0,66.0,1.5,120.0,3.32,59.6,100,2.3959
5.0,66.0,1.5,120.0,3.32,59.6,200,8.6483
5.0,66.0,1.5,120.0,3.32,59.6,50,117.37
5.0,67.0,1.5,121.5,4.2735,161.0,100,27.12
5.0,67.0,1.5,121.5,4.2735,161.0,200,8.6483
5.0,67.0,1.5,121.5,4.2735,161.0,50,74.789
5.0,68.0,1.5,123.0,0.83,264.0,100,0.65087
5.0,68.0,1.5,123.0,0.83,264.0,200,8.6483
5.0,68.0,1.5,123.0,0.83,264.0,50,19.303
5.0,69.0,1.5,124.5,4.2735,4.8,100,27.12
5.0,69.0,1.5,124.5,4.2735,4.8,200,8.6483
5.0,69.0,1.5,124.5,4.2735,4.8,50,74.789
5.0,70.0,1.5,126.0,0.42,4.8,100,0.23183
5.0,70.0,1.5,126.0,0.42,4.8,200,8.6483
5.0,70.0,1.5,126.0,0.42,4.8,50,0.71489
5.0,71.0,1.5,127.5,4.2735,4.8,100,27.12
5.0,71.0,1.5,127.5,4.2735,4.8,200,8.6483
5.0,71.0,1.5,127.5,4.2735,4.8,50,74.789
5.0,72.0,1.5,129.0,0.42,4.8,100,0.1552
5.0,72.0,1.5,129.0,0.42,4.8,200,8.6483
5.0,72.0,1.5,129.0,0.42,4.8,50,0.37345
5.0,73.0,1.5,130.5,4.2735,4.8,100,27.12
5.0,73.0,1.5,130.5,4.2735,4.8,200,8.6483
5.0,73.0,1.5,130.5,4.2735,4.8,50,74.789
5.0,74.0,1.5,132.0,0.42,4.8,100,0.16102
5.0,74.0,1.5,132.0,0.42,4.8,200,8.6483
5.0,74.0,1.5,132.0,0.42,4.8,50,74.789
5.0,75.0,1.5,133.5,4.2735,4.8,100,27.12
5.0,75.0,1.5,133.5,4.2735,4.8,200,8.6483
5.0,75.0,1.5,133.5,4.2735,4.8,50,74.789
6.0,25.0,1.5,58.5,4.2735,4.8,100,26.841
6.0,25.0,1.5,58.5,4.2735,4.8,200,8.5592
6.0,25.0,1.5,58.5,4.2735,4.8,50,74.018
6.0,26.0,1.5,60.0,0.83,4.8,100,26.841
6.0,26.0,1.5,60.0,0.83,4.8,200,8.5592
6.0,26.0,1.5,60.0,0.83,4.8,50,74.018
6.0,27.0,1.5,61.5,4.2735,4.8,100,26.841
6.0,27.0,1.5,61.5,4.2735,4.8,200,8.5592
6.0,27.0,1.5,61.5,4.2735,4.8,50,74.018
6.0,28.0,1.5,63.0,2.08,4.8,100,26.841
6.0,28.0,1.5,63.0,2.08,4.8,200,8.5592
6.0,28.0,1.5,63.0,2.08,4.8,50,74.018
6.0,29.0,1.5,64.5,4.2735,4.8,100,26.841
6.0,29.0,1.5,64.5,4.2735,4.8,200,8.5592
6.0,29.0,1.5,64.5,4.2735,4.8,50,74.018
6.0,30.0,1.5,66.0,1.25,4.8,100,26.841
6.0,30.0,1.5,66.0,1.25,4.8,200,8.5592
6.0,30.0,1.5,66.0,1.25,4.8,50,0.96
6.0,31.0,1.5,67.5,4.2735,4.8,100,26.841
6.0,31.0,1.5,67.5,4.2735,4.8,200,8.5592
6.0,31.0,1.5,67.5,4.2735,4.8,50,74.018
6.0,32.0,1.5,69.0,2.92,4.8,100,26.841
6.0,32.0,1.5,69.0,2.92,4.8,200,8.5592
6.0,32.0,1.5,69.0,2.92,4.8,50,5.0592
6.0,33.0,1.5,70.5,4.2735,4.8,100,26.841
6.0,33.0,1.5,70.5,4.2735,4.8,200,8.5592
6.0,33.0,1.5,70.5,4.2735,4.8,50,74.018
6.0,34.0,1.5,72.0,5.42,4.8,100,26.841
6.0,34.0,1.5,72.0,5.42,4.8,200,8.5592
6.0,34.0,1.5,72.0,5.42,4.8,50,13.728
6.0,35.0,1.5,73.5,4.2735,4.8,100,26.841
6.0,35.0,1.5,73.5,4.2735,4.8,200,8.5592
6.0,35.0,1.5,73.5,4.2735,4.8,50,74.018
6.0,36.0,1.5,75.0,3.33,2.5,100,0.41568
6.0,36.0,1.5,75.0,3.33,2.5,200,8.5592
6.0,36.0,1.5,75.0,3.33,2.5,50,16.704
6.0,37.0,1.5,76.5,4.2735,1.0,100,26.841
6.0,37.0,1.5,76.5,4.2735,1.0,200,8.5592
6.0,37.0,1.5,76.5,4.2735,1.0,50,74.018
6.0,38.0,1.5,78.0,11.25,0.5,100,1.2768
6.0,38.0,1.5,78.0,11.25,0.5,200,0.03744
6.0,38.0,1.5,78.0,11.25,0.5,50,33.696
6.0,39.0,1.5,79.5,4.2735,4.8,100,26.841
6.0,39.0,1.5,79.5,4.2735,4.8,200,8.5592
6.0,39.0,1.5,79.5,4.2735,4.8,50,74.018
6.0,40.0,1.5,81.0,7.08,4.8,100,8.3424
6.0,40.0,1.5,81.0,7.08,4.8,200,0.53952
6.0,40.0,1.5,81.0,7.08,4.8,50,63.168
6.0,41.0,1.5,82.5,4.2735,4.8,100,26.841
6.0,41.0,1.5,82.5,4.2735,4.8,200,8.5592
6.0,41.0,1.5,82.5,4.2735,4.8,50,74.018
6.0,42.0,1.5,84.0,8.33,4.8,100,25.248
6.0,42.0,1.5,84.0,8.33,4.8,200,2.6784
6.0,42.0,1.5,84.0,8.33,4.8,50,102.72
6.0,43.0,1.5,85.5,4.2735,4.8,100,26.841
6.0,43.0,1.5,85.5,4.2735,4.8,200,8.5592
6.0,43.0,1.5,85.5,4.2735,4.8,50,74.018
6.0,44.0,1.5,87.0,7.08,4.8,100,48.672
6.0,44.0,1.5,87.0,7.08,4.8,200,8.544
6.0,44.0,1.5,87.0,7.08,4.8,50,141.12
6.0,45.0,1.5,88.5,4.2735,4.8,100,26.841
6.0,45.0,1.5,88.5,4.2735,4.8,200,8.5592
6.0,45.0,1.5,88.5,4.2735,4.8,50,74.018
6.0,46.0,1.5,90.0,11.67,2.5,100,59.616
6.0,46.0,1.5,90.0,11.67,2.5,200,18.816
6.0,46.0,1.5,90.0,11.67,2.5,50,196.8
6.0,47.0,1.5,91.5,4.2735,1.0,100,26.841
6.0,47.0,1.5,91.5,4.2735,1.0,200,8.5592
6.0,47.0,1.5,91.5,4.2735,1.0,50,74.018
6.0,48.0,1.5,93.0,10.42,0.5,100,86.304
6.0,48.0,1.5,93.0,10.42,0.5,200,27.264
6.0,48.0,1.5,93.0,10.42,0.5,50,257.28
6.0,49.0,1.5,94.5,4.2735,4.8,100,26.841
6.0,49.0,1.5,94.5,4.2735,4.8,200,8.5592
6.0,49.0,1.5,94.5,4.2735,4.8,50,74.018
6.0,50.0,1.5,96.0,7.91,4.8,100,76.512
6.0,50.0,1.5,96.0,7.91,4.8,200,19.68
6.0,50.0,1.5,96.0,7.91,4.8,50,231.36
6.0,51.0,1.5,97.5,4.2735,4.8,100,26.841
6.0,51.0,1.5,97.5,4.2735,4.8,200,8.5592
6.0,51.0,1.5,97.5,4.2735,4.8,50,74.018
6.0,52.0,1.5,99.0,6.67,4.8,100,61.728
6.0,52.0,1.5,99.0,6.67,4.8,200,15.456
6.0,52.0,1.5,99.0,6.67,4.8,50,201.6
6.0,53.0,1.5,100.5,4.2735,4.8,100,26.841
6.0,53.0,1.5,100.5,4.2735,4.8,200,8.5592
6.0,53.0,1.5,100.5,4.2735,4.8,50,74.018
6.0,54.0,1.5,102.0,5.42,4.8,100,53.088
6.0,54.0,1.5,102.0,5.42,4.8,200,13.92
6.0,54.0,1.5,102.0,5.42,4.8,50,178.56
6.0,55.0,1.5,103.5,4.2735,4.8,100,26.841
6.0,55.0,1.5,103.5,4.2735,4.8,200,8.5592
6.0,55.0,1.5,103.5,4.2735,4.8,50,74.018
6.0,56.0,1.5,105.0,3.75,2.5,100,48.672
6.0,56.0,1.5,105.0,3.75,2.5,200,11.328
6.0,56.0,1.5,105.0,3.75,2.5,50,167.04
6.0,57.0,1.5,106.5,4.2735,1.0,100,26.841
6.0,57.0,1.5,106.5,4.2735,1.0,200,8.5592
6.0,57.0,1.5,106.5,4.2735,1.0,50,74.018
6.0,58.0,1.5,108.0,0.83,0.5,100,36.96
6.0,58.0,1.5,108.0,0.83,0.5,200,8.0928
6.0,58.0,1.5,108.0,0.83,0.5,50,139.2
6.0,59.0,1.5,109.5,4.2735,4.8,100,26.841
6.0,59.0,1.5,109.5,4.2735,4.8,200,8.5592
6.0,59.0,1.5,109.5,4.2735,4.8,50,74.018
6.0,60.0,1.5,111.0,1.67,4.8,100,19.296
6.0,60.0,1.5,111.0,1.67,4.8,200,3.5328
6.0,60.0,1.5,111.0,1.67,4.8,50,84.768
6.0,61.0,1.5,112.5,4.2735,4.8,100,26.841
6.0,61.0,1.5,112.5,4.2735,4.8,200,8.5592
6.0,61.0,1.5,112.5,4.2735,4.8,50,74.018
6.0,62.0,1.5,114.0,1.25,4.8,100,8.4384
6.0,62.0,1.5,114.0,1.25,4.8,200,0.63552
6.0,62.0,1.5,114.0,1.25,4.8,50,36.384
6.0,63.0,1.5,115.5,4.2735,4.8,100,26.841
6.0,63.0,1.5,115.5,4.2735,4.8,200,8.5592
6.0,63.0,1.5,115.5,4.2735,4.8,50,74.018
6.0,64.0,1.5,117.0,0.42,4.8,100,1.5744
6.0,64.0,1.5,117.0,0.42,4.8,200,0.192
6.0,64.0,1.5,117.0,0.42,4.8,50,11.04
6.0,65.0,1.5,118.5,4.2735,4.8,100,26.841
6.0,65.0,1.5,118.5,4.2735,4.8,200,8.5592
6.0,65.0,1.5,118.5,4.2735,4.8,50,74.018
6.0,66.0,1.5,120.0,4.2735,2.5,100,0.09792
6.0,66.0,1.5,120.0,4.2735,2.5,200,8.5592
6.0,66.0,1.5,120.0,4.2735,2.5,50,2.6016
6.0,67.0,1.5,121.5,4.2735,1.0,100,26.841
6.0,67.0,1.5,121.5,4.2735,1.0,200,8.5592
6.0,67.0,1.5,121.5,4.2735,1.0,50,74.018
6.0,68.0,1.5,123.0,4.2735,0.5,100,26.841
6.0,68.0,1.5,123.0,4.2735,0.5,200,8.5592
6.0,68.0,1.5,123.0,4.2735,0.5,50,0.42432
6.0,69.0,1.5,124.5,4.2735,4.8,100,26.841
6.0,69.0,1.5,124.5,4.2735,4.8,200,8.5592
6.0,69.0,1.5,124.5,4.2735,4.8,50,74.018
6.0,70.0,1.5,126.0,4.2735,4.8,100,26.841
6.0,70.0,1.5,126.0,4.2735,4.8,200,8.5592
6.0,70.0,1.5,126.0,4.2735,4.8,50,0.05376
6.0,71.0,1.5,127.5,4.2735,4.8,100,26.841
6.0,71.0,1.5,127.5,4.2735,4.8,200,8.5592
6.0,71.0,1.5,127.5,4.2735,4.8,50,74.018
6.0,72.0,1.5,129.0,4.2735,4.8,100,26.841
6.0,72.0,1.5,129.0,4.2735,4.8,200,8.5592
6.0,72.0,1.5,129.0,4.2735,4.8,50,74.018
6.0,73.0,1.5,130.5,4.2735,4.8,100,26.841
6.0,73.0,1.5,130.5,4.2735,4.8,200,8.5592
6.0,73.0,1.5,130.5,4.2735,4.8,50,74.018
6.0,74.0,1.5,132.0,4.2735,4.8,100,26.841
6.0,74.0,1.5,132.0,4.2735,4.8,200,8.5592
6.0,74.0,1.5,132.0,4.2735,4.8,50,74.018
6.0,75.0,1.5,133.5,4.2735,4.8,100,26.841
6.0,75.0,1.5,133.5,4.2735,4.8,200,8.5592
6.0,75.0,1.5,133.5,4.2735,4.8,50,74.018
6.0,76.0,1.5,135.0,0.42,4.8,100,26.841
6.0,76.0,1.5,135.0,0.42,4.8,200,8.5592
6.0,76.0,1.5,135.0,0.42,4.8,50,74.018
7.0,23.0,1.5,55.5,4.2735,4.8,100,25.722
7.0,23.0,1.5,55.5,4.2735,4.8,200,8.2025
7.0,23.0,1.5,55.5,4.2735,4.8,50,70.934
7.0,24.0,1.5,57.0,0.83,4.8,100,25.722
7.0,24.0,1.5,57.0,0.83,4.8,200,8.2025
7.0,24.0,1.5,57.0,0.83,4.8,50,0.53268
7.0,25.0,1.5,58.5,4.2735,4.8,100,25.722
7.0,25.0,1.5,58.5,4.2735,4.8,200,8.2025
7.0,25.0,1.5,58.5,4.2735,4.8,50,70.934
7.0,26.0,1.5,60.0,2.08,2.5,100,25.722
7.0,26.0,1.5,60.0,2.08,2.5,200,8.2025
7.0,26.0,1.5,60.0,2.08,2.5,50,2.7968
7.0,27.0,1.5,61.5,4.2735,1.0,100,25.722
7.0,27.0,1.5,61.5,4.2735,1.0,200,8.2025
7.0,27.0,1.5,61.5,4.2735,1.0,50,70.934
7.0,28.0,1.5,63.0,2.08,0.5,100,0.1978
7.0,28.0,1.5,63.0,2.08,0.5,200,8.2025
7.0,28.0,1.5,63.0,2.08,0.5,50,4.9036
7.0,29.0,1.5,64.5,4.2735,4.8,100,25.722
7.0,29.0,1.5,64.5,4.2735,4.8,200,8.2025
7.0,29.0,1.5,64.5,4.2735,4.8,50,70.934
7.0,30.0,1.5,66.0,4.16,4.8,100,0.8556
7.0,30.0,1.5,66.0,4.16,4.8,200,8.2025
7.0,30.0,1.5,66.0,4.16,4.8,50,17.48
7.0,31.0,1.5,67.5,4.2735,4.8,100,25.722
7.0,31.0,1.5,67.5,4.2735,4.8,200,8.2025
7.0,31.0,1.5,67.5,4.2735,4.8,50,70.934
7.0,32.0,1.5,69.0,6.25,4.8,100,2.99
7.0,32.0,1.5,69.0,6.25,4.8,200,0.05336
7.0,32.0,1.5,69.0,6.25,4.8,50,28.796
7.0,33.0,1.5,70.5,4.2735,4.8,100,25.722
7.0,33.0,1.5,70.5,4.2735,4.8,200,8.2025
7.0,33.0,1.5,70.5,4.2735,4.8,50,70.934
7.0,34.0,1.5,72.0,6.67,4.8,100,7.8476
7.0,34.0,1.5,72.0,6.67,4.8,200,0.22448
7.0,34.0,1.5,72.0,6.67,4.8,50,36.708
7.0,35.0,1.5,73.5,4.2735,4.8,100,25.722
7.0,35.0,1.5,73.5,4.2735,4.8,200,8.2025
7.0,35.0,1.5,73.5,4.2735,4.8,50,70.934
7.0,36.0,1.5,75.0,2.92,2.5,100,13.892
7.0,36.0,1.5,75.0,2.92,2.5,200,1.4996
7.0,36.0,1.5,75.0,2.92,2.5,50,53.912
7.0,37.0,1.5,76.5,4.2735,1.0,100,25.722
7.0,37.0,1.5,76.5,4.2735,1.0,200,8.2025
7.0,37.0,1.5,76.5,4.2735,1.0,50,70.934
7.0,38.0,1.5,78.0,9.17,0.5,100,19.136
7.0,38.0,1.5,78.0,9.17,0.5,200,4.002
7.0,38.0,1.5,78.0,9.17,0.5,50,82.524
7.0,39.0,1.5,79.5,4.2735,4.8,100,25.722
7.0,39.0,1.5,79.5,4.2735,4.8,200,8.2025
7.0,39.0,1.5,79.5,4.2735,4.8,50,70.934
7.0,40.0,1.5,81.0,9.58,4.8,100,23.828
7.0,40.0,1.5,81.0,9.58,4.8,200,6.6792
7.0,40.0,1.5,81.0,9.58,4.8,50,104.88
7.0,41.0,1.5,82.5,4.2735,4.8,100,25.722
7.0,41.0,1.5,82.5,4.2735,4.8,200,8.2025
7.0,41.0,1.5,82.5,4.2735,4.8,50,70.934
7.0,42.0,1.5,84.0,10.42,4.8,100,36.708
7.0,42.0,1.5,84.0,10.42,4.8,200,8.3076
7.0,42.0,1.5,84.0,10.42,4.8,50,103.04
7.0,43.0,1.5,85.5,4.2735,4.8,100,25.722
7.0,43.0,1.5,85.5,4.2735,4.8,200,8.2025
7.0,43.0,1.5,85.5,4.2735,4.8,50,70.934
7.0,44.0,1.5,87.0,7.08,4.8,100,32.936
7.0,44.0,1.5,87.0,7.08,4.8,200,12.604
7.0,44.0,1.5,87.0,7.08,4.8,50,97.52
7.0,45.0,1.5,88.5,4.2735,4.8,100,25.722
7.0,45.0,1.5,88.5,4.2735,4.8,200,8.2025
7.0,45.0,1.5,88.5,4.2735,4.8,50,70.934
7.0,46.0,1.5,90.0,6.67,2.5,100,32.476
7.0,46.0,1.5,90.0,6.67,2.5,200,11.04
7.0,46.0,1.5,90.0,6.67,2.5,50,95.68
7.0,47.0,1.5,91.5,4.2735,1.0,100,25.722
7.0,47.0,1.5,91.5,4.2735,1.0,200,8.2025
7.0,47.0,1.5,91.5,4.2735,1.0,50,70.934
7.0,48.0,1.5,93.0,6.67,0.5,100,32.016
7.0,48.0,1.5,93.0,6.67,0.5,200,7.7096
7.0,48.0,1.5,93.0,6.67,0.5,50,84.916
7.0,49.0,1.5,94.5,4.2735,4.8,100,25.722
7.0,49.0,1.5,94.5,4.2735,4.8,200,8.2025
7.0,49.0,1.5,94.5,4.2735,4.8,50,70.934
7.0,50.0,1.5,96.0,7.5,4.8,100,24.012
7.0,50.0,1.5,96.0,7.5,4.8,200,4.9772
7.0,50.0,1.5,96.0,7.5,4.8,50,93.84
7.0,51.0,1.5,97.5,4.2735,4.8,100,25.722
7.0,51.0,1.5,97.5,4.2735,4.8,200,8.2025
7.0,51.0,1.5,97.5,4.2735,4.8,50,70.934
7.0,52.0,1.5,99.0,5.0,4.8,100,14.168
7.0,52.0,1.5,99.0,5.0,4.8,200,2.76
7.0,52.0,1.5,99.0,5.0,4.8,50,83.904
7.0,53.0,1.5,100.5,4.2735,4.8,100,25.722
7.0,53.0,1.5,100.5,4.2735,4.8,200,8.2025
7.0,53.0,1.5,100.5,4.2735,4.8,50,70.934
7.0,54.0,1.5,102.0,3.75,4.8,100,7.406
7.0,54.0,1.5,102.0,3.75,4.8,200,1.2236
7.0,54.0,1.5,102.0,3.75,4.8,50,45.172
7.0,55.0,1.5,103.5,4.2735,4.8,100,25.722
7.0,55.0,1.5,103.5,4.2735,4.8,200,8.2025
7.0,55.0,1.5,103.5,4.2735,4.8,50,70.934
7.0,56.0,1.5,105.0,3.75,2.5,100,4.2872
7.0,56.0,1.5,105.0,3.75,2.5,200,0.575
7.0,56.0,1.5,105.0,3.75,2.5,50,26.68
7.0,57.0,1.5,106.5,4.2735,1.0,100,25.722
7.0,57.0,1.5,106.5,4.2735,1.0,200,8.2025
7.0,57.0,1.5,106.5,4.2735,1.0,50,70.934
7.0,58.0,1.5,108.0,2.08,0.5,100,2.0332
7.0,58.0,1.5,108.0,2.08,0.5,200,0.21988
7.0,58.0,1.5,108.0,2.08,0.5,50,12.788
7.0,59.0,1.5,109.5,4.2735,4.8,100,25.722
7.0,59.0,1.5,109.5,4.2735,4.8,200,8.2025
7.0,59.0,1.5,109.5,4.2735,4.8,50,70.934
7.0,60.0,1.5,111.0,0.42,4.8,100,0.46
7.0,60.0,1.5,111.0,0.42,4.8,200,8.2025
7.0,60.0,1.5,111.0,0.42,4.8,50,9.844
7.0,61.0,1.5,112.5,4.2735,4.8,100,25.722
7.0,61.0,1.5,112.5,4.2735,4.8,200,8.2025
7.0,61.0,1.5,112.5,4.2735,4.8,50,70.934
7.0,62.0,1.5,114.0,1.67,4.8,100,0.0598
7.0,62.0,1.5,114.0,1.67,4.8,200,8.2025
7.0,62.0,1.5,114.0,1.67,4.8,50,5.4096
7.0,63.0,1.5,115.5,4.2735,4.8,100,25.722
7.0,63.0,1.5,115.5,4.2735,4.8,200,8.2025
7.0,63.0,1.5,115.5,4.2735,4.8,50,70.934
7.0,64.0,1.5,117.0,4.2735,4.8,100,25.722
7.0,64.0,1.5,117.0,4.2735,4.8,200,8.2025
7.0,64.0,1.5,117.0,4.2735,4.8,50,0.55108
7.0,65.0,1.5,118.5,4.2735,4.8,100,25.722
7.0,65.0,1.5,118.5,4.2735,4.8,200,8.2025
7.0,65.0,1.5,118.5,4.2735,4.8,50,70.934
7.0,66.0,1.5,120.0,4.2735,4.8,100,25.722
7.0,66.0,1.5,120.0,4.2735,4.8,200,8.2025
7.0,66.0,1.5,120.0,4.2735,4.8,50,70.934
7.0,67.0,1.5,121.5,4.2735,4.8,100,25.722
7.0,67.0,1.5,121.5,4.2735,4.8,200,8.2025
7.0,67.0,1.5,121.5,4.2735,4.8,50,70.934
7.0,68.0,1.5,123.0,0.83,4.8,100,25.722
7.0,68.0,1.5,123.0,0.83,4.8,200,8.2025
7.0,68.0,1.5,123.0,0.83,4.8,50,70.934
7.0,69.0,1.5,124.5,4.2735,4.8,100,25.722
7.0,69.0,1.5,124.5,4.2735,4.8,200,8.2025
7.0,69.0,1.5,124.5,4.2735,4.8,50,70.934
7.0,70.0,1.5,126.0,4.2735,4.8,100,25.722
7.0,70.0,1.5,126.0,4.2735,4.8,200,8.2025
7.0,70.0,1.5,126.0,4.2735,4.8,50,70.934
7.0,71.0,1.5,127.5,4.2735,4.8,100,25.722
7.0,71.0,1.5,127.5,4.2735,4.8,200,8.2025
7.0,71.0,1.5,127.5,4.2735,4.8,50,70.934
7.0,72.0,1.5,129.0,0.42,4.8,100,25.722
7.0,72.0,1.5,129.0,0.42,4.8,200,8.2025
7.0,72.0,1.5,129.0,0.42,4.8,50,70.934
7.0,73.0,1.5,130.5,4.2735,4.8,100,25.722
7.0,73.0,1.5,130.5,4.2735,4.8,200,8.2025
7.0,73.0,1.5,130.5,4.2735,4.8,50,70.934
8.0,25.0,1.5,58.5,4.2735,4.8,100,25.443
8.0,25.0,1.5,58.5,4.2735,4.8,200,8.1134
8.0,25.0,1.5,58.5,4.2735,4.8,50,70.163
8.0,26.0,1.5,60.0,0.42,4.8,100,25.443
8.0,26.0,1.5,60.0,0.42,4.8,200,8.1134
8.0,26.0,1.5,60.0,0.42,4.8,50,70.163
8.0,27.0,1.5,61.5,4.2735,4.8,100,25.443
8.0,27.0,1.5,61.5,4.2735,4.8,200,8.1134
8.0,27.0,1.5,61.5,4.2735,4.8,50,70.163
8.0,28.0,1.5,63.0,1.25,4.8,100,25.443
8.0,28.0,1.5,63.0,1.25,4.8,200,8.1134
8.0,28.0,1.5,63.0,1.25,4.8,50,70.163
8.0,29.0,1.5,64.5,4.2735,4.8,100,25.443
8.0,29.0,1.5,64.5,4.2735,4.8,200,8.1134
8.0,29.0,1.5,64.5,4.2735,4.8,50,70.163
8.0,30.0,1.5,66.0,1.25,4.8,100,25.443
8.0,30.0,1.5,66.0,1.25,4.8,200,8.1134
8.0,30.0,1.5,66.0,1.25,4.8,50,0.81263
8.0,31.0,1.5,67.5,4.2735,4.8,100,25.443
8.0,31.0,1.5,67.5,4.2735,4.8,200,8.1134
8.0,31.0,1.5,67.5,4.2735,4.8,50,70.163
8.0,32.0,1.5,69.0,0.83,4.8,100,25.443
8.0,32.0,1.5,69.0,0.83,4.8,200,8.1134
8.0,32.0,1.5,69.0,0.83,4.8,50,6.2881
8.0,33.0,1.5,70.5,4.2735,4.8,100,25.443
8.0,33.0,1.5,70.5,4.2735,4.8,200,8.1134
8.0,33.0,1.5,70.5,4.2735,4.8,50,70.163
8.0,34.0,1.5,72.0,2.5,4.8,100,1.0283
8.0,34.0,1.5,72.0,2.5,4.8,200,8.1134
8.0,34.0,1.5,72.0,2.5,4.8,50,18.655
8.0,35.0,1.5,73.5,4.2735,4.8,100,25.443
8.0,35.0,1.5,73.5,4.2735,4.8,200,8.1134
8.0,35.0,1.5,73.5,4.2735,4.8,50,70.163
8.0,36.0,1.5,75.0,3.33,2.5,100,5.4145
8.0,36.0,1.5,75.0,3.33,2.5,200,0.20748
8.0,36.0,1.5,75.0,3.33,2.5,50,27.118
8.0,37.0,1.5,76.5,4.2735,1.0,100,25.443
8.0,37.0,1.5,76.5,4.2735,1.0,200,8.1134
8.0,37.0,1.5,76.5,4.2735,1.0,50,70.163
8.0,38.0,1.5,78.0,6.25,0.5,100,11.193
8.0,38.0,1.5,78.0,6.25,0.5,200,1.0647
8.0,38.0,1.5,78.0,6.25,0.5,50,51.051
8.0,39.0,1.5,79.5,4.2735,4.8,100,25.443
8.0,39.0,1.5,79.5,4.2735,4.8,200,8.1134
8.0,39.0,1.5,79.5,4.2735,4.8,50,70.163
8.0,40.0,1.5,81.0,7.92,4.8,100,20.202
8.0,40.0,1.5,81.0,7.92,4.8,200,3.3579
8.0,40.0,1.5,81.0,7.92,4.8,50,60.515
8.0,41.0,1.5,82.5,4.2735,4.8,100,25.443
8.0,41.0,1.5,82.5,4.2735,4.8,200,8.1134
8.0,41.0,1.5,82.5,4.2735,4.8,50,70.163
8.0,42.0,1.5,84.0,11.25,4.8,100,25.571
8.0,42.0,1.5,84.0,11.25,4.8,200,8.9726
8.0,42.0,1.5,84.0,11.25,4.8,50,76.713
8.0,43.0,1.5,85.5,4.2735,4.8,100,25.443
8.0,43.0,1.5,85.5,4.2735,4.8,200,8.1134
8.0,43.0,1.5,85.5,4.2735,4.8,50,70.163
8.0,44.0,1.5,87.0,5.83,4.8,100,27.118
8.0,44.0,1.5,87.0,5.83,4.8,200,10.647
8.0,44.0,1.5,87.0,5.83,4.8,50,76.713
8.0,45.0,1.5,88.5,4.2735,4.8,100,25.443
8.0,45.0,1.5,88.5,4.2735,4.8,200,8.1134
8.0,45.0,1.5,88.5,4.2735,4.8,50,70.163
8.0,46.0,1.5,90.0,8.75,2.5,100,33.397
8.0,46.0,1.5,90.0,8.75,2.5,200,12.103
8.0,46.0,1.5,90.0,8.75,2.5,50,91.91
8.0,47.0,1.5,91.5,4.2735,1.0,100,25.443
8.0,47.0,1.5,91.5,4.2735,1.0,200,8.1134
8.0,47.0,1.5,91.5,4.2735,1.0,50,70.163
8.0,48.0,1.5,93.0,9.59,0.5,100,45.227
8.0,48.0,1.5,93.0,9.59,0.5,200,12.74
8.0,48.0,1.5,93.0,9.59,0.5,50,121.94
8.0,49.0,1.5,94.5,4.2735,4.8,100,25.443
8.0,49.0,1.5,94.5,4.2735,4.8,200,8.1134
8.0,49.0,1.5,94.5,4.2735,4.8,50,70.163
8.0,50.0,1.5,96.0,9.17,4.8,100,43.407
8.0,50.0,1.5,96.0,9.17,4.8,200,10.829
8.0,50.0,1.5,96.0,9.17,4.8,50,116.48
8.0,51.0,1.5,97.5,4.2735,4.8,100,25.443
8.0,51.0,1.5,97.5,4.2735,4.8,200,8.1134
8.0,51.0,1.5,97.5,4.2735,4.8,50,70.163
8.0,52.0,1.5,99.0,6.25,4.8,100,31.304
8.0,52.0,1.5,99.0,6.25,4.8,200,6.7158
8.0,52.0,1.5,99.0,6.25,4.8,50,128.31
8.0,53.0,1.5,100.5,4.2735,4.8,100,25.443
8.0,53.0,1.5,100.5,4.2735,4.8,200,8.1134
8.0,53.0,1.5,100.5,4.2735,4.8,50,70.163
8.0,54.0,1.5,102.0,8.75,4.8,100,18.655
8.0,54.0,1.5,102.0,8.75,4.8,200,2.4752
8.0,54.0,1.5,102.0,8.75,4.8,50,129.22
8.0,55.0,1.5,103.5,4.2735,4.8,100,25.443
8.0,55.0,1.5,103.5,4.2735,4.8,200,8.1134
8.0,55.0,1.5,103.5,4.2735,4.8,50,70.163
8.0,56.0,1.5,105.0,4.58,2.5,100,7.4074
8.0,56.0,1.5,105.0,4.58,2.5,200,0.85176
8.0,56.0,1.5,105.0,4.58,2.5,50,93.73
8.0,57.0,1.5,106.5,4.2735,1.0,100,25.443
8.0,57.0,1.5,106.5,4.2735,1.0,200,8.1134
8.0,57.0,1.5,106.5,4.2735,1.0,50,70.163
8.0,58.0,1.5,108.0,4.58,0.5,100,1.4105
8.0,58.0,1.5,108.0,4.58,0.5,200,0.18837
8.0,58.0,1.5,108.0,4.58,0.5,50,69.979
8.0,59.0,1.5,109.5,4.2735,4.8,100,25.443
8.0,59.0,1.5,109.5,4.2735,4.8,200,8.1134
8.0,59.0,1.5,109.5,4.2735,4.8,50,70.163
8.0,60.0,1.5,111.0,2.08,4.8,100,0.3731
8.0,60.0,1.5,111.0,2.08,4.8,200,8.1134
8.0,60.0,1.5,111.0,2.08,4.8,50,34.216
8.0,61.0,1.5,112.5,4.2735,4.8,100,25.443
8.0,61.0,1.5,112.5,4.2735,4.8,200,8.1134
8.0,61.0,1.5,112.5,4.2735,4.8,50,70.163
8.0,62.0,1.5,114.0,1.67,4.8,100,0.09919
8.0,62.0,1.5,114.0,1.67,4.8,200,8.1134
8.0,62.0,1.5,114.0,1.67,4.8,50,12.012
8.0,63.0,1.5,115.5,4.2735,4.8,100,25.443
8.0,63.0,1.5,115.5,4.2735,4.8,200,8.1134
8.0,63.0,1.5,115.5,4.2735,4.8,50,70.163
8.0,64.0,1.5,117.0,0.42,4.8,100,25.443
8.0,64.0,1.5,117.0,0.42,4.8,200,8.1134
8.0,64.0,1.5,117.0,0.42,4.8,50,5.3599
8.0,65.0,1.5,118.5,4.2735,4.8,100,25.443
8.0,65.0,1.5,118.5,4.2735,4.8,200,8.1134
8.0,65.0,1.5,118.5,4.2735,4.8,50,70.163
8.0,66.0,1.5,120.0,1.25,2.5,100,25.443
8.0,66.0,1.5,120.0,1.25,2.5,200,8.1134
8.0,66.0,1.5,120.0,1.25,2.5,50,0.75803
8.0,67.0,1.5,121.5,4.2735,1.0,100,25.443
8.0,67.0,1.5,121.5,4.2735,1.0,200,8.1134
8.0,67.0,1.5,121.5,4.2735,1.0,50,70.163
8.0,68.0,1.5,123.0,0.42,0.5,100,25.443
8.0,68.0,1.5,123.0,0.42,0.5,200,8.1134
8.0,68.0,1.5,123.0,0.42,0.5,50,0.25298
8.0,69.0,1.5,124.5,4.2735,4.8,100,25.443
8.0,69.0,1.5,124.5,4.2735,4.8,200,8.1134
8.0,69.0,1.5,124.5,4.2735,4.8,50,70.163
8.0,70.0,1.5,126.0,0.83,4.8,100,25.443
8.0,70.0,1.5,126.0,0.83,4.8,200,8.1134
8.0,70.0,1.5,126.0,0.83,4.8,50,70.163
8.0,71.0,1.5,127.5,4.2735,4.8,100,25.443
8.0,71.0,1.5,127.5,4.2735,4.8,200,8.1134
8.0,71.0,1.5,127.5,4.2735,4.8,50,70.163
8.0,72.0,1.5,129.0,0.83,4.8,100,25.443
8.0,72.0,1.5,129.0,0.83,4.8,200,8.1134
8.0,72.0,1.5,129.0,0.83,4.8,50,70.163
8.0,73.0,1.5,130.5,4.2735,4.8,100,25.443
8.0,73.0,1.5,130.5,4.2735,4.8,200,8.1134
8.0,73.0,1.5,130.5,4.2735,4.8,50,70.163
9.0,9.0,1.5,34.5,4.2735,4.8,100,26.841
9.0,9.0,1.5,34.5,4.2735,4.8,200,8.5592
9.0,9.0,1.5,34.5,4.2735,4.8,50,74.018
9.0,10.0,1.5,36.0,4.2735,4.8,100,26.841
9.0,10.0,1.5,36.0,4.2735,4.8,200,8.5592
9.0,10.0,1.5,36.0,4.2735,4.8,50,0.17376
9.0,11.0,1.5,37.5,4.2735,4.8,100,26.841
9.0,11.0,1.5,37.5,4.2735,4.8,200,8.5592
9.0,11.0,1.5,37.5,4.2735,4.8,50,74.018
9.0,12.0,1.5,39.0,4.2735,4.8,100,26.841
9.0,12.0,1.5,39.0,4.2735,4.8,200,8.5592
9.0,12.0,1.5,39.0,4.2735,4.8,50,1.824
9.0,13.0,1.5,40.5,4.2735,4.8,100,26.841
9.0,13.0,1.5,40.5,4.2735,4.8,200,8.5592
9.0,13.0,1.5,40.5,4.2735,4.8,50,74.018
9.0,14.0,1.5,42.0,4.2735,4.8,100,0.03936
9.0,14.0,1.5,42.0,4.2735,4.8,200,8.5592
9.0,14.0,1.5,42.0,4.2735,4.8,50,10.08
9.0,15.0,1.5,43.5,4.2735,4.8,100,26.841
9.0,15.0,1.5,43.5,4.2735,4.8,200,8.5592
9.0,15.0,1.5,43.5,4.2735,4.8,50,74.018
9.0,16.0,1.5,45.0,0.42,4.8,100,1.3152
9.0,16.0,1.5,45.0,0.42,4.8,200,8.5592
9.0,16.0,1.5,45.0,0.42,4.8,50,22.752
9.0,17.0,1.5,46.5,4.2735,2.5,100,26.841
9.0,17.0,1.5,46.5,4.2735,2.5,200,8.5592
9.0,17.0,1.5,46.5,4.2735,2.5,50,74.018
9.0,18.0,1.5,48.0,3.33,1.0,100,2.688
9.0,18.0,1.5,48.0,3.33,1.0,200,0.05472
9.0,18.0,1.5,48.0,3.33,1.0,50,41.664
9.0,19.0,1.5,49.5,4.2735,0.5,100,26.841
9.0,19.0,1.5,49.5,4.2735,0.5,200,8.5592
9.0,19.0,1.5,49.5,4.2735,0.5,50,74.018
9.0,20.0,1.5,51.0,2.08,4.8,100,6.576
9.0,20.0,1.5,51.0,2.08,4.8,200,0.64608
9.0,20.0,1.5,51.0,2.08,4.8,50,55.104
9.0,21.0,1.5,52.5,4.2735,4.8,100,26.841
9.0,21.0,1.5,52.5,4.2735,4.8,200,8.5592
9.0,21.0,1.5,52.5,4.2735,4.8,50,74.018
9.0,22.0,1.5,54.0,3.75,4.8,100,12.864
9.0,22.0,1.5,54.0,3.75,4.8,200,1.968
9.0,22.0,1.5,54.0,3.75,4.8,50,66.528
9.0,23.0,1.5,55.5,4.2735,4.8,100,26.841
9.0,23.0,1.5,55.5,4.2735,4.8,200,8.5592
9.0,23.0,1.5,55.5,4.2735,4.8,50,74.018
9.0,24.0,1.5,57.0,5.0,4.8,100,16.992
9.0,24.0,1.5,57.0,5.0,4.8,200,4.272
9.0,24.0,1.5,57.0,5.0,4.8,50,101.76
9.0,25.0,1.5,58.5,4.2735,4.8,100,26.841
9.0,25.0,1.5,58.5,4.2735,4.8,200,8.5592
9.0,25.0,1.5,58.5,4.2735,4.8,50,74.018
9.0,26.0,1.5,60.0,4.58,2.5,100,28.128
9.0,26.0,1.5,60.0,4.58,2.5,200,5.0016
9.0,26.0,1.5,60.0,4.58,2.5,50,130.56
9.0,27.0,1.5,61.5,4.2735,1.0,100,26.841
9.0,27.0,1.5,61.5,4.2735,1.0,200,8.5592
9.0,27.0,1.5,61.5,4.2735,1.0,50,74.018
9.0,28.0,1.5,63.0,7.92,0.5,100,46.272
9.0,28.0,1.5,63.0,7.92,0.5,200,7.8144
9.0,28.0,1.5,63.0,7.92,0.5,50,142.08
9.0,29.0,1.5,64.5,4.2735,4.8,100,26.841
9.0,29.0,1.5,64.5,4.2735,4.8,200,8.5592
9.0,29.0,1.5,64.5,4.2735,4.8,50,74.018
9.0,30.0,1.5,66.0,10.42,4.8,100,55.392
9.0,30.0,1.5,66.0,10.42,4.8,200,12.192
9.0,30.0,1.5,66.0,10.42,4.8,50,146.88
9.0,31.0,1.5,67.5,4.2735,4.8,100,26.841
9.0,31.0,1.5,67.5,4.2735,4.8,200,8.5592
9.0,31.0,1.5,67.5,4.2735,4.8,50,74.018
9.0,32.0,1.5,69.0,11.25,4.8,100,56.832
9.0,32.0,1.5,69.0,11.25,4.8,200,16.704
9.0,32.0,1.5,69.0,11.25,4.8,50,167.04
9.0,33.0,1.5,70.5,4.2735,4.8,100,26.841
9.0,33.0,1.5,70.5,4.2735,4.8,200,8.5592
9.0,33.0,1.5,70.5,4.2735,4.8,50,74.018
9.0,34.0,1.5,72.0,8.33,4.8,100,49.056
9.0,34.0,1.5,72.0,8.33,4.8,200,15.936
9.0,34.0,1.5,72.0,8.33,4.8,50,169.92
9.0,35.0,1.5,73.5,4.2735,4.8,100,26.841
9.0,35.0,1.5,73.5,4.2735,4.8,200,8.5592
9.0,35.0,1.5,73.5,4.2735,4.8,50,74.018
9.0,36.0,1.5,75.0,7.5,2.5,100,45.792
9.0,36.0,1.5,75.0,7.5,2.5,200,13.728
9.0,36.0,1.5,75.0,7.5,2.5,50,148.8
9.0,37.0,1.5,76.5,4.2735,1.0,100,26.841
9.0,37.0,1.5,76.5,4.2735,1.0,200,8.5592
9.0,37.0,1.5,76.5,4.2735,1.0,50,74.018
9.0,38.0,1.5,78.0,7.92,0.5,100,38.784
9.0,38.0,1.5,78.0,7.92,0.5,200,10.752
9.0,38.0,1.5,78.0,7.92,0.5,50,123.84
9.0,39.0,1.5,79.5,4.2735,4.8,100,26.841
9.0,39.0,1.5,79.5,4.2735,4.8,200,8.5592
9.0,39.0,1.5,79.5,4.2735,4.8,50,74.018
9.0,40.0,1.5,81.0,7.08,4.8,100,36.672
9.0,40.0,1.5,81.0,7.08,4.8,200,5.5584
9.0,40.0,1.5,81.0,7.08,4.8,50,94.752
9.0,41.0,1.5,82.5,4.2735,4.8,100,26.841
9.0,41.0,1.5,82.5,4.2735,4.8,200,8.5592
9.0,41.0,1.5,82.5,4.2735,4.8,50,74.018
9.0,42.0,1.5,84.0,7.08,4.8,100,22.944
9.0,42.0,1.5,84.0,7.08,4.8,200,4.4832
9.0,42.0,1.5,84.0,7.08,4.8,50,78.432
9.0,43.0,1.5,85.5,4.2735,4.8,100,26.841
9.0,43.0,1.5,85.5,4.2735,4.8,200,8.5592
9.0,43.0,1.5,85.5,4.2735,4.8,50,74.018
9.0,44.0,1.5,87.0,3.75,4.8,100,11.616
9.0,44.0,1.5,87.0,3.75,4.8,200,3.1392
9.0,44.0,1.5,87.0,3.75,4.8,50,67.776
9.0,45.0,1.5,88.5,4.2735,4.8,100,26.841
9.0,45.0,1.5,88.5,4.2735,4.8,200,8.5592
9.0,45.0,1.5,88.5,4.2735,4.8,50,74.018
9.0,46.0,1.5,90.0,4.17,2.5,100,6.4608
9.0,46.0,1.5,90.0,4.17,2.5,200,0.4608
9.0,46.0,1.5,90.0,4.17,2.5,50,38.784
9.0,47.0,1.5,91.5,4.2735,1.0,100,26.841
9.0,47.0,1.5,91.5,4.2735,1.0,200,8.5592
9.0,47.0,1.5,91.5,4.2735,1.0,50,74.018
9.0,48.0,1.5,93.0,2.5,0.5,100,2.8032
9.0,48.0,1.5,93.0,2.5,0.5,200,8.5592
9.0,48.0,1.5,93.0,2.5,0.5,50,14.016
9.0,49.0,1.5,94.5,4.2735,4.8,100,26.841
9.0,49.0,1.5,94.5,4.2735,4.8,200,8.5592
9.0,49.0,1.5,94.5,4.2735,4.8,50,74.018
9.0,50.0,1.5,96.0,4.2735,4.8,100,0.65856
9.0,50.0,1.5,96.0,4.2735,4.8,200,8.5592
9.0,50.0,1.5,96.0,4.2735,4.8,50,5.3472
9.0,51.0,1.5,97.5,4.2735,4.8,100,26.841
9.0,51.0,1.5,97.5,4.2735,4.8,200,8.5592
9.0,51.0,1.5,97.5,4.2735,4.8,50,74.018
9.0,52.0,1.5,99.0,4.2735,4.8,100,0.12192
9.0,52.0,1.5,99.0,4.2735,4.8,200,8.5592
9.0,52.0,1.5,99.0,4.2735,4.8,50,2.2272
9.0,53.0,1.5,100.5,4.2735,4.8,100,26.841
9.0,53.0,1.5,100.5,4.2735,4.8,200,8.5592
9.0,53.0,1.5,100.5,4.2735,4.8,50,74.018
9.0,54.0,1.5,102.0,1.25,4.8,100,26.841
9.0,54.0,1.5,102.0,1.25,4.8,200,8.5592
9.0,54.0,1.5,102.0,1.25,4.8,50,3.5328
9.0,55.0,1.5,103.5,4.2735,4.8,100,26.841
9.0,55.0,1.5,103.5,4.2735,4.8,200,8.5592
9.0,55.0,1.5,103.5,4.2735,4.8,50,74.018
9.0,56.0,1.5,105.0,4.2735,2.5,100,26.841
9.0,56.0,1.5,105.0,4.2735,2.5,200,8.5592
9.0,56.0,1.5,105.0,4.2735,2.5,50,2.7072
9.0,57.0,1.5,106.5,4.2735,1.0,100,26.841
9.0,57.0,1.5,106.5,4.2735,1.0,200,8.5592
9.0,57.0,1.5,106.5,4.2735,1.0,50,74.018
9.0,58.0,1.5,108.0,0.83,0.5,100,26.841
9.0,58.0,1.5,108.0,0.83,0.5,200,8.5592
9.0,58.0,1.5,108.0,0.83,0.5,50,0.264
9.0,59.0,1.5,109.5,4.2735,4.8,100,26.841
9.0,59.0,1.5,109.5,4.2735,4.8,200,8.5592
9.0,59.0,1.5,109.5,4.2735,4.8,50,74.018
9.0,60.0,1.5,111.0,4.2735,4.8,100,26.841
9.0,60.0,1.5,111.0,4.2735,4.8,200,8.5592
9.0,60.0,1.5,111.0,4.2735,4.8,50,74.018
9.0,61.0,1.5,112.5,4.2735,4.8,100,26.841
9.0,61.0,1.5,112.5,4.2735,4.8,200,8.5592
9.0,61.0,1.5,112.5,4.2735,4.8,50,74.018
9.0,62.0,1.5,114.0,0.42,4.8,100,26.841
9.0,62.0,1.5,114.0,0.42,4.8,200,8.5592
9.0,62.0,1.5,114.0,0.42,4.8,50,74.018
9.0,63.0,1.5,115.5,4.2735,4.8,100,26.841
9.0,63.0,1.5,115.5,4.2735,4.8,100,26.841
9.0,63.0,1.5,115.5,4.2735,4.8,200,8.5592
9.0,63.0,1.5,115.5,4.2735,4.8,200,8.5592
9.0,63.0,1.5,115.5,4.2735,4.8,50,74.018
9.0,63.0,1.5,115.5,4.2735,4.8,50,74.018
9.0,64.0,1.5,117.0,4.2735,4.8,100,26.841
9.0,64.0,1.5,117.0,4.2735,4.8,200,8.5592
9.0,64.0,1.5,117.0,4.2735,4.8,50,74.018
9.0,65.0,1.5,118.5,4.2735,4.8,100,26.841
9.0,65.0,1.5,118.5,4.2735,4.8,200,8.5592
9.0,65.0,1.5,118.5,4.2735,4.8,50,74.018
9.0,66.0,1.5,120.0,4.2735,4.8,100,26.841
9.0,66.0,1.5,120.0,4.2735,4.8,200,8.5592
9.0,66.0,1.5,120.0,4.2735,4.8,50,74.018
9.0,67.0,1.5,121.5,4.2735,4.8,100,26.841
9.0,67.0,1.5,121.5,4.2735,4.8,200,8.5592
9.0,67.0,1.5,121.5,4.2735,4.8,50,74.018
9.0,68.0,1.5,123.0,4.2735,4.8,100,26.841
9.0,68.0,1.5,123.0,4.2735,4.8,200,8.5592
9.0,68.0,1.5,123.0,4.2735,4.8,50,74.018
9.0,69.0,1.5,124.5,4.2735,4.8,100,26.841
9.0,69.0,1.5,124.5,4.2735,4.8,200,8.5592
9.0,69.0,1.5,124.5,4.2735,4.8,50,74.018
9.0,70.0,1.5,126.0,4.2735,4.8,100,26.841
9.0,70.0,1.5,126.0,4.2735,4.8,200,8.5592
9.0,70.0,1.5,126.0,4.2735,4.8,50,74.018
9.0,71.0,1.5,127.5,4.2735,4.8,100,26.841
9.0,71.0,1.5,127.5,4.2735,4.8,200,8.5592
9.0,71.0,1.5,127.5,4.2735,4.8,50,74.018
9.0,72.0,1.5,129.0,4.2735,4.8,100,26.841
9.0,72.0,1.5,129.0,4.2735,4.8,200,8.5592
9.0,72.0,1.5,129.0,4.2735,4.8,50,74.018
9.0,73.0,1.5,130.5,4.2735,4.8,100,26.841
9.0,73.0,1.5,130.5,4.2735,4.8,200,8.5592
9.0,73.0,1.5,130.5,4.2735,4.8,50,74.018
9.0,74.0,1.5,132.0,4.2735,4.8,100,26.841
9.0,74.0,1.5,132.0,4.2735,4.8,200,8.5592
9.0,74.0,1.5,132.0,4.2735,4.8,50,74.018
9.0,75.0,1.5,133.5,4.2735,4.8,100,26.841
9.0,75.0,1.5,133.5,4.2735,4.8,200,8.5592
9.0,75.0,1.5,133.5,4.2735,4.8,50,74.018
9.0,76.0,1.5,135.0,4.2735,4.8,100,26.841
9.0,76.0,1.5,135.0,4.2735,4.8,200,8.5592
9.0,76.0,1.5,135.0,4.2735,4.8,50,74.018
9.0,77.0,1.5,136.5,4.2735,4.8,100,26.841
9.0,77.0,1.5,136.5,4.2735,4.8,200,8.5592
9.0,77.0,1.5,136.5,4.2735,4.8,50,74.018
9.0,78.0,1.5,138.0,0.42,4.8,100,26.841
9.0,78.0,1.5,138.0,0.42,4.8,200,8.5592
9.0,78.0,1.5,138.0,0.42,4.8,50,74.018
10.0,11.0,1.5,37.5,4.2735,4.8,100,26.281
10.0,11.0,1.5,37.5,4.2735,4.8,200,8.3809
10.0,11.0,1.5,37.5,4.2735,4.8,50,72.476
10.0,12.0,1.5,39.0,0.42,4.8,100,26.281
10.0,12.0,1.5,39.0,0.42,4.8,200,8.3809
10.0,12.0,1.5,39.0,0.42,4.8,50,0.51324
10.0,13.0,1.5,40.5,4.2735,4.8,100,26.281
10.0,13.0,1.5,40.5,4.2735,4.8,200,8.3809
10.0,13.0,1.5,40.5,4.2735,4.8,50,72.476
10.0,14.0,1.5,42.0,4.2735,4.8,100,26.281
10.0,14.0,1.5,42.0,4.2735,4.8,200,8.3809
10.0,14.0,1.5,42.0,4.2735,4.8,50,5.2358
10.0,15.0,1.5,43.5,4.2735,4.8,100,26.281
10.0,15.0,1.5,43.5,4.2735,4.8,200,8.3809
10.0,15.0,1.5,43.5,4.2735,4.8,50,72.476
10.0,16.0,1.5,45.0,0.42,2.5,100,0.01222
10.0,16.0,1.5,45.0,0.42,2.5,200,0.13536
10.0,16.0,1.5,45.0,0.42,2.5,50,9.964
10.0,17.0,1.5,46.5,4.2735,1.0,100,26.281
10.0,17.0,1.5,46.5,4.2735,1.0,200,8.3809
10.0,17.0,1.5,46.5,4.2735,1.0,50,72.476
10.0,18.0,1.5,48.0,1.25,0.5,100,0.37788
10.0,18.0,1.5,48.0,1.25,0.5,200,0.34498
10.0,18.0,1.5,48.0,1.25,0.5,50,18.518
10.0,19.0,1.5,49.5,4.2735,4.8,100,26.281
10.0,19.0,1.5,49.5,4.2735,4.8,200,8.3809
10.0,19.0,1.5,49.5,4.2735,4.8,50,72.476
10.0,20.0,1.5,51.0,1.67,4.8,100,3.0832
10.0,20.0,1.5,51.0,1.67,4.8,200,0.9964
10.0,20.0,1.5,51.0,1.67,4.8,50,21.902
10.0,21.0,1.5,52.5,4.2735,4.8,100,26.281
10.0,21.0,1.5,52.5,4.2735,4.8,200,8.3809
10.0,21.0,1.5,52.5,4.2735,4.8,50,72.476
10.0,22.0,1.5,54.0,2.5,4.8,100,6.3168
10.0,22.0,1.5,54.0,2.5,4.8,200,1.1092
10.0,22.0,1.5,54.0,2.5,4.8,50,28.012
10.0,23.0,1.5,55.5,4.2735,4.8,100,26.281
10.0,23.0,1.5,55.5,4.2735,4.8,200,8.3809
10.0,23.0,1.5,55.5,4.2735,4.8,50,72.476
10.0,24.0,1.5,57.0,3.33,4.8,100,7.0688
10.0,24.0,1.5,57.0,3.33,4.8,200,1.8142
10.0,24.0,1.5,57.0,3.33,4.8,50,33.746
10.0,25.0,1.5,58.5,4.2735,4.8,100,26.281
10.0,25.0,1.5,58.5,4.2735,4.8,200,8.3809
10.0,25.0,1.5,58.5,4.2735,4.8,50,72.476
10.0,26.0,1.5,60.0,6.25,2.5,100,13.254
10.0,26.0,1.5,60.0,6.25,2.5,200,3.3746
10.0,26.0,1.5,60.0,6.25,2.5,50,48.692
10.0,27.0,1.5,61.5,4.2735,1.0,100,26.281
10.0,27.0,1.5,61.5,4.2735,1.0,200,8.3809
10.0,27.0,1.5,61.5,4.2735,1.0,50,72.476
10.0,28.0,1.5,63.0,3.75,0.5,100,21.244
10.0,28.0,1.5,63.0,3.75,0.5,200,4.4274
10.0,28.0,1.5,63.0,3.75,0.5,50,81.404
10.0,29.0,1.5,64.5,4.2735,4.8,100,26.281
10.0,29.0,1.5,64.5,4.2735,4.8,200,8.3809
10.0,29.0,1.5,64.5,4.2735,4.8,50,72.476
10.0,30.0,1.5,66.0,4.58,4.8,100,23.5
10.0,30.0,1.5,66.0,4.58,4.8,200,2.8482
10.0,30.0,1.5,66.0,4.58,4.8,50,92.308
10.0,31.0,1.5,67.5,4.2735,4.8,100,26.281
10.0,31.0,1.5,67.5,4.2735,4.8,200,8.3809
10.0,31.0,1.5,67.5,4.2735,4.8,50,72.476
10.0,32.0,1.5,69.0,4.58,4.8,100,26.696
10.0,32.0,1.5,69.0,4.58,4.8,200,3.5626
10.0,32.0,1.5,69.0,4.58,4.8,50,91.556
10.0,33.0,1.5,70.5,4.2735,4.8,100,26.281
10.0,33.0,1.5,70.5,4.2735,4.8,200,8.3809
10.0,33.0,1.5,70.5,4.2735,4.8,50,72.476
10.0,34.0,1.5,72.0,7.08,4.8,100,23.312
10.0,34.0,1.5,72.0,7.08,4.8,200,4.0044
10.0,34.0,1.5,72.0,7.08,4.8,50,108.1
10.0,35.0,1.5,73.5,4.2735,4.8,100,26.281
10.0,35.0,1.5,73.5,4.2735,4.8,200,8.3809
10.0,35.0,1.5,73.5,4.2735,4.8,50,72.476
10.0,36.0,1.5,75.0,3.75,2.5,100,18.988
10.0,36.0,1.5,75.0,3.75,2.5,200,3.0362
10.0,36.0,1.5,75.0,3.75,2.5,50,111.86
10.0,37.0,1.5,76.5,4.2735,1.0,100,26.281
10.0,37.0,1.5,76.5,4.2735,1.0,200,8.3809
10.0,37.0,1.5,76.5,4.2735,1.0,50,72.476
10.0,38.0,1.5,78.0,5.0,0.5,100,15.134
10.0,38.0,1.5,78.0,5.0,0.5,200,2.7448
10.0,38.0,1.5,78.0,5.0,0.5,50,94.94
10.0,39.0,1.5,79.5,4.2735,4.8,100,26.281
10.0,39.0,1.5,79.5,4.2735,4.8,200,8.3809
10.0,39.0,1.5,79.5,4.2735,4.8,50,72.476
10.0,40.0,1.5,81.0,5.83,4.8,100,15.04
10.0,40.0,1.5,81.0,5.83,4.8,200,1.3724
10.0,40.0,1.5,81.0,5.83,4.8,50,74.26
10.0,41.0,1.5,82.5,4.2735,4.8,100,26.281
10.0,41.0,1.5,82.5,4.2735,4.8,200,8.3809
10.0,41.0,1.5,82.5,4.2735,4.8,50,72.476
10.0,42.0,1.5,84.0,4.58,4.8,100,12.972
10.0,42.0,1.5,84.0,4.58,4.8,200,0.94
10.0,42.0,1.5,84.0,4.58,4.8,50,58.092
10.0,43.0,1.5,85.5,4.2735,4.8,100,26.281
10.0,43.0,1.5,85.5,4.2735,4.8,200,8.3809
10.0,43.0,1.5,85.5,4.2735,4.8,50,72.476
10.0,44.0,1.5,87.0,3.75,4.8,100,13.536
10.0,44.0,1.5,87.0,3.75,4.8,200,1.3442
10.0,44.0,1.5,87.0,3.75,4.8,50,77.456
10.0,45.0,1.5,88.5,4.2735,4.8,100,26.281
10.0,45.0,1.5,88.5,4.2735,4.8,200,8.3809
10.0,45.0,1.5,88.5,4.2735,4.8,50,72.476
10.0,46.0,1.5,90.0,4.16,2.5,100,18.988
10.0,46.0,1.5,90.0,4.16,2.5,200,2.6226
10.0,46.0,1.5,90.0,4.16,2.5,50,91.086
10.0,47.0,1.5,91.5,4.2735,1.0,100,26.281
10.0,47.0,1.5,91.5,4.2735,1.0,200,8.3809
10.0,47.0,1.5,91.5,4.2735,1.0,50,72.476
10.0,48.0,1.5,93.0,3.75,0.5,100,22.748
10.0,48.0,1.5,93.0,3.75,0.5,200,3.2806
10.0,48.0,1.5,93.0,3.75,0.5,50,98.7
10.0,49.0,1.5,94.5,4.2735,4.8,100,26.281
10.0,49.0,1.5,94.5,4.2735,4.8,200,8.3809
10.0,49.0,1.5,94.5,4.2735,4.8,50,72.476
10.0,50.0,1.5,96.0,5.42,4.8,100,17.86
10.0,50.0,1.5,96.0,5.42,4.8,200,2.2654
10.0,50.0,1.5,96.0,5.42,4.8,50,94.94
10.0,51.0,1.5,97.5,4.2735,4.8,100,26.281
10.0,51.0,1.5,97.5,4.2735,4.8,200,8.3809
10.0,51.0,1.5,97.5,4.2735,4.8,50,72.476
10.0,52.0,1.5,99.0,5.42,4.8,100,15.604
10.0,52.0,1.5,99.0,5.42,4.8,200,2.9234
10.0,52.0,1.5,99.0,5.42,4.8,50,98.7
10.0,53.0,1.5,100.5,4.2735,4.8,100,26.281
10.0,53.0,1.5,100.5,4.2735,4.8,200,8.3809
10.0,53.0,1.5,100.5,4.2735,4.8,50,72.476
10.0,54.0,1.5,102.0,1.67,4.8,100,13.348
10.0,54.0,1.5,102.0,1.67,4.8,200,2.6132
10.0,54.0,1.5,102.0,1.67,4.8,50,46.906
10.0,55.0,1.5,103.5,4.2735,4.8,100,26.281
10.0,55.0,1.5,103.5,4.2735,4.8,200,8.3809
10.0,55.0,1.5,103.5,4.2735,4.8,50,72.476
10.0,56.0,1.5,105.0,3.33,2.5,100,9.682
10.0,56.0,1.5,105.0,3.33,2.5,200,0.987
10.0,56.0,1.5,105.0,3.33,2.5,50,37.6
10.0,57.0,1.5,106.5,4.2735,1.0,100,26.281
10.0,57.0,1.5,106.5,4.2735,1.0,200,8.3809
10.0,57.0,1.5,106.5,4.2735,1.0,50,72.476
10.0,58.0,1.5,108.0,2.08,0.5,100,4.5778
10.0,58.0,1.5,108.0,2.08,0.5,200,0.56118
10.0,58.0,1.5,108.0,2.08,0.5,50,38.258
10.0,59.0,1.5,109.5,4.2735,4.8,100,26.281
10.0,59.0,1.5,109.5,4.2735,4.8,200,8.3809
10.0,59.0,1.5,109.5,4.2735,4.8,50,72.476
10.0,60.0,1.5,111.0,2.92,4.8,100,2.0586
10.0,60.0,1.5,111.0,2.92,4.8,200,0.49538
10.0,60.0,1.5,111.0,2.92,4.8,50,20.962
10.0,61.0,1.5,112.5,4.2735,4.8,100,26.281
10.0,61.0,1.5,112.5,4.2735,4.8,200,8.3809
10.0,61.0,1.5,112.5,4.2735,4.8,50,72.476
10.0,62.0,1.5,114.0,2.92,4.8,100,1.8236
10.0,62.0,1.5,114.0,2.92,4.8,200,0.90898
10.0,62.0,1.5,114.0,2.92,4.8,50,14.758
10.0,63.0,1.5,115.5,4.2735,4.8,100,26.281
10.0,63.0,1.5,115.5,4.2735,4.8,200,8.3809
10.0,63.0,1.5,115.5,4.2735,4.8,50,72.476
10.0,64.0,1.5,117.0,3.75,4.8,100,2.6884
10.0,64.0,1.5,117.0,3.75,4.8,200,1.0998
10.0,64.0,1.5,117.0,3.75,4.8,50,13.442
10.0,65.0,1.5,118.5,4.2735,4.8,100,26.281
10.0,65.0,1.5,118.5,4.2735,4.8,200,8.3809
10.0,65.0,1.5,118.5,4.2735,4.8,50,72.476
10.0,66.0,1.5,120.0,2.5,2.5,100,4.4368
10.0,66.0,1.5,120.0,2.5,2.5,200,0.15604
10.0,66.0,1.5,120.0,2.5,2.5,50,26.508
10.0,67.0,1.5,121.5,4.2735,1.0,100,26.281
10.0,67.0,1.5,121.5,4.2735,1.0,200,8.3809
10.0,67.0,1.5,121.5,4.2735,1.0,50,72.476
10.0,68.0,1.5,123.0,0.83,0.5,100,3.29
10.0,68.0,1.5,123.0,0.83,0.5,200,8.3809
10.0,68.0,1.5,123.0,0.83,0.5,50,8.4224
10.0,69.0,1.5,124.5,4.2735,4.8,100,26.281
10.0,69.0,1.5,124.5,4.2735,4.8,200,8.3809
10.0,69.0,1.5,124.5,4.2735,4.8,50,72.476
10.0,70.0,1.5,126.0,1.25,4.8,100,0.90428
10.0,70.0,1.5,126.0,1.25,4.8,200,8.3809
10.0,70.0,1.5,126.0,1.25,4.8,50,3.2806
10.0,71.0,1.5,127.5,4.2735,4.8,100,26.281
10.0,71.0,1.5,127.5,4.2735,4.8,200,8.3809
10.0,71.0,1.5,127.5,4.2735,4.8,50,72.476
10.0,72.0,1.5,129.0,0.42,4.8,100,0.01692
10.0,72.0,1.5,129.0,0.42,4.8,200,8.3809
10.0,72.0,1.5,129.0,0.42,4.8,50,0.188
10.0,73.0,1.5,130.5,4.2735,4.8,100,26.281
10.0,73.0,1.5,130.5,4.2735,4.8,200,8.3809
10.0,73.0,1.5,130.5,4.2735,4.8,50,72.476
10.0,74.0,1.5,132.0,0.42,4.8,100,26.281
10.0,74.0,1.5,132.0,0.42,4.8,200,8.3809
10.0,74.0,1.5,132.0,0.42,4.8,50,0.03666
10.0,75.0,1.5,133.5,4.2735,4.8,100,26.281
10.0,75.0,1.5,133.5,4.2735,4.8,200,8.3809
10.0,75.0,1.5,133.5,4.2735,4.8,50,72.476
10.0,76.0,1.5,135.0,4.2735,4.8,100,26.281
10.0,76.0,1.5,135.0,4.2735,4.8,200,8.3809
10.0,76.0,1.5,135.0,4.2735,4.8,50,72.476
10.0,77.0,1.5,136.5,4.2735,4.8,100,26.281
10.0,77.0,1.5,136.5,4.2735,4.8,200,8.3809
10.0,77.0,1.5,136.5,4.2735,4.8,50,72.476
10.0,78.0,1.5,138.0,0.42,4.8,100,26.281
10.0,78.0,1.5,138.0,0.42,4.8,200,8.3809
10.0,78.0,1.5,138.0,0.42,4.8,50,72.476
10.0,79.0,1.5,139.5,4.2735,4.8,100,26.281
10.0,79.0,1.5,139.5,4.2735,4.8,200,8.3809
10.0,79.0,1.5,139.5,4.2735,4.8,50,72.476
