Run,Post Number,Degrees,Azimuth (Degrees),Wind-Dir (%),Height (m),Corrected_10-min Concentrations (mg/m3) 50,Corrected_10-min Concentrations (mg/m3) 100,Corrected_10-min Concentrations (mg/m3) 200,Corrected_3-min Concentrations (mg/m3) 50,Corrected_3-min Concentrations (mg/m3) 100,Corrected_3-min Concentrations (mg/m3) 200,Corrected_0.5-min Concentrations (mg/m3) 50,Corrected_0.5-min Concentrations (mg/m3) 100,Corrected_0.5-min Concentrations (mg/m3) 200,10-min Vertical Samples Concentrations (mg/m3) 50,10-min Vertical Samples Concentrations (mg/m3) 100,10-min Vertical Samples Concentrations (mg/m3) 200
1.0,37.0,1.5,76.5,4.2735,4.8,69.392,25.163,8.0242,102.57,38.518,9.0153,128.28,53.232,9.5218,86.326,29.573,9.3305
1.0,37.0,1.5,76.5,4.2735,4.8,69.392,25.163,8.0242,102.57,38.518,9.0153,128.28,53.232,9.5218,86.326,29.573,9.3305
1.0,38.0,1.5,78.0,0.42,4.8,69.392,25.163,8.0242,102.57,38.518,9.0153,128.28,53.232,9.5218,86.326,29.573,9.3305
1.0,39.0,1.5,79.5,4.2735,4.8,69.392,25.163,8.0242,102.57,38.518,9.0153,128.28,53.232,9.5218,86.326,29.573,9.3305
1.0,40.0,1.5,81.0,4.2735,4.8,69.392,25.163,8.0242,102.57,38.518,9.0153,128.28,53.232,9.5218,86.326,29.573,9.3305
1.0,41.0,1.5,82.5,4.2735,4.8,69.392,25.163,8.0242,102.57,38.518,9.0153,128.28,53.232,9.5218,86.326,29.573,9.3305
1.0,42.0,1.5,84.0,4.2735,4.8,69.392,25.163,8.0242,102.57,38.518,9.0153,128.28,53.232,9.5218,86.326,29.573,9.3305
1.0,43.0,1.5,85.5,4.2735,4.8,69.392,25.163,8.0242,102.57,38.518,9.0153,128.28,53.232,9.5218,86.326,29.573,9.3305
1.0,44.0,1.5,87.0,4.2735,4.8,69.392,25.163,8.0242,102.57,38.518,9.0153,128.28,53.232,9.5218,86.326,29.573,9.3305
1.0,45.0,1.5,88.5,4.2735,4.8,69.392,25.163,8.0242,102.57,38.518,9.0153,128.28,53.232,9.5218,86.326,29.573,9.3305
1.0,46.0,1.5,90.0,4.2735,4.8,69.392,25.163,8.0242,102.57,38.518,9.0153,128.28,53.232,9.5218,86.326,29.573,9.3305
1.0,47.0,1.5,91.5,4.2735,4.8,69.392,25.163,8.0242,102.57,38.518,9.0153,128.28,53.232,9.5218,86.326,29.573,9.3305
1.0,48.0,1.5,93.0,0.42,4.8,69.392,25.163,8.0242,102.57,38.518,9.0153,128.28,53.232,9.5218,86.326,29.573,9.3305
1.0,49.0,1.5,94.5,4.2735,4.8,69.392,25.163,8.0242,102.57,38.518,9.0153,128.28,53.232,9.5218,86.326,29.573,9.3305
1.0,50.0,1.5,96.0,1.67,4.8,69.392,25.163,8.0242,102.57,38.518,9.0153,128.28,53.232,9.5218,86.326,29.573,9.3305
1.0,51.0,1.5,97.5,4.2735,4.8,69.392,25.163,8.0242,102.57,38.518,9.0153,128.28,53.232,9.5218,86.326,29.573,9.3305
1.0,52.0,1.5,99.0,4.2735,4.8,0.567,25.163,8.0242,102.57,38.518,9.0153,128.28,53.232,9.5218,86.326,29.573,9.3305
1.0,53.0,1.5,100.5,4.2735,4.8,69.392,25.163,8.0242,102.57,38.518,9.0153,128.28,53.232,9.5218,86.326,29.573,9.3305
1.0,54.0,1.5,102.0,2.91,4.8,4.905,25.163,8.0242,0.55476,38.518,9.0153,128.28,53.232,9.5218,86.326,29.573,9.3305
1.0,55.0,1.5,103.5,4.2735,4.8,69.392,25.163,8.0242,2.6956,38.518,9.0153,128.28,53.232,9.5218,86.326,29.573,9.3305
1.0,56.0,1.5,105.0,3.75,2.5,26.28,0.6048,8.0242,9.016,38.518,9.0153,3.7682,53.232,9.5218,19.6,1.93,9.3305
1.0,57.0,1.5,106.5,4.2735,1.0,69.392,25.163,8.0242,25.76,0.2576,9.0153,11.869,53.232,9.5218,40.9,29.573,9.3305
1.0,58.0,1.5,108.0,3.33,0.5,124.2,7.308,8.0242,76.36,1.2052,9.0153,39.176,4.316,9.5218,49.3,0.182,9.3305
1.0,59.0,1.5,109.5,4.2735,4.8,69.392,25.163,8.0242,147.2,3.3764,0.32844,76.526,6.308,9.5218,86.326,29.573,9.3305
1.0,60.0,1.5,111.0,9.58,4.8,253.8,45.45,1.62,250.24,15.548,0.31556,143.59,18.426,9.5218,86.326,29.573,9.3305
1.0,61.0,1.5,112.5,4.2735,4.8,69.392,25.163,8.0242,346.84,52.44,0.92,288.84,74.036,9.5218,86.326,29.573,9.3305
1.0,62.0,1.5,114.0,14.17,4.8,411.3,126.9,18.63,490.36,138.92,7.3324,406.7,117.86,9.5218,86.326,29.573,9.3305
1.0,63.0,1.5,115.5,4.2735,4.8,69.392,25.163,8.0242,533.6,247.48,25.116,512.94,185.92,9.5218,86.326,29.573,9.3305
1.0,64.0,1.5,117.0,12.92,4.8,423.9,243.0,67.32,570.4,236.44,71.76,670.64,189.24,1.7762,86.326,29.573,9.3305
1.0,65.0,1.5,118.5,4.2735,4.8,69.392,25.163,8.0242,609.96,352.36,120.52,682.26,312.08,6.806,86.326,29.573,9.3305
1.0,66.0,1.5,120.0,25.42,2.5,405.0,256.5,105.3,591.56,315.56,113.16,702.18,341.96,16.6,265.0,174.0,91.2
1.0,67.0,1.5,121.5,4.2735,1.0,69.392,25.163,8.0242,598.0,220.8,69.644,903.04,330.34,27.556,510.0,29.573,9.3305
1.0,68.0,1.5,123.0,8.33,0.5,393.3,171.0,49.41,496.8,184.0,32.844,654.04,340.3,31.872,520.0,374.0,129.0
1.0,69.0,1.5,124.5,4.2735,4.8,69.392,25.163,8.0242,358.8,110.4,14.628,506.3,262.28,29.216,86.326,29.573,9.3305
1.0,70.0,1.5,126.0,6.25,4.8,231.3,48.51,5.364,274.16,48.76,4.9036,419.98,133.63,16.6,86.326,29.573,9.3305
1.0,71.0,1.5,127.5,4.2735,4.8,69.392,25.163,8.0242,182.16,12.328,1.1316,214.14,41.5,3.8844,86.326,29.573,9.3305
1.0,72.0,1.5,129.0,5.0,4.8,76.5,5.535,0.2079,115.0,3.5236,0.35236,100.43,15.272,9.5218,86.326,29.573,9.3305
1.0,73.0,1.5,130.5,4.2735,4.8,69.392,25.163,8.0242,60.996,38.518,9.0153,19.256,1.1288,9.5218,86.326,29.573,9.3305
1.0,74.0,1.5,132.0,2.91,4.8,22.05,0.6768,8.0242,25.208,38.518,9.0153,1.8426,53.232,9.5218,86.326,29.573,9.3305
1.0,75.0,1.5,133.5,4.2735,4.8,69.392,25.163,8.0242,4.9956,38.518,9.0153,2.9382,53.232,9.5218,86.326,29.573,9.3305
1.0,76.0,1.5,135.0,0.83,2.5,1.512,0.0954,8.0242,2.852,38.518,9.0153,128.28,53.232,9.5218,2.45,0.031,9.3305
1.0,77.0,1.5,136.5,4.2735,1.0,69.392,25.163,8.0242,0.5152,38.518,9.0153,128.28,53.232,9.5218,2.19,29.573,9.3305
1.0,78.0,1.5,138.0,1.25,0.5,69.392,25.163,8.0242,102.57,38.518,9.0153,128.28,53.232,9.5218,1.66,4.15,9.3305
1.0,79.0,1.5,139.5,4.2735,4.8,69.392,25.163,8.0242,102.57,38.518,9.0153,128.28,53.232,9.5218,86.326,29.573,9.3305
1.0,80.0,1.5,141.0,0.42,4.8,69.392,25.163,8.0242,102.57,38.518,9.0153,128.28,53.232,9.5218,86.326,29.573,9.3305
1.0,81.0,1.5,142.5,4.2735,4.8,69.392,25.163,8.0242,102.57,38.518,9.0153,128.28,53.232,9.5218,86.326,29.573,9.3305
1.0,82.0,1.5,144.0,0.42,4.8,69.392,25.163,8.0242,102.57,38.518,9.0153,128.28,53.232,9.5218,86.326,29.573,9.3305
1.0,83.0,1.5,145.5,4.2735,4.8,69.392,25.163,8.0242,102.57,38.518,9.0153,128.28,53.232,9.5218,86.326,29.573,9.3305
2.0,23.0,1.5,55.5,4.2735,4.8,70.163,25.443,8.1134,103.69,38.936,9.1133,139.1,57.722,10.325,86.326,29.573,9.3305
2.0,24.0,1.5,57.0,0.42,4.8,0.08372,25.443,8.1134,103.69,38.936,9.1133,139.1,57.722,10.325,86.326,29.573,9.3305
2.0,25.0,1.5,58.5,4.2735,4.8,70.163,25.443,8.1134,103.69,38.936,9.1133,139.1,57.722,10.325,86.326,29.573,9.3305
2.0,26.0,1.5,60.0,4.2735,2.5,2.3114,25.443,8.1134,103.69,38.936,9.1133,139.1,57.722,10.325,2.54,29.573,9.3305
2.0,27.0,1.5,61.5,4.2735,1.0,70.163,25.443,8.1134,103.69,38.936,9.1133,139.1,57.722,10.325,1.74,29.573,9.3305
2.0,28.0,1.5,63.0,0.42,0.5,4.1769,0.10647,8.1134,0.43431,0.33759,9.1133,139.1,57.722,10.325,1.49,29.573,9.3305
2.0,29.0,1.5,64.5,4.2735,4.8,70.163,25.443,8.1134,0.59799,0.6138,9.1133,139.1,57.722,10.325,86.326,29.573,9.3305
2.0,30.0,1.5,66.0,1.66,4.8,12.922,0.59605,8.1134,2.6691,1.2834,9.1133,139.1,57.722,10.325,86.326,29.573,9.3305
2.0,31.0,1.5,67.5,4.2735,4.8,70.163,25.443,8.1134,6.324,1.2183,0.23901,139.1,57.722,10.325,86.326,29.573,9.3305
2.0,32.0,1.5,69.0,2.49,4.8,27.209,2.1658,0.22932,12.369,1.2462,0.48081,139.1,57.722,10.325,86.326,29.573,9.3305
2.0,33.0,1.5,70.5,4.2735,4.8,70.163,25.443,8.1134,19.809,1.9344,0.8184,139.1,57.722,10.325,86.326,29.573,9.3305
2.0,34.0,1.5,72.0,2.07,4.8,47.502,6.9888,0.77532,22.413,2.4552,1.3485,139.1,57.722,10.325,86.326,29.573,9.3305
2.0,35.0,1.5,73.5,4.2735,4.8,70.163,25.443,8.1134,30.225,3.6921,1.6554,139.1,57.722,10.325,86.326,29.573,9.3305
2.0,36.0,1.5,75.0,1.66,2.5,61.971,9.828,1.6198,42.129,5.673,1.6275,139.1,57.722,10.325,52.8,11.6,1.52
2.0,37.0,1.5,76.5,4.2735,1.0,70.163,25.443,8.1134,66.03,7.347,2.7063,1.17,57.722,10.325,71.5,29.573,9.3305
2.0,38.0,1.5,78.0,4.98,0.5,69.979,15.106,2.4843,73.191,12.183,3.0783,5.454,57.722,10.325,73.7,10.5,1.7
2.0,39.0,1.5,79.5,4.2735,4.8,70.163,25.443,8.1134,71.331,15.345,3.6549,7.074,57.722,10.325,86.326,29.573,9.3305
2.0,40.0,1.5,81.0,4.56,4.8,77.441,18.109,3.4489,97.65,13.857,3.5061,7.614,57.722,10.325,86.326,29.573,9.3305
2.0,41.0,1.5,82.5,4.2735,4.8,70.163,25.443,8.1134,129.27,20.181,2.8365,9.63,57.722,10.325,86.326,29.573,9.3305
2.0,42.0,1.5,84.0,6.64,4.8,84.721,19.474,4.4135,135.78,23.901,3.534,9.09,57.722,10.325,86.326,29.573,9.3305
2.0,43.0,1.5,85.5,4.2735,4.8,70.163,25.443,8.1134,119.04,25.11,4.5291,15.21,57.722,10.325,86.326,29.573,9.3305
2.0,44.0,1.5,87.0,4.56,4.8,81.718,20.748,4.9504,107.88,23.157,4.6779,19.89,57.722,10.325,86.326,29.573,9.3305
2.0,45.0,1.5,88.5,4.2735,4.8,70.163,25.443,8.1134,94.86,23.808,5.3289,19.08,57.722,10.325,86.326,29.573,9.3305
2.0,46.0,1.5,90.0,5.81,2.5,147.42,19.929,4.4499,87.141,27.435,5.58,20.52,57.722,10.325,81.6,19.7,4.77
2.0,47.0,1.5,91.5,4.2735,1.0,70.163,25.443,8.1134,88.35,28.923,5.58,14.31,57.722,10.325,105.0,29.573,9.3305
2.0,48.0,1.5,93.0,7.88,0.5,104.65,20.93,5.2325,78.771,27.435,5.8311,15.21,57.722,1.152,110.0,23.3,4.52
2.0,49.0,1.5,94.5,4.2735,4.8,70.163,25.443,8.1134,64.821,22.878,4.836,15.21,1.692,1.098,86.326,29.573,9.3305
2.0,50.0,1.5,96.0,5.39,4.8,93.73,20.475,5.005,53.94,18.693,6.0729,19.89,2.97,0.882,86.326,29.573,9.3305
2.0,51.0,1.5,97.5,4.2735,4.8,70.163,25.443,8.1134,47.709,17.205,6.045,20.52,3.348,2.142,86.326,29.573,9.3305
2.0,52.0,1.5,99.0,6.22,4.8,88.907,20.111,5.2234,44.361,20.46,6.324,21.42,7.236,5.094,86.326,29.573,9.3305
2.0,53.0,1.5,100.5,4.2735,4.8,70.163,25.443,8.1134,49.011,21.948,6.603,50.76,7.236,12.24,86.326,29.573,9.3305
2.0,54.0,1.5,102.0,8.71,4.8,100.1,18.655,5.1688,57.381,22.413,7.068,61.56,9.18,17.28,86.326,29.573,9.3305
2.0,55.0,1.5,103.5,4.2735,4.8,70.163,25.443,8.1134,62.031,20.46,6.882,99.9,16.56,17.28,86.326,29.573,9.3305
2.0,56.0,1.5,105.0,9.54,2.5,86.359,16.926,4.2679,67.239,20.181,6.882,111.6,31.05,14.4,79.0,19.0,4.04
2.0,57.0,1.5,106.5,4.2735,1.0,70.163,25.443,8.1134,66.309,17.763,5.7009,158.4,51.75,14.04,98.6,29.573,9.3305
2.0,58.0,1.5,108.0,6.22,0.5,59.878,18.109,3.2669,79.98,16.833,3.5619,189.0,55.89,9.54,110.0,19.9,4.66
2.0,59.0,1.5,109.5,4.2735,4.8,70.163,25.443,8.1134,64.821,15.066,2.8365,176.4,42.93,4.824,86.326,29.573,9.3305
2.0,60.0,1.5,111.0,2.49,4.8,37.219,11.011,1.7472,39.06,11.253,1.5624,121.5,30.69,4.824,86.326,29.573,9.3305
2.0,61.0,1.5,112.5,4.2735,4.8,70.163,25.443,8.1134,26.505,6.789,0.6975,90.9,13.77,8.82,86.326,29.573,9.3305
2.0,62.0,1.5,114.0,2.07,4.8,27.755,8.645,2.0748,19.995,4.3059,0.23901,71.1,6.786,1.476,86.326,29.573,9.3305
2.0,63.0,1.5,115.5,4.2735,4.8,70.163,25.443,8.1134,15.717,1.7763,0.22599,63.18,1.638,1.386,86.326,29.573,9.3305
2.0,64.0,1.5,117.0,2.91,4.8,27.937,6.8523,1.5106,9.951,1.3113,9.1133,40.14,2.25,0.468,86.326,29.573,9.3305
2.0,65.0,1.5,118.5,4.2735,4.8,70.163,25.443,8.1134,5.4219,0.5766,9.1133,17.82,57.722,0.864,86.326,29.573,9.3305
2.0,66.0,1.5,120.0,4.15,2.5,16.471,4.1223,0.9737,2.046,0.17391,9.1133,10.62,57.722,2.124,17.4,4.73,1.09
2.0,67.0,1.5,121.5,4.2735,1.0,70.163,25.443,8.1134,0.64449,38.936,9.1133,1.494,57.722,10.325,20.1,29.573,9.3305
2.0,68.0,1.5,123.0,3.32,0.5,8.6541,1.7199,1.1466,103.69,38.936,9.1133,139.1,57.722,10.325,22.3,5.43,1.56
2.0,69.0,1.5,124.5,4.2735,4.8,70.163,25.443,8.1134,103.69,38.936,9.1133,139.1,57.722,10.325,86.326,29.573,9.3305
2.0,70.0,1.5,126.0,1.25,4.8,6.1243,1.7017,0.76531,103.69,38.936,9.1133,139.1,57.722,10.325,86.326,29.573,9.3305
2.0,71.0,1.5,127.5,4.2735,4.8,70.163,25.443,8.1134,103.69,38.936,9.1133,139.1,57.722,10.325,86.326,29.573,9.3305
2.0,72.0,1.5,129.0,1.25,4.8,3.5945,1.5743,0.44681,103.69,38.936,9.1133,139.1,57.722,10.325,86.326,29.573,9.3305
2.0,73.0,1.5,130.5,4.2735,4.8,70.163,25.443,8.1134,103.69,38.936,9.1133,139.1,57.722,10.325,86.326,29.573,9.3305
2.0,74.0,1.5,132.0,0.83,4.8,6.8341,2.2659,0.27391,103.69,38.936,9.1133,139.1,57.722,10.325,86.326,29.573,9.3305
2.0,75.0,1.5,133.5,4.2735,4.8,70.163,25.443,8.1134,103.69,38.936,9.1133,139.1,57.722,10.325,86.326,29.573,9.3305
2.0,76.0,1.5,135.0,1.25,2.5,9.646,1.911,0.07189,103.69,38.936,9.1133,139.1,57.722,10.325,7.15,1.93,0.077
2.0,77.0,1.5,136.5,4.2735,1.0,70.163,25.443,8.1134,103.69,38.936,9.1133,139.1,57.722,10.325,10.5,29.573,9.3305
2.0,78.0,1.5,138.0,0.42,0.5,9.555,0.364,8.1134,103.69,38.936,9.1133,139.1,57.722,10.325,12.5,1.89,0.036
2.0,79.0,1.5,139.5,4.2735,4.8,70.163,25.443,8.1134,103.69,38.936,9.1133,139.1,57.722,10.325,86.326,29.573,9.3305
2.0,80.0,1.5,141.0,0.83,4.8,3.9949,0.12194,8.1134,103.69,38.936,9.1133,139.1,57.722,10.325,86.326,29.573,9.3305
2.0,81.0,1.5,142.5,4.2735,4.8,70.163,25.443,8.1134,103.69,38.936,9.1133,139.1,57.722,10.325,86.326,29.573,9.3305
2.0,82.0,1.5,144.0,4.2735,4.8,1.729,0.04186,8.1134,103.69,38.936,9.1133,139.1,57.722,10.325,86.326,29.573,9.3305
2.0,83.0,1.5,145.5,4.2735,4.8,70.163,25.443,8.1134,103.69,38.936,9.1133,139.1,57.722,10.325,86.326,29.573,9.3305
2.0,84.0,1.5,147.0,4.2735,4.8,1.2831,25.443,8.1134,103.69,38.936,9.1133,139.1,57.722,10.325,86.326,29.573,9.3305
2.0,85.0,1.5,148.5,4.2735,4.8,70.163,25.443,8.1134,103.69,38.936,9.1133,139.1,57.722,10.325,86.326,29.573,9.3305
2.0,86.0,1.5,150.0,4.2735,2.5,0.07007,25.443,8.1134,103.69,38.936,9.1133,139.1,57.722,10.325,0.093,29.573,9.3305
2.0,87.0,1.5,151.5,4.2735,1.0,70.163,25.443,8.1134,103.69,38.936,9.1133,139.1,57.722,10.325,0.08,29.573,9.3305
3.0,45.0,1.5,88.5,4.2735,4.8,71.705,26.002,8.2917,105.92,39.774,9.3092,146.82,60.928,10.898,86.326,29.573,9.3305
3.0,46.0,1.5,90.0,0.42,4.8,71.705,26.002,8.2917,105.92,39.774,9.3092,146.82,60.928,10.898,86.326,29.573,9.3305
3.0,47.0,1.5,91.5,4.2735,4.8,71.705,26.002,8.2917,105.92,39.774,9.3092,146.82,60.928,10.898,86.326,29.573,9.3305
3.0,48.0,1.5,93.0,4.2735,4.8,0.02883,26.002,8.2917,105.92,39.774,9.3092,146.82,60.928,10.898,86.326,29.573,9.3305
3.0,49.0,1.5,94.5,4.2735,4.8,71.705,26.002,8.2917,105.92,39.774,9.3092,146.82,60.928,10.898,86.326,29.573,9.3305
3.0,50.0,1.5,96.0,1.25,4.8,0.45198,26.002,8.2917,105.92,39.774,9.3092,146.82,60.928,10.898,86.326,29.573,9.3305
3.0,51.0,1.5,97.5,4.2735,4.8,71.705,26.002,8.2917,105.92,39.774,9.3092,146.82,60.928,10.898,86.326,29.573,9.3305
3.0,52.0,1.5,99.0,0.83,4.8,0.57288,26.002,8.2917,105.92,39.774,9.3092,146.82,60.928,10.898,86.326,29.573,9.3305
3.0,53.0,1.5,100.5,4.2735,4.8,71.705,26.002,8.2917,105.92,39.774,9.3092,146.82,60.928,10.898,86.326,29.573,9.3305
3.0,54.0,1.5,102.0,1.25,4.8,4.0176,26.002,8.2917,105.92,39.774,9.3092,146.82,60.928,10.898,86.326,29.573,9.3305
3.0,55.0,1.5,103.5,4.2735,4.8,71.705,26.002,8.2917,105.92,39.774,9.3092,146.82,60.928,10.898,86.326,29.573,9.3305
3.0,56.0,1.5,105.0,2.5,2.5,11.067,0.18879,8.2917,0.46835,39.774,9.3092,2.565,60.928,10.898,11.7,0.218,9.3305
3.0,57.0,1.5,106.5,4.2735,1.0,71.705,26.002,8.2917,4.1135,0.52915,9.3092,15.01,60.928,10.898,10.7,29.573,9.3305
3.0,58.0,1.5,108.0,3.33,0.5,19.623,1.2462,0.03534,4.845,0.36385,0.09785,24.89,60.928,10.898,9.1,0.211,9.3305
3.0,59.0,1.5,109.5,4.2735,4.8,71.705,26.002,8.2917,11.59,3.42,0.43415,40.28,1.045,0.532,86.326,29.573,9.3305
3.0,60.0,1.5,111.0,2.5,4.8,41.664,4.1943,0.24738,21.47,3.8665,0.61085,83.03,4.921,1.235,86.326,29.573,9.3305
3.0,61.0,1.5,112.5,4.2735,4.8,71.705,26.002,8.2917,18.05,14.535,1.273,106.4,25.65,5.187,86.326,29.573,9.3305
3.0,62.0,1.5,114.0,7.5,4.8,76.353,20.367,1.9344,57.285,22.895,2.9165,175.75,40.28,6.802,86.326,29.573,9.3305
3.0,63.0,1.5,115.5,4.2735,4.8,71.705,26.002,8.2917,73.815,25.84,5.7665,205.2,37.81,10.83,86.326,29.573,9.3305
3.0,64.0,1.5,117.0,5.42,4.8,112.53,34.038,7.719,77.235,23.37,8.7685,164.35,46.36,9.462,86.326,29.573,9.3305
3.0,65.0,1.5,118.5,4.2735,4.8,71.705,26.002,8.2917,109.25,31.635,15.39,187.15,65.74,15.39,86.326,29.573,9.3305
3.0,66.0,1.5,120.0,9.17,2.5,143.22,52.638,15.159,151.05,41.515,17.48,190.0,76.38,20.52,107.0,50.1,14.9
3.0,67.0,1.5,121.5,4.2735,1.0,71.705,26.002,8.2917,190.0,48.45,17.195,207.1,87.59,25.65,189.0,29.573,9.3305
3.0,68.0,1.5,123.0,5.0,0.5,221.34,64.914,18.972,223.25,68.4,15.2,164.35,101.65,26.41,211.0,62.4,16.3
3.0,69.0,1.5,124.5,4.2735,4.8,71.705,26.002,8.2917,307.8,79.515,9.3385,233.7,108.3,13.87,86.326,29.573,9.3305
3.0,70.0,1.5,126.0,10.0,4.8,243.66,68.727,20.739,342.0,82.935,12.065,220.4,99.75,6.004,86.326,29.573,9.3305
3.0,71.0,1.5,127.5,4.2735,4.8,71.705,26.002,8.2917,332.5,73.815,17.86,109.25,49.59,3.895,86.326,29.573,9.3305
3.0,72.0,1.5,129.0,10.83,4.8,190.65,54.963,18.693,284.05,64.315,17.86,53.58,14.155,2.375,86.326,29.573,9.3305
3.0,73.0,1.5,130.5,4.2735,4.8,71.705,26.002,8.2917,217.55,57.285,15.105,12.35,5.415,1.121,86.326,29.573,9.3305
3.0,74.0,1.5,132.0,9.17,4.8,126.48,41.664,9.579,149.15,50.35,11.305,12.54,0.76,10.898,86.326,29.573,9.3305
3.0,75.0,1.5,133.5,4.2735,4.8,71.705,26.002,8.2917,112.1,38.0,4.845,3.99,60.928,10.898,86.326,29.573,9.3305
3.0,76.0,1.5,135.0,5.42,2.5,102.3,23.622,3.0132,94.05,27.74,2.508,0.684,60.928,10.898,80.9,25.9,-99.0
3.0,77.0,1.5,136.5,4.2735,1.0,71.705,26.002,8.2917,96.9,22.42,1.3015,146.82,60.928,10.898,125.0,29.573,9.3305
3.0,78.0,1.5,138.0,7.5,0.5,80.445,12.369,0.79515,94.05,15.58,0.29165,146.82,60.928,10.898,140.0,25.6,3.65
3.0,79.0,1.5,139.5,4.2735,4.8,71.705,26.002,8.2917,65.55,10.735,0.13585,146.82,60.928,10.898,86.326,29.573,9.3305
3.0,80.0,1.5,141.0,6.25,4.8,36.549,3.5712,0.09486,39.615,2.945,9.3092,146.82,60.928,10.898,86.326,29.573,9.3305
3.0,81.0,1.5,142.5,4.2735,4.8,71.705,26.002,8.2917,36.765,0.15485,9.3092,146.82,60.928,10.898,86.326,29.573,9.3305
3.0,82.0,1.5,144.0,4.58,4.8,15.624,0.47337,8.2917,23.085,39.774,9.3092,146.82,60.928,10.898,86.326,29.573,9.3305
3.0,83.0,1.5,145.5,4.2735,4.8,71.705,26.002,8.2917,8.7685,39.774,9.3092,146.82,60.928,10.898,86.326,29.573,9.3305
3.0,84.0,1.5,147.0,2.92,4.8,5.5893,0.16647,8.2917,8.6735,39.774,9.3092,146.82,60.928,10.898,86.326,29.573,9.3305
3.0,85.0,1.5,148.5,4.2735,4.8,71.705,26.002,8.2917,3.895,39.774,9.3092,146.82,60.928,10.898,86.326,29.573,9.3305
3.0,86.0,1.5,150.0,2.08,2.5,2.6691,0.05673,8.2917,1.919,39.774,9.3092,146.82,60.928,10.898,2.71,-99.0,9.3305
3.0,87.0,1.5,151.5,4.2735,1.0,71.705,26.002,8.2917,105.92,39.774,9.3092,146.82,60.928,10.898,2.41,29.573,9.3305
3.0,88.0,1.5,153.0,1.66,0.5,0.65658,26.002,8.2917,105.92,39.774,9.3092,146.82,60.928,10.898,2.19,0.115,9.3305
3.0,89.0,1.5,154.5,4.2735,4.8,71.705,26.002,8.2917,105.92,39.774,9.3092,146.82,60.928,10.898,86.326,29.573,9.3305
3.0,90.0,1.5,156.0,4.2735,4.8,0.06696,26.002,8.2917,105.92,39.774,9.3092,146.82,60.928,10.898,86.326,29.573,9.3305
3.0,91.0,1.5,157.5,4.2735,4.8,71.705,26.002,8.2917,105.92,39.774,9.3092,146.82,60.928,10.898,86.326,29.573,9.3305
3.0,92.0,1.5,159.0,0.42,4.8,0.04371,26.002,8.2917,105.92,39.774,9.3092,146.82,60.928,10.898,86.326,29.573,9.3305
3.0,93.0,1.5,160.5,4.2735,4.8,71.705,26.002,8.2917,105.92,39.774,9.3092,146.82,60.928,10.898,86.326,29.573,9.3305
3.0,94.0,1.5,162.0,4.2735,4.8,0.02883,26.002,8.2917,105.92,39.774,9.3092,146.82,60.928,10.898,86.326,29.573,9.3305
3.0,95.0,1.5,163.5,4.2735,4.8,71.705,26.002,8.2917,105.92,39.774,9.3092,146.82,60.928,10.898,86.326,29.573,9.3305
4.0,27.0,1.5,61.5,4.2735,4.8,70.934,25.722,8.2025,102.57,38.518,9.0153,140.64,58.363,10.44,86.326,29.573,9.3305
4.0,28.0,1.5,63.0,4.2735,4.8,70.934,0.15732,8.2025,102.57,0.79764,9.0153,140.64,4.095,10.44,86.326,29.573,9.3305
4.0,29.0,1.5,64.5,4.2735,4.8,70.934,25.722,8.2025,0.7176,1.4168,9.0153,12.376,9.0272,10.44,86.326,29.573,9.3305
4.0,30.0,1.5,66.0,4.2735,4.8,1.0672,0.62928,8.2025,2.852,2.5208,9.0153,46.41,14.651,10.44,86.326,29.573,9.3305
4.0,31.0,1.5,67.5,4.2735,4.8,70.934,25.722,8.2025,13.34,3.956,9.0153,168.35,24.57,10.44,86.326,29.573,9.3305
4.0,32.0,1.5,69.0,0.83,4.8,4.8576,1.9044,0.08832,16.284,6.6516,0.1564,177.45,39.494,10.44,86.326,29.573,9.3305
4.0,33.0,1.5,70.5,4.2735,4.8,70.934,25.722,8.2025,13.432,7.2404,0.17756,126.49,41.496,10.44,86.326,29.573,9.3305
4.0,34.0,1.5,72.0,1.67,4.8,6.4308,2.9348,0.2024,14.444,7.3324,0.4048,101.01,35.308,10.44,86.326,29.573,9.3305
4.0,35.0,1.5,73.5,4.2735,4.8,70.934,25.722,8.2025,30.084,9.844,0.64124,104.65,31.486,10.44,86.326,29.573,9.3305
4.0,36.0,1.5,75.0,3.33,2.5,23.368,7.4428,1.6284,52.44,15.824,1.1316,129.22,37.674,10.44,23.6,6.89,1.83
4.0,37.0,1.5,76.5,4.2735,1.0,70.934,25.722,8.2025,92.92,20.24,2.4564,212.94,58.058,2.2386,24.1,29.573,9.3305
4.0,38.0,1.5,78.0,5.0,0.5,47.012,16.744,4.278,108.56,29.348,6.5596,314.86,91.0,6.3518,28.3,9.1,-99.0
4.0,39.0,1.5,79.5,4.2735,4.8,70.934,25.722,8.2025,142.6,43.884,9.384,387.66,105.56,10.192,86.326,29.573,9.3305
4.0,40.0,1.5,81.0,6.67,4.8,92.0,30.176,6.21,195.96,56.12,13.156,438.62,94.64,5.6238,86.326,29.573,9.3305
4.0,41.0,1.5,82.5,4.2735,4.8,70.934,25.722,8.2025,194.12,68.356,16.008,351.26,104.65,8.8998,86.326,29.573,9.3305
4.0,42.0,1.5,84.0,7.92,4.8,115.92,39.836,11.04,226.32,80.316,24.104,360.36,108.29,9.0636,86.326,29.573,9.3305
4.0,43.0,1.5,85.5,4.2735,4.8,70.934,25.722,8.2025,280.6,88.964,24.656,341.25,110.11,10.738,86.326,29.573,9.3305
4.0,44.0,1.5,87.0,5.42,4.8,149.04,14.812,13.064,289.8,88.32,22.448,345.8,93.73,14.924,86.326,29.573,9.3305
4.0,45.0,1.5,88.5,4.2735,4.8,70.934,25.722,8.2025,297.16,91.08,20.24,291.2,69.16,16.562,86.326,29.573,9.3305
4.0,46.0,1.5,90.0,5.83,2.5,172.04,50.508,11.776,383.64,103.04,18.032,316.68,69.16,16.562,138.0,50.1,10.9
4.0,47.0,1.5,91.5,4.2735,1.0,70.934,25.722,8.2025,392.84,89.516,16.56,325.78,51.688,20.93,216.0,29.573,9.3305
4.0,48.0,1.5,93.0,8.75,0.5,175.72,48.024,10.396,379.96,85.284,16.008,340.34,42.042,30.758,236.0,56.7,12.2
4.0,49.0,1.5,94.5,4.2735,4.8,70.934,25.722,8.2025,365.24,84.364,15.824,427.7,29.666,37.31,86.326,29.573,9.3305
4.0,50.0,1.5,96.0,9.58,4.8,157.32,39.1,9.568,337.64,67.436,10.58,422.24,18.928,22.204,86.326,29.573,9.3305
4.0,51.0,1.5,97.5,4.2735,4.8,70.934,25.722,8.2025,241.96,49.036,8.7676,418.6,20.748,20.93,86.326,29.573,9.3305
4.0,52.0,1.5,99.0,4.17,4.8,106.72,27.876,7.544,168.36,26.312,5.3636,384.02,16.289,17.108,86.326,29.573,9.3305
4.0,53.0,1.5,100.5,4.2735,4.8,70.934,25.722,8.2025,147.2,15.456,4.048,509.6,9.191,15.652,86.326,29.573,9.3305
4.0,54.0,1.5,102.0,5.0,4.8,92.92,22.54,4.5632,108.56,8.4916,2.3,464.1,10.829,6.8978,86.326,29.573,9.3305
4.0,55.0,1.5,103.5,4.2735,4.8,70.934,25.722,8.2025,60.444,4.9036,1.7756,387.66,6.4792,6.3518,86.326,29.573,9.3305
4.0,56.0,1.5,105.0,8.33,2.5,88.872,18.584,5.1336,68.08,4.14,2.8796,223.86,9.373,14.378,61.6,19.8,5.53
4.0,57.0,1.5,106.5,4.2735,1.0,70.934,25.722,8.2025,55.844,1.9412,3.5236,112.84,3.094,19.656,108.0,29.573,9.3305
4.0,58.0,1.5,108.0,5.42,0.5,-91.08,20.516,4.5632,51.52,1.2328,3.5236,58.24,1.0556,21.294,125.0,23.8,5.58
4.0,59.0,1.5,109.5,4.2735,4.8,70.934,25.722,8.2025,35.604,0.414,2.7324,37.856,58.363,18.382,86.326,29.573,9.3305
4.0,60.0,1.5,111.0,5.0,4.8,106.72,20.976,4.0572,28.244,0.27876,0.30084,17.199,58.363,3.2032,86.326,29.573,9.3305
4.0,61.0,1.5,112.5,4.2735,4.8,70.934,25.722,8.2025,26.312,38.518,0.17756,5.5146,58.363,2.8392,86.326,29.573,9.3305
4.0,62.0,1.5,114.0,0.42,4.8,103.96,19.78,3.5328,25.576,38.518,9.0153,4.4044,58.363,10.44,86.326,29.573,9.3305
4.0,63.0,1.5,115.5,4.2735,4.8,70.934,25.722,8.2025,34.316,38.518,9.0153,3.1486,58.363,10.44,86.326,29.573,9.3305
4.0,64.0,1.5,117.0,2.08,4.8,86.94,16.192,2.806,34.684,38.518,9.0153,1.9474,58.363,10.44,86.326,29.573,9.3305
4.0,65.0,1.5,118.5,4.2735,4.8,70.934,25.722,8.2025,31.924,38.518,9.0153,140.64,58.363,10.44,86.326,29.573,9.3305
4.0,66.0,1.5,120.0,1.25,2.5,86.664,13.064,2.4748,21.528,38.518,9.0153,140.64,58.363,10.44,64.9,13.8,2.71
4.0,67.0,1.5,121.5,4.2735,1.0,70.934,25.722,8.2025,25.576,38.518,9.0153,140.64,58.363,10.44,105.0,29.573,9.3305
4.0,68.0,1.5,123.0,2.92,0.5,65.596,15.18,1.7756,14.444,38.518,9.0153,140.64,58.363,10.44,112.0,15.0,2.59
4.0,69.0,1.5,124.5,4.2735,4.8,70.934,25.722,8.2025,23.0,38.518,9.0153,140.64,58.363,10.44,86.326,29.573,9.3305
4.0,70.0,1.5,126.0,2.08,4.8,47.748,6.3112,0.874,17.296,38.518,9.0153,140.64,58.363,10.44,86.326,29.573,9.3305
4.0,71.0,1.5,127.5,4.2735,4.8,70.934,25.722,8.2025,12.144,38.518,9.0153,140.64,58.363,10.44,86.326,29.573,9.3305
4.0,72.0,1.5,129.0,2.5,4.8,27.048,3.91,0.5612,4.1676,38.518,9.0153,140.64,58.363,10.44,86.326,29.573,9.3305
4.0,73.0,1.5,130.5,4.2735,4.8,70.934,25.722,8.2025,1.3156,38.518,9.0153,140.64,58.363,10.44,86.326,29.573,9.3305
4.0,74.0,1.5,132.0,2.08,4.8,8.28,3.3396,0.3772,0.414,38.518,9.0153,140.64,58.363,10.44,86.326,29.573,9.3305
4.0,75.0,1.5,133.5,4.2735,4.8,70.934,25.722,8.2025,0.3128,38.518,9.0153,140.64,58.363,10.44,86.326,29.573,9.3305
4.0,76.0,1.5,135.0,2.08,2.5,7.4888,2.116,0.18124,102.57,38.518,9.0153,140.64,58.363,10.44,5.97,1.89,0.235
4.0,77.0,1.5,136.5,4.2735,1.0,70.934,25.722,8.2025,102.57,38.518,9.0153,140.64,58.363,10.44,10.0,29.573,9.3305
4.0,78.0,1.5,138.0,0.42,0.5,7.6452,1.0672,8.2025,102.57,38.518,9.0153,140.64,58.363,10.44,11.0,2.41,0.153
4.0,79.0,1.5,139.5,4.2735,4.8,70.934,25.722,8.2025,102.57,38.518,9.0153,140.64,58.363,10.44,86.326,29.573,9.3305
4.0,80.0,1.5,141.0,4.2735,4.8,3.1556,1.2604,8.2025,102.57,38.518,9.0153,140.64,58.363,10.44,86.326,29.573,9.3305
4.0,81.0,1.5,142.5,4.2735,4.8,70.934,25.722,8.2025,102.57,38.518,9.0153,140.64,58.363,10.44,86.326,29.573,9.3305
4.0,82.0,1.5,144.0,0.83,4.8,2.7048,0.31648,8.2025,102.57,38.518,9.0153,140.64,58.363,10.44,86.326,29.573,9.3305
4.0,83.0,1.5,145.5,4.2735,4.8,70.934,25.722,8.2025,102.57,38.518,9.0153,140.64,58.363,10.44,86.326,29.573,9.3305
4.0,84.0,1.5,147.0,0.42,4.8,4.2504,0.23276,8.2025,102.57,38.518,9.0153,140.64,58.363,10.44,86.326,29.573,9.3305
4.0,85.0,1.5,148.5,4.2735,4.8,70.934,25.722,8.2025,102.57,38.518,9.0153,140.64,58.363,10.44,86.326,29.573,9.3305
4.0,86.0,1.5,150.0,4.2735,2.5,5.2256,25.722,8.2025,102.57,38.518,9.0153,140.64,58.363,10.44,4.09,29.573,9.3305
4.0,87.0,1.5,151.5,4.2735,1.0,70.934,25.722,8.2025,102.57,38.518,9.0153,140.64,58.363,10.44,5.8,29.573,9.3305
4.0,88.0,1.5,153.0,4.2735,0.5,2.2724,25.722,8.2025,102.57,38.518,9.0153,140.64,58.363,10.44,4.56,29.573,9.3305
4.0,89.0,1.5,154.5,4.2735,4.8,70.934,25.722,8.2025,102.57,38.518,9.0153,140.64,58.363,10.44,86.326,29.573,9.3305
4.0,90.0,1.5,156.0,4.2735,4.8,0.1012,25.722,8.2025,102.57,38.518,9.0153,140.64,58.363,10.44,86.326,29.573,9.3305
4.0,91.0,1.5,157.5,4.2735,4.8,70.934,25.722,8.2025,102.57,38.518,9.0153,140.64,58.363,10.44,86.326,29.573,9.3305
4.0,92.0,1.5,159.0,4.2735,4.8,0.29532,25.722,8.2025,102.57,38.518,9.0153,140.64,58.363,10.44,86.326,29.573,9.3305
4.0,93.0,1.5,160.5,4.2735,4.8,70.934,25.722,8.2025,102.57,38.518,9.0153,140.64,58.363,10.44,86.326,29.573,9.3305
5.0,31.0,1.5,67.5,4.2735,4.8,74.789,27.12,8.6483,110.38,41.448,9.7012,151.46,62.852,11.243,86.326,29.573,9.3305
5.0,32.0,1.5,69.0,0.42,4.8,74.789,27.12,8.6483,110.38,41.448,9.7012,151.46,62.852,11.243,86.326,29.573,9.3305
5.0,33.0,1.5,70.5,4.2735,4.8,74.789,27.12,8.6483,110.38,41.448,9.7012,151.46,62.852,11.243,86.326,29.573,9.3305
5.0,34.0,1.5,72.0,4.2735,4.8,74.789,27.12,8.6483,110.38,41.448,9.7012,151.46,62.852,11.243,86.326,29.573,9.3305
5.0,35.0,1.5,73.5,4.2735,4.8,74.789,27.12,8.6483,110.38,41.448,9.7012,151.46,62.852,11.243,86.326,29.573,9.3305
5.0,36.0,1.5,75.0,4.2735,4.8,74.789,27.12,8.6483,110.38,41.448,9.7012,151.46,62.852,11.243,86.326,29.573,9.3305
5.0,37.0,1.5,76.5,4.2735,4.8,74.789,27.12,8.6483,110.38,41.448,9.7012,151.46,62.852,11.243,86.326,29.573,9.3305
5.0,38.0,1.5,78.0,0.42,4.8,74.789,27.12,8.6483,110.38,41.448,9.7012,151.46,62.852,11.243,86.326,29.573,9.3305
5.0,39.0,1.5,79.5,4.2735,4.8,74.789,27.12,8.6483,110.38,41.448,9.7012,151.46,62.852,11.243,86.326,29.573,9.3305
5.0,40.0,1.5,81.0,0.83,4.8,1.2416,27.12,8.6483,110.38,41.448,9.7012,151.46,62.852,11.243,86.326,29.573,9.3305
5.0,41.0,1.5,82.5,4.2735,4.8,74.789,27.12,8.6483,110.38,41.448,9.7012,151.46,62.852,11.243,86.326,29.573,9.3305
5.0,42.0,1.5,84.0,1.24,4.8,5.3932,27.12,8.6483,110.38,41.448,9.7012,151.46,62.852,11.243,86.326,29.573,9.3305
5.0,43.0,1.5,85.5,4.2735,4.8,74.789,27.12,8.6483,0.36333,41.448,9.7012,151.46,62.852,11.243,86.326,29.573,9.3305
5.0,44.0,1.5,87.0,2.9,4.8,21.243,0.1649,8.6483,1.9701,41.448,9.7012,5.488,62.852,11.243,86.326,29.573,9.3305
5.0,45.0,1.5,88.5,4.2735,4.8,74.789,27.12,8.6483,8.0883,41.448,9.7012,42.728,62.852,11.243,86.326,29.573,9.3305
5.0,46.0,1.5,90.0,3.32,2.5,40.158,6.6736,8.6483,14.157,1.1385,9.7012,37.24,5.782,11.243,18.3,3.33,9.3305
5.0,47.0,1.5,91.5,4.2735,1.0,74.789,27.12,8.6483,18.81,2.1681,9.7012,9.898,12.054,11.243,71.3,29.573,9.3305
5.0,48.0,1.5,93.0,7.88,0.5,102.82,14.841,8.6483,22.77,8.316,9.7012,8.1144,41.474,11.243,112.0,6.15,9.3305
5.0,49.0,1.5,94.5,4.2735,4.8,74.789,27.12,8.6483,12.375,13.068,0.1683,13.622,61.936,11.243,86.326,29.573,9.3305
5.0,50.0,1.5,96.0,9.13,4.8,184.3,75.175,2.0467,25.839,16.137,1.7721,25.088,51.94,11.243,86.326,29.573,9.3305
5.0,51.0,1.5,97.5,4.2735,4.8,74.789,27.12,8.6483,26.433,39.897,2.3958,64.288,78.204,11.243,86.326,29.573,9.3305
5.0,52.0,1.5,99.0,9.96,4.8,307.49,183.33,19.691,161.37,130.68,9.2763,166.6,246.96,7.5656,86.326,29.573,9.3305
5.0,53.0,1.5,100.5,4.2735,4.8,74.789,27.12,8.6483,226.71,190.08,24.948,201.88,325.36,25.872,86.326,29.573,9.3305
5.0,54.0,1.5,102.0,14.52,4.8,315.25,264.81,99.91,297.0,243.54,69.003,288.12,458.64,22.54,86.326,29.573,9.3305
5.0,55.0,1.5,103.5,4.2735,4.8,74.789,27.12,8.6483,389.07,250.47,60.093,476.28,392.0,23.716,86.326,29.573,9.3305
5.0,56.0,1.5,105.0,18.25,2.5,411.28,274.51,132.89,408.87,240.57,73.557,517.44,466.48,19.306,141.0,147.0,104.0
5.0,57.0,1.5,106.5,4.2735,1.0,74.789,27.12,8.6483,551.43,281.16,66.627,638.96,433.16,22.344,783.0,29.573,9.3305
5.0,58.0,1.5,108.0,8.3,0.5,479.18,248.32,73.235,633.6,269.28,45.54,580.16,362.6,8.3692,1225.0,482.0,158.0
5.0,59.0,1.5,109.5,4.2735,4.8,74.789,27.12,8.6483,626.67,291.06,14.355,474.32,290.08,6.076,86.326,29.573,9.3305
5.0,60.0,1.5,111.0,6.64,4.8,414.19,202.73,29.876,402.93,255.42,4.8213,454.72,171.5,2.744,86.326,29.573,9.3305
5.0,61.0,1.5,112.5,4.2735,4.8,74.789,27.12,8.6483,386.1,159.39,0.70587,227.36,18.914,1.176,86.326,29.573,9.3305
5.0,62.0,1.5,114.0,7.88,4.8,374.42,68.676,2.1728,445.5,114.84,0.18513,118.58,62.852,11.243,86.326,29.573,9.3305
5.0,63.0,1.5,115.5,4.2735,4.8,74.789,27.12,8.6483,339.57,68.013,9.7012,38.22,62.852,11.243,86.326,29.573,9.3305
5.0,64.0,1.5,117.0,2.9,4.8,274.51,19.206,0.33368,313.83,26.433,9.7012,14.504,62.852,11.243,86.326,29.573,9.3305
5.0,65.0,1.5,118.5,4.2735,4.8,74.789,27.12,8.6483,235.62,9.9,9.7012,1.0094,62.852,11.243,86.326,29.573,9.3305
5.0,66.0,1.5,120.0,3.32,59.6,117.37,2.3959,8.6483,200.97,2.2572,9.7012,151.46,62.852,11.243,1.87,29.573,9.3305
5.0,67.0,1.5,121.5,4.2735,161.0,74.789,27.12,8.6483,140.58,0.2376,9.7012,151.46,62.852,11.243,86.326,29.573,9.3305
5.0,68.0,1.5,123.0,0.83,264.0,19.303,0.65087,8.6483,20.394,0.17523,9.7012,151.46,62.852,11.243,1.7,29.573,9.3305
5.0,69.0,1.5,124.5,4.2735,4.8,74.789,27.12,8.6483,4.257,0.1485,9.7012,151.46,62.852,11.243,86.326,29.573,9.3305
5.0,70.0,1.5,126.0,0.42,4.8,0.71489,0.23183,8.6483,0.35937,0.4851,9.7012,151.46,62.852,11.243,86.326,29.573,9.3305
5.0,71.0,1.5,127.5,4.2735,4.8,74.789,27.12,8.6483,110.38,41.448,9.7012,151.46,62.852,11.243,86.326,29.573,9.3305
5.0,72.0,1.5,129.0,0.42,4.8,0.37345,0.1552,8.6483,110.38,41.448,9.7012,151.46,62.852,11.243,86.326,29.573,9.3305
5.0,73.0,1.5,130.5,4.2735,4.8,74.789,27.12,8.6483,110.38,41.448,9.7012,151.46,62.852,11.243,86.326,29.573,9.3305
5.0,74.0,1.5,132.0,0.42,4.8,74.789,0.16102,8.6483,110.38,41.448,9.7012,151.46,62.852,11.243,86.326,29.573,9.3305
5.0,75.0,1.5,133.5,4.2735,4.8,74.789,27.12,8.6483,110.38,41.448,9.7012,151.46,62.852,11.243,86.326,29.573,9.3305
6.0,25.0,1.5,58.5,4.2735,4.8,74.018,26.841,8.5592,109.26,41.03,9.6032,149.91,62.211,11.128,86.326,29.573,9.3305
6.0,26.0,1.5,60.0,0.83,4.8,74.018,26.841,8.5592,109.26,41.03,9.6032,149.91,62.211,11.128,86.326,29.573,9.3305
6.0,27.0,1.5,61.5,4.2735,4.8,74.018,26.841,8.5592,109.26,41.03,9.6032,149.91,62.211,11.128,86.326,29.573,9.3305
6.0,28.0,1.5,63.0,2.08,4.8,74.018,26.841,8.5592,109.26,41.03,9.6032,149.91,62.211,11.128,86.326,29.573,9.3305
6.0,29.0,1.5,64.5,4.2735,4.8,74.018,26.841,8.5592,109.26,41.03,9.6032,149.91,62.211,11.128,86.326,29.573,9.3305
6.0,30.0,1.5,66.0,1.25,4.8,0.96,26.841,8.5592,109.26,41.03,9.6032,149.91,62.211,11.128,86.326,29.573,9.3305
6.0,31.0,1.5,67.5,4.2735,4.8,74.018,26.841,8.5592,109.26,41.03,9.6032,149.91,62.211,11.128,86.326,29.573,9.3305
6.0,32.0,1.5,69.0,2.92,4.8,5.0592,26.841,8.5592,1.078,41.03,9.6032,149.91,62.211,11.128,86.326,29.573,9.3305
6.0,33.0,1.5,70.5,4.2735,4.8,74.018,26.841,8.5592,2.4206,41.03,9.6032,149.91,62.211,11.128,86.326,29.573,9.3305
6.0,34.0,1.5,72.0,5.42,4.8,13.728,26.841,8.5592,4.802,41.03,9.6032,2.6772,62.211,11.128,86.326,29.573,9.3305
6.0,35.0,1.5,73.5,4.2735,4.8,74.018,26.841,8.5592,5.9486,41.03,9.6032,12.513,62.211,11.128,86.326,29.573,9.3305
6.0,36.0,1.5,75.0,3.33,2.5,16.704,0.41568,8.5592,9.4374,41.03,9.6032,17.169,62.211,11.128,12.5,0.28,9.3305
6.0,37.0,1.5,76.5,4.2735,1.0,74.018,26.841,8.5592,18.62,0.2058,9.6032,30.264,62.211,11.128,17.2,29.573,9.3305
6.0,38.0,1.5,78.0,11.25,0.5,33.696,1.2768,0.03744,58.8,1.0192,9.6032,33.562,62.211,11.128,16.4,0.351,9.3305
6.0,39.0,1.5,79.5,4.2735,4.8,74.018,26.841,8.5592,107.8,2.7636,9.6032,100.88,0.8536,11.128,86.326,29.573,9.3305
6.0,40.0,1.5,81.0,7.08,4.8,63.168,8.3424,0.53952,143.08,8.5946,0.08526,186.24,1.6878,11.128,86.326,29.573,9.3305
6.0,41.0,1.5,82.5,4.2735,4.8,74.018,26.841,8.5592,187.18,18.62,0.3528,322.04,1.7266,11.128,86.326,29.573,9.3305
6.0,42.0,1.5,84.0,8.33,4.8,102.72,25.248,2.6784,267.54,36.946,1.5386,306.52,1.3968,11.128,86.326,29.573,9.3305
6.0,43.0,1.5,85.5,4.2735,4.8,74.018,26.841,8.5592,263.62,52.626,3.0772,289.06,0.9894,11.128,86.326,29.573,9.3305
6.0,44.0,1.5,87.0,7.08,4.8,141.12,48.672,8.544,317.52,90.454,10.29,308.46,8.3032,1.2416,86.326,29.573,9.3305
6.0,45.0,1.5,88.5,4.2735,4.8,74.018,26.841,8.5592,319.48,128.38,16.856,263.84,15.908,6.9452,86.326,29.573,9.3305
6.0,46.0,1.5,90.0,11.67,2.5,196.8,59.616,18.816,379.26,133.28,35.574,351.14,27.548,15.035,105.0,45.7,17.1
6.0,47.0,1.5,91.5,4.2735,1.0,74.018,26.841,8.5592,519.4,152.88,50.274,419.04,42.68,11.931,268.0,29.573,9.3305
6.0,48.0,1.5,93.0,10.42,0.5,257.28,86.304,27.264,483.14,162.68,53.214,389.94,95.254,11.155,330.0,73.1,20.0
6.0,49.0,1.5,94.5,4.2735,4.8,74.018,26.841,8.5592,375.34,162.68,51.254,446.2,182.36,20.37,86.326,29.573,9.3305
6.0,50.0,1.5,96.0,7.91,4.8,231.36,76.512,19.68,299.88,113.68,36.26,368.6,190.12,22.892,86.326,29.573,9.3305
6.0,51.0,1.5,97.5,4.2735,4.8,74.018,26.841,8.5592,179.34,74.774,19.208,246.38,157.14,21.728,86.326,29.573,9.3305
6.0,52.0,1.5,99.0,6.67,4.8,201.6,61.728,15.456,159.74,65.366,13.72,219.22,203.7,13.289,86.326,29.573,9.3305
6.0,53.0,1.5,100.5,4.2735,4.8,74.018,26.841,8.5592,120.54,53.606,11.466,232.8,188.18,14.065,86.326,29.573,9.3305
6.0,54.0,1.5,102.0,5.42,4.8,178.56,53.088,13.92,112.7,31.752,7.1246,244.44,98.94,14.259,86.326,29.573,9.3305
6.0,55.0,1.5,103.5,4.2735,4.8,74.018,26.841,8.5592,56.84,23.912,2.0972,31.428,96.418,2.9294,86.326,29.573,9.3305
6.0,56.0,1.5,105.0,3.75,2.5,167.04,48.672,11.328,36.554,13.328,1.0388,12.998,52.574,11.128,102.0,44.0,11.7
6.0,57.0,1.5,106.5,4.2735,1.0,74.018,26.841,8.5592,8.8886,4.9,0.33614,1.5714,15.52,11.128,222.0,29.573,9.3305
6.0,58.0,1.5,108.0,0.83,0.5,139.2,36.96,8.0928,4.3806,2.2736,9.6032,1.1446,8.148,11.128,269.0,61.7,12.1
6.0,59.0,1.5,109.5,4.2735,4.8,74.018,26.841,8.5592,1.7346,0.8428,9.6032,149.91,1.8042,11.128,86.326,29.573,9.3305
6.0,60.0,1.5,111.0,1.67,4.8,84.768,19.296,3.5328,1.3426,0.39886,9.6032,149.91,1.0864,11.128,86.326,29.573,9.3305
6.0,61.0,1.5,112.5,4.2735,4.8,74.018,26.841,8.5592,0.53606,41.03,9.6032,149.91,62.211,11.128,86.326,29.573,9.3305
6.0,62.0,1.5,114.0,1.25,4.8,36.384,8.4384,0.63552,0.12054,41.03,9.6032,149.91,62.211,11.128,86.326,29.573,9.3305
6.0,63.0,1.5,115.5,4.2735,4.8,74.018,26.841,8.5592,0.17934,41.03,9.6032,149.91,62.211,11.128,86.326,29.573,9.3305
6.0,64.0,1.5,117.0,0.42,4.8,11.04,1.5744,0.192,0.3136,41.03,9.6032,149.91,62.211,11.128,86.326,29.573,9.3305
6.0,65.0,1.5,118.5,4.2735,4.8,74.018,26.841,8.5592,109.26,41.03,9.6032,149.91,62.211,11.128,86.326,29.573,9.3305
6.0,66.0,1.5,120.0,4.2735,2.5,2.6016,0.09792,8.5592,109.26,41.03,9.6032,149.91,62.211,11.128,2.96,0.092,9.3305
6.0,67.0,1.5,121.5,4.2735,1.0,74.018,26.841,8.5592,109.26,41.03,9.6032,149.91,62.211,11.128,1.61,29.573,9.3305
6.0,68.0,1.5,123.0,4.2735,0.5,0.42432,26.841,8.5592,109.26,41.03,9.6032,149.91,62.211,11.128,1.0,0.046,9.3305
6.0,69.0,1.5,124.5,4.2735,4.8,74.018,26.841,8.5592,109.26,41.03,9.6032,149.91,62.211,11.128,86.326,29.573,9.3305
6.0,70.0,1.5,126.0,4.2735,4.8,0.05376,26.841,8.5592,109.26,41.03,9.6032,149.91,62.211,11.128,86.326,29.573,9.3305
6.0,71.0,1.5,127.5,4.2735,4.8,74.018,26.841,8.5592,109.26,41.03,9.6032,149.91,62.211,11.128,86.326,29.573,9.3305
6.0,72.0,1.5,129.0,4.2735,4.8,74.018,26.841,8.5592,109.26,41.03,9.6032,149.91,62.211,11.128,86.326,29.573,9.3305
6.0,73.0,1.5,130.5,4.2735,4.8,74.018,26.841,8.5592,109.26,41.03,9.6032,149.91,62.211,11.128,86.326,29.573,9.3305
6.0,74.0,1.5,132.0,4.2735,4.8,74.018,26.841,8.5592,109.26,41.03,9.6032,149.91,62.211,11.128,86.326,29.573,9.3305
6.0,75.0,1.5,133.5,4.2735,4.8,74.018,26.841,8.5592,109.26,41.03,9.6032,149.91,62.211,11.128,86.326,29.573,9.3305
6.0,76.0,1.5,135.0,0.42,4.8,74.018,26.841,8.5592,109.26,41.03,9.6032,149.91,62.211,11.128,86.326,29.573,9.3305
7.0,23.0,1.5,55.5,4.2735,4.8,70.934,25.722,8.2025,104.8,39.355,9.2112,146.82,60.928,10.898,86.326,29.573,9.3305
7.0,24.0,1.5,57.0,0.83,4.8,0.53268,25.722,8.2025,104.8,39.355,9.2112,146.82,60.928,10.898,86.326,29.573,9.3305
7.0,25.0,1.5,58.5,4.2735,4.8,70.934,25.722,8.2025,104.8,39.355,9.2112,146.82,60.928,10.898,86.326,29.573,9.3305
7.0,26.0,1.5,60.0,2.08,2.5,2.7968,25.722,8.2025,104.8,39.355,9.2112,146.82,60.928,10.898,3.03,29.573,9.3305
7.0,27.0,1.5,61.5,4.2735,1.0,70.934,25.722,8.2025,104.8,39.355,9.2112,146.82,60.928,10.898,2.49,29.573,9.3305
7.0,28.0,1.5,63.0,2.08,0.5,4.9036,0.1978,8.2025,104.8,39.355,9.2112,146.82,60.928,10.898,1.89,29.573,9.3305
7.0,29.0,1.5,64.5,4.2735,4.8,70.934,25.722,8.2025,104.8,39.355,9.2112,146.82,60.928,10.898,86.326,29.573,9.3305
7.0,30.0,1.5,66.0,4.16,4.8,17.48,0.8556,8.2025,104.8,39.355,9.2112,146.82,60.928,10.898,86.326,29.573,9.3305
7.0,31.0,1.5,67.5,4.2735,4.8,70.934,25.722,8.2025,104.8,39.355,9.2112,146.82,60.928,10.898,86.326,29.573,9.3305
7.0,32.0,1.5,69.0,6.25,4.8,28.796,2.99,0.05336,104.8,39.355,9.2112,146.82,60.928,10.898,86.326,29.573,9.3305
7.0,33.0,1.5,70.5,4.2735,4.8,70.934,25.722,8.2025,0.62604,39.355,9.2112,146.82,60.928,10.898,86.326,29.573,9.3305
7.0,34.0,1.5,72.0,6.67,4.8,36.708,7.8476,0.22448,1.8988,39.355,9.2112,146.82,60.928,10.898,86.326,29.573,9.3305
7.0,35.0,1.5,73.5,4.2735,4.8,70.934,25.722,8.2025,3.055,0.4324,9.2112,0.912,60.928,10.898,86.326,29.573,9.3305
7.0,36.0,1.5,75.0,2.92,2.5,53.912,13.892,1.4996,6.1758,1.88,9.2112,3.876,60.928,10.898,45.5,14.2,1.8
7.0,37.0,1.5,76.5,4.2735,1.0,70.934,25.722,8.2025,12.126,2.5098,0.16638,4.047,60.928,10.898,63.2,29.573,9.3305
7.0,38.0,1.5,78.0,9.17,0.5,82.524,19.136,4.002,23.594,4.0702,0.91838,146.82,60.928,10.898,71.5,15.2,1.44
7.0,39.0,1.5,79.5,4.2735,4.8,70.934,25.722,8.2025,35.72,5.828,2.7824,2.527,60.928,10.898,86.326,29.573,9.3305
7.0,40.0,1.5,81.0,9.58,4.8,104.88,23.828,6.6792,53.58,6.4202,2.1244,9.443,60.928,10.898,86.326,29.573,9.3305
7.0,41.0,1.5,82.5,4.2735,4.8,70.934,25.722,8.2025,63.262,14.852,1.9364,27.55,0.589,10.898,86.326,29.573,9.3305
7.0,42.0,1.5,84.0,10.42,4.8,103.04,36.708,8.3076,71.158,28.388,2.7448,38.0,0.779,10.898,86.326,29.573,9.3305
7.0,43.0,1.5,85.5,4.2735,4.8,70.934,25.722,8.2025,89.958,32.9,5.1418,50.54,1.235,10.898,86.326,29.573,9.3305
7.0,44.0,1.5,87.0,7.08,4.8,97.52,32.936,12.604,110.92,35.438,8.084,79.04,13.68,10.898,86.326,29.573,9.3305
7.0,45.0,1.5,88.5,4.2735,4.8,70.934,25.722,8.2025,144.76,36.378,10.81,168.15,11.78,10.898,86.326,29.573,9.3305
7.0,46.0,1.5,90.0,6.67,2.5,95.68,32.476,11.04,144.76,36.66,10.998,171.95,11.21,10.898,69.3,31.3,10.6
7.0,47.0,1.5,91.5,4.2735,1.0,70.934,25.722,8.2025,142.88,43.24,12.878,118.75,13.49,10.898,122.0,29.573,9.3305
7.0,48.0,1.5,93.0,6.67,0.5,84.916,32.016,7.7096,123.14,51.982,11.468,77.33,27.93,1.596,144.0,38.1,11.8
7.0,49.0,1.5,94.5,4.2735,4.8,70.934,25.722,8.2025,127.84,49.538,10.528,131.1,23.75,1.976,86.326,29.573,9.3305
7.0,50.0,1.5,96.0,7.5,4.8,93.84,24.012,4.9772,110.92,48.88,-93.06,114.95,59.28,4.465,86.326,29.573,9.3305
7.0,51.0,1.5,97.5,4.2735,4.8,70.934,25.722,8.2025,119.38,33.84,-93.06,104.5,53.77,4.332,86.326,29.573,9.3305
7.0,52.0,1.5,99.0,5.0,4.8,83.904,14.168,2.76,119.38,21.808,4.5402,114.0,27.55,4.142,86.326,29.573,9.3305
7.0,53.0,1.5,100.5,4.2735,4.8,70.934,25.722,8.2025,100.58,19.27,3.8258,150.1,22.42,4.104,86.326,29.573,9.3305
7.0,54.0,1.5,102.0,3.75,4.8,45.172,7.406,1.2236,86.48,16.168,3.1302,137.75,32.68,4.294,86.326,29.573,9.3305
7.0,55.0,1.5,103.5,4.2735,4.8,70.934,25.722,8.2025,82.062,12.784,2.0586,187.15,27.93,2.698,86.326,29.573,9.3305
7.0,56.0,1.5,105.0,3.75,2.5,26.68,4.2872,0.575,58.28,9.494,2.1244,166.25,19.19,2.584,21.0,4.62,0.695
7.0,57.0,1.5,106.5,4.2735,1.0,70.934,25.722,8.2025,31.114,6.7022,1.2408,121.6,11.78,2.736,32.8,29.573,9.3305
7.0,58.0,1.5,108.0,2.08,0.5,12.788,2.0332,0.21988,-93.06,3.9198,0.7708,104.5,5.776,10.898,30.5,4.35,0.725
7.0,59.0,1.5,109.5,4.2735,4.8,70.934,25.722,8.2025,25.286,2.914,0.42018,-94.05,8.588,10.898,86.326,29.573,9.3305
7.0,60.0,1.5,111.0,0.42,4.8,9.844,0.46,8.2025,-93.06,1.4476,9.2112,123.5,9.88,10.898,86.326,29.573,9.3305
7.0,61.0,1.5,112.5,4.2735,4.8,70.934,25.722,8.2025,18.612,0.24158,9.2112,109.25,1.292,10.898,86.326,29.573,9.3305
7.0,62.0,1.5,114.0,1.67,4.8,5.4096,0.0598,8.2025,9.87,0.06862,9.2112,59.09,60.928,10.898,86.326,29.573,9.3305
7.0,63.0,1.5,115.5,4.2735,4.8,70.934,25.722,8.2025,3.666,39.355,9.2112,23.37,60.928,10.898,86.326,29.573,9.3305
7.0,64.0,1.5,117.0,4.2735,4.8,0.55108,25.722,8.2025,1.8518,39.355,9.2112,12.825,60.928,10.898,86.326,29.573,9.3305
7.0,65.0,1.5,118.5,4.2735,4.8,70.934,25.722,8.2025,104.8,39.355,9.2112,146.82,60.928,10.898,86.326,29.573,9.3305
7.0,66.0,1.5,120.0,4.2735,4.8,70.934,25.722,8.2025,104.8,39.355,9.2112,146.82,60.928,10.898,86.326,29.573,9.3305
7.0,67.0,1.5,121.5,4.2735,4.8,70.934,25.722,8.2025,104.8,39.355,9.2112,146.82,60.928,10.898,86.326,29.573,9.3305
7.0,68.0,1.5,123.0,0.83,4.8,70.934,25.722,8.2025,104.8,39.355,9.2112,146.82,60.928,10.898,86.326,29.573,9.3305
7.0,69.0,1.5,124.5,4.2735,4.8,70.934,25.722,8.2025,104.8,39.355,9.2112,146.82,60.928,10.898,86.326,29.573,9.3305
7.0,70.0,1.5,126.0,4.2735,4.8,70.934,25.722,8.2025,104.8,39.355,9.2112,146.82,60.928,10.898,86.326,29.573,9.3305
7.0,71.0,1.5,127.5,4.2735,4.8,70.934,25.722,8.2025,104.8,39.355,9.2112,146.82,60.928,10.898,86.326,29.573,9.3305
7.0,72.0,1.5,129.0,0.42,4.8,70.934,25.722,8.2025,104.8,39.355,9.2112,146.82,60.928,10.898,86.326,29.573,9.3305
7.0,73.0,1.5,130.5,4.2735,4.8,70.934,25.722,8.2025,104.8,39.355,9.2112,146.82,60.928,10.898,86.326,29.573,9.3305
8.0,25.0,1.5,58.5,4.2735,4.8,70.163,25.443,8.1134,104.8,39.355,9.2112,146.82,60.928,10.898,86.326,29.573,9.3305
8.0,26.0,1.5,60.0,0.42,4.8,70.163,25.443,8.1134,104.8,39.355,9.2112,146.82,60.928,10.898,86.326,29.573,9.3305
8.0,27.0,1.5,61.5,4.2735,4.8,70.163,25.443,8.1134,104.8,39.355,9.2112,146.82,60.928,10.898,86.326,29.573,9.3305
8.0,28.0,1.5,63.0,1.25,4.8,70.163,25.443,8.1134,104.8,39.355,9.2112,146.82,60.928,10.898,86.326,29.573,9.3305
8.0,29.0,1.5,64.5,4.2735,4.8,70.163,25.443,8.1134,0.26978,39.355,9.2112,146.82,60.928,10.898,86.326,29.573,9.3305
8.0,30.0,1.5,66.0,1.25,4.8,0.81263,25.443,8.1134,0.45402,39.355,9.2112,146.82,60.928,10.898,86.326,29.573,9.3305
8.0,31.0,1.5,67.5,4.2735,4.8,70.163,25.443,8.1134,3.7882,39.355,9.2112,146.82,60.928,10.898,86.326,29.573,9.3305
8.0,32.0,1.5,69.0,0.83,4.8,6.2881,25.443,8.1134,10.246,39.355,9.2112,146.82,60.928,10.898,86.326,29.573,9.3305
8.0,33.0,1.5,70.5,4.2735,4.8,70.163,25.443,8.1134,20.21,0.57622,9.2112,146.82,60.928,10.898,86.326,29.573,9.3305
8.0,34.0,1.5,72.0,2.5,4.8,18.655,1.0283,8.1134,42.018,2.4722,9.2112,146.82,60.928,10.898,86.326,29.573,9.3305
8.0,35.0,1.5,73.5,4.2735,4.8,70.163,25.443,8.1134,40.702,4.794,0.1692,146.82,1.026,10.898,86.326,29.573,9.3305
8.0,36.0,1.5,75.0,3.33,2.5,27.118,5.4145,0.20748,55.46,9.3342,0.65518,3.857,6.099,10.898,27.6,5.38,0.248
8.0,37.0,1.5,76.5,4.2735,1.0,70.163,25.443,8.1134,80.182,16.544,0.9494,8.094,12.73,10.898,30.7,29.573,9.3305
8.0,38.0,1.5,78.0,6.25,0.5,51.051,11.193,1.0647,79.9,24.722,3.6002,13.965,16.34,1.767,33.5,6.03,0.196
8.0,39.0,1.5,79.5,4.2735,4.8,70.163,25.443,8.1134,71.44,35.062,5.7998,30.59,20.71,5.871,86.326,29.573,9.3305
8.0,40.0,1.5,81.0,7.92,4.8,60.515,20.202,3.3579,68.62,40.702,8.9582,43.89,21.66,7.372,86.326,29.573,9.3305
8.0,41.0,1.5,82.5,4.2735,4.8,70.163,25.443,8.1134,81.122,39.48,16.356,76.19,26.41,11.02,86.326,29.573,9.3305
8.0,42.0,1.5,84.0,11.25,4.8,76.713,25.571,8.9726,116.56,44.838,17.672,-94.05,24.7,21.85,86.326,29.573,9.3305
8.0,43.0,1.5,85.5,4.2735,4.8,70.163,25.443,8.1134,134.42,44.462,15.698,108.3,22.23,10.83,86.326,29.573,9.3305
8.0,44.0,1.5,87.0,5.83,4.8,76.713,27.118,10.647,158.86,44.838,14.852,134.9,25.27,10.45,86.326,29.573,9.3305
8.0,45.0,1.5,88.5,4.2735,4.8,70.163,25.443,8.1134,220.9,48.598,13.536,172.9,29.83,10.45,86.326,29.573,9.3305
8.0,46.0,1.5,90.0,8.75,2.5,91.91,33.397,12.103,267.9,52.922,15.322,156.75,50.35,8.93,85.4,32.5,12.1
8.0,47.0,1.5,91.5,4.2735,1.0,70.163,25.443,8.1134,234.06,57.622,17.296,167.2,78.28,9.88,164.0,29.573,9.3305
8.0,48.0,1.5,93.0,9.59,0.5,121.94,45.227,12.74,186.12,65.142,15.792,114.0,86.64,10.45,192.0,37.6,12.5
8.0,49.0,1.5,94.5,4.2735,4.8,70.163,25.443,8.1134,172.02,61.382,15.604,107.35,70.68,8.36,86.326,29.573,9.3305
8.0,50.0,1.5,96.0,9.17,4.8,116.48,43.407,10.829,175.78,56.118,9.2778,109.25,42.56,8.55,86.326,29.573,9.3305
8.0,51.0,1.5,97.5,4.2735,4.8,70.163,25.443,8.1134,136.3,38.258,5.5742,66.69,27.74,4.693,86.326,29.573,9.3305
8.0,52.0,1.5,99.0,6.25,4.8,128.31,31.304,6.7158,124.08,24.816,3.1302,66.31,21.09,3.382,86.326,29.573,9.3305
8.0,53.0,1.5,100.5,4.2735,4.8,70.163,25.443,8.1134,82.438,10.434,1.0058,69.35,11.97,1.14,86.326,29.573,9.3305
8.0,54.0,1.5,102.0,8.75,4.8,129.22,18.655,2.4752,62.04,4.136,0.12502,71.25,15.01,10.898,86.326,29.573,9.3305
8.0,55.0,1.5,103.5,4.2735,4.8,70.163,25.443,8.1134,47.94,2.444,9.2112,53.96,8.778,10.898,86.326,29.573,9.3305
8.0,56.0,1.5,105.0,4.58,2.5,93.73,7.4074,0.85176,31.678,3.2242,9.2112,42.37,13.585,10.898,54.9,7.85,0.884
8.0,57.0,1.5,106.5,4.2735,1.0,70.163,25.443,8.1134,12.784,1.316,9.2112,32.49,6.023,10.898,90.3,29.573,9.3305
8.0,58.0,1.5,108.0,4.58,0.5,69.979,1.4105,0.18837,5.6118,39.355,9.2112,21.66,1.007,10.898,101.0,7.28,0.884
8.0,59.0,1.5,109.5,4.2735,4.8,70.163,25.443,8.1134,3.666,39.355,9.2112,23.94,60.928,10.898,86.326,29.573,9.3305
8.0,60.0,1.5,111.0,2.08,4.8,34.216,0.3731,8.1134,6.6458,39.355,9.2112,37.24,60.928,10.898,86.326,29.573,9.3305
8.0,61.0,1.5,112.5,4.2735,4.8,70.163,25.443,8.1134,5.1982,39.355,9.2112,34.2,60.928,10.898,86.326,29.573,9.3305
8.0,62.0,1.5,114.0,1.67,4.8,12.012,0.09919,8.1134,5.5742,39.355,9.2112,32.49,60.928,10.898,86.326,29.573,9.3305
8.0,63.0,1.5,115.5,4.2735,4.8,70.163,25.443,8.1134,3.666,39.355,9.2112,23.37,60.928,10.898,86.326,29.573,9.3305
8.0,64.0,1.5,117.0,0.42,4.8,5.3599,25.443,8.1134,0.987,39.355,9.2112,8.018,60.928,10.898,86.326,29.573,9.3305
8.0,65.0,1.5,118.5,4.2735,4.8,70.163,25.443,8.1134,104.8,39.355,9.2112,146.82,60.928,10.898,86.326,29.573,9.3305
8.0,66.0,1.5,120.0,1.25,2.5,0.75803,25.443,8.1134,104.8,39.355,9.2112,146.82,60.928,10.898,0.026,29.573,9.3305
8.0,67.0,1.5,121.5,4.2735,1.0,70.163,25.443,8.1134,104.8,39.355,9.2112,146.82,60.928,10.898,0.33,29.573,9.3305
8.0,68.0,1.5,123.0,0.42,0.5,0.25298,25.443,8.1134,104.8,39.355,9.2112,146.82,60.928,10.898,0.297,29.573,9.3305
8.0,69.0,1.5,124.5,4.2735,4.8,70.163,25.443,8.1134,104.8,39.355,9.2112,146.82,60.928,10.898,86.326,29.573,9.3305
8.0,70.0,1.5,126.0,0.83,4.8,70.163,25.443,8.1134,104.8,39.355,9.2112,146.82,60.928,10.898,86.326,29.573,9.3305
8.0,71.0,1.5,127.5,4.2735,4.8,70.163,25.443,8.1134,104.8,39.355,9.2112,146.82,60.928,10.898,86.326,29.573,9.3305
8.0,72.0,1.5,129.0,0.83,4.8,70.163,25.443,8.1134,104.8,39.355,9.2112,146.82,60.928,10.898,86.326,29.573,9.3305
8.0,73.0,1.5,130.5,4.2735,4.8,70.163,25.443,8.1134,104.8,39.355,9.2112,146.82,60.928,10.898,86.326,29.573,9.3305
9.0,9.0,1.5,34.5,4.2735,4.8,74.018,26.841,8.5592,108.15,40.611,9.5052,151.46,62.852,11.243,86.326,29.573,9.3305
9.0,10.0,1.5,36.0,4.2735,4.8,0.17376,26.841,8.5592,108.15,40.611,9.5052,151.46,62.852,11.243,86.326,29.573,9.3305
9.0,11.0,1.5,37.5,4.2735,4.8,74.018,26.841,8.5592,108.15,40.611,9.5052,151.46,62.852,11.243,86.326,29.573,9.3305
9.0,12.0,1.5,39.0,4.2735,4.8,1.824,26.841,8.5592,108.15,40.611,9.5052,151.46,62.852,11.243,86.326,29.573,9.3305
9.0,13.0,1.5,40.5,4.2735,4.8,74.018,26.841,8.5592,108.15,40.611,9.5052,151.46,62.852,11.243,86.326,29.573,9.3305
9.0,14.0,1.5,42.0,4.2735,4.8,10.08,0.03936,8.5592,108.15,40.611,9.5052,151.46,62.852,11.243,86.326,29.573,9.3305
9.0,15.0,1.5,43.5,4.2735,4.8,74.018,26.841,8.5592,0.07469,40.611,9.5052,151.46,62.852,11.243,86.326,29.573,9.3305
9.0,16.0,1.5,45.0,0.42,4.8,22.752,1.3152,8.5592,0.57521,40.611,9.5052,151.46,62.852,11.243,86.326,29.573,9.3305
9.0,17.0,1.5,46.5,4.2735,2.5,74.018,26.841,8.5592,2.1922,40.611,9.5052,151.46,62.852,11.243,21.3,1.79,9.3305
9.0,18.0,1.5,48.0,3.33,1.0,41.664,2.688,0.05472,5.4029,40.611,9.5052,0.8624,62.852,11.243,24.4,29.573,9.3305
9.0,19.0,1.5,49.5,4.2735,0.5,74.018,26.841,8.5592,19.691,40.611,9.5052,15.778,62.852,11.243,23.7,0.741,9.3305
9.0,20.0,1.5,51.0,2.08,4.8,55.104,6.576,0.64608,30.458,40.611,9.5052,38.416,62.852,11.243,86.326,29.573,9.3305
9.0,21.0,1.5,52.5,4.2735,4.8,74.018,26.841,8.5592,64.02,40.611,9.5052,107.8,62.852,11.243,86.326,29.573,9.3305
9.0,22.0,1.5,54.0,3.75,4.8,66.528,12.864,1.968,83.711,1.4453,9.5052,91.924,2.0188,0.6272,86.326,29.573,9.3305
9.0,23.0,1.5,55.5,4.2735,4.8,74.018,26.841,8.5592,104.76,2.3862,9.5052,119.56,4.4688,2.058,86.326,29.573,9.3305
9.0,24.0,1.5,57.0,5.0,4.8,101.76,16.992,4.272,109.61,5.9849,0.3104,207.76,19.6,1.9796,86.326,29.573,9.3305
9.0,25.0,1.5,58.5,4.2735,4.8,74.018,26.841,8.5592,113.49,16.102,0.56939,299.88,78.008,5.488,86.326,29.573,9.3305
9.0,26.0,1.5,60.0,4.58,2.5,130.56,28.128,5.0016,95.351,23.862,1.3968,239.12,105.84,7.3892,101.0,23.1,4.89
9.0,27.0,1.5,61.5,4.2735,1.0,74.018,26.841,8.5592,91.859,35.211,2.8227,161.7,113.68,11.956,156.0,29.573,9.3305
9.0,28.0,1.5,63.0,7.92,0.5,142.08,46.272,7.8144,91.18,44.329,3.5211,135.24,118.58,15.288,173.0,30.2,5.6
9.0,29.0,1.5,64.5,4.2735,4.8,74.018,26.841,8.5592,98.94,45.299,7.372,155.82,114.66,32.928,86.326,29.573,9.3305
9.0,30.0,1.5,66.0,10.42,4.8,146.88,55.392,12.192,100.88,45.299,11.931,158.76,121.52,35.476,86.326,29.573,9.3305
9.0,31.0,1.5,67.5,4.2735,4.8,74.018,26.841,8.5592,106.7,41.031,13.871,237.16,107.8,31.948,86.326,29.573,9.3305
9.0,32.0,1.5,69.0,11.25,4.8,167.04,56.832,16.704,103.79,38.509,15.52,254.8,78.4,28.616,86.326,29.573,9.3305
9.0,33.0,1.5,70.5,4.2735,4.8,74.018,26.841,8.5592,127.07,41.71,17.169,221.48,47.236,19.012,86.326,29.573,9.3305
9.0,34.0,1.5,72.0,8.33,4.8,169.92,49.056,15.936,142.59,47.239,16.393,133.28,51.94,16.268,86.326,29.573,9.3305
9.0,35.0,1.5,73.5,4.2735,4.8,74.018,26.841,8.5592,151.32,51.119,14.065,94.864,32.928,13.132,86.326,29.573,9.3305
9.0,36.0,1.5,75.0,7.5,2.5,148.8,45.792,13.728,167.81,49.179,11.64,124.46,14.7,3.1556,112.0,41.0,12.7
9.0,37.0,1.5,76.5,4.2735,1.0,74.018,26.841,8.5592,170.72,45.59,9.506,126.42,5.7232,3.332,174.0,29.573,9.3305
9.0,38.0,1.5,78.0,7.92,0.5,123.84,38.784,10.752,191.09,47.239,10.476,98.98,4.6256,2.45,201.0,52.9,14.2
9.0,39.0,1.5,79.5,4.2735,4.8,74.018,26.841,8.5592,177.51,51.41,11.64,51.744,4.6256,1.6072,86.326,29.573,9.3305
9.0,40.0,1.5,81.0,7.08,4.8,94.752,36.672,5.5584,149.38,53.641,9.6321,39.2,1.176,1.1564,86.326,29.573,9.3305
9.0,41.0,1.5,82.5,4.2735,4.8,74.018,26.841,8.5592,125.13,43.941,8.633,35.672,0.5488,0.8036,86.326,29.573,9.3305
9.0,42.0,1.5,84.0,7.08,4.8,78.432,22.944,4.4832,120.28,35.211,9.506,54.292,62.852,11.243,86.326,29.573,9.3305
9.0,43.0,1.5,85.5,4.2735,4.8,74.018,26.841,8.5592,110.58,30.361,9.797,52.92,62.852,11.243,86.326,29.573,9.3305
9.0,44.0,1.5,87.0,3.75,4.8,67.776,11.616,3.1392,91.859,21.922,7.76,78.4,62.852,11.243,86.326,29.573,9.3305
9.0,45.0,1.5,88.5,4.2735,4.8,74.018,26.841,8.5592,74.69,18.042,4.0449,56.84,62.852,11.243,86.326,29.573,9.3305
9.0,46.0,1.5,90.0,4.17,2.5,38.784,6.4608,0.4608,56.26,12.222,0.9215,35.476,62.852,11.243,32.7,5.88,0.618
9.0,47.0,1.5,91.5,4.2735,1.0,74.018,26.841,8.5592,31.719,7.663,0.08439,18.326,62.852,11.243,44.5,29.573,9.3305
9.0,48.0,1.5,93.0,2.5,0.5,14.016,2.8032,8.5592,16.878,2.4153,9.5052,151.46,62.852,11.243,44.5,7.83,0.369
9.0,49.0,1.5,94.5,4.2735,4.8,74.018,26.841,8.5592,8.245,0.74399,9.5052,151.46,62.852,11.243,86.326,29.573,9.3305
9.0,50.0,1.5,96.0,4.2735,4.8,5.3472,0.65856,8.5592,3.0361,0.41031,9.5052,151.46,62.852,11.243,86.326,29.573,9.3305
9.0,51.0,1.5,97.5,4.2735,4.8,74.018,26.841,8.5592,0.33659,40.611,9.5052,151.46,62.852,11.243,86.326,29.573,9.3305
9.0,52.0,1.5,99.0,4.2735,4.8,2.2272,0.12192,8.5592,0.11349,40.611,9.5052,151.46,62.852,11.243,86.326,29.573,9.3305
9.0,53.0,1.5,100.5,4.2735,4.8,74.018,26.841,8.5592,0.06499,40.611,9.5052,151.46,62.852,11.243,86.326,29.573,9.3305
9.0,54.0,1.5,102.0,1.25,4.8,3.5328,26.841,8.5592,108.15,40.611,9.5052,151.46,62.852,11.243,86.326,29.573,9.3305
9.0,55.0,1.5,103.5,4.2735,4.8,74.018,26.841,8.5592,108.15,40.611,9.5052,151.46,62.852,11.243,86.326,29.573,9.3305
9.0,56.0,1.5,105.0,4.2735,2.5,2.7072,26.841,8.5592,108.15,40.611,9.5052,151.46,62.852,11.243,2.73,29.573,9.3305
9.0,57.0,1.5,106.5,4.2735,1.0,74.018,26.841,8.5592,108.15,40.611,9.5052,151.46,62.852,11.243,2.26,29.573,9.3305
9.0,58.0,1.5,108.0,0.83,0.5,0.264,26.841,8.5592,108.15,40.611,9.5052,151.46,62.852,11.243,0.686,29.573,9.3305
9.0,59.0,1.5,109.5,4.2735,4.8,74.018,26.841,8.5592,108.15,40.611,9.5052,151.46,62.852,11.243,86.326,29.573,9.3305
9.0,60.0,1.5,111.0,4.2735,4.8,74.018,26.841,8.5592,108.15,40.611,9.5052,151.46,62.852,11.243,86.326,29.573,9.3305
9.0,61.0,1.5,112.5,4.2735,4.8,74.018,26.841,8.5592,108.15,40.611,9.5052,151.46,62.852,11.243,86.326,29.573,9.3305
9.0,62.0,1.5,114.0,0.42,4.8,74.018,26.841,8.5592,108.15,40.611,9.5052,151.46,62.852,11.243,86.326,29.573,9.3305
9.0,63.0,1.5,115.5,4.2735,4.8,74.018,26.841,8.5592,108.15,40.611,9.5052,151.46,62.852,11.243,86.326,29.573,9.3305
9.0,63.0,1.5,115.5,4.2735,4.8,74.018,26.841,8.5592,108.15,40.611,9.5052,151.46,62.852,11.243,86.326,29.573,9.3305
9.0,64.0,1.5,117.0,4.2735,4.8,74.018,26.841,8.5592,108.15,40.611,9.5052,151.46,62.852,11.243,86.326,29.573,9.3305
9.0,65.0,1.5,118.5,4.2735,4.8,74.018,26.841,8.5592,108.15,40.611,9.5052,151.46,62.852,11.243,86.326,29.573,9.3305
9.0,66.0,1.5,120.0,4.2735,4.8,74.018,26.841,8.5592,108.15,40.611,9.5052,151.46,62.852,11.243,86.326,29.573,9.3305
9.0,67.0,1.5,121.5,4.2735,4.8,74.018,26.841,8.5592,108.15,40.611,9.5052,151.46,62.852,11.243,86.326,29.573,9.3305
9.0,68.0,1.5,123.0,4.2735,4.8,74.018,26.841,8.5592,108.15,40.611,9.5052,151.46,62.852,11.243,86.326,29.573,9.3305
9.0,69.0,1.5,124.5,4.2735,4.8,74.018,26.841,8.5592,108.15,40.611,9.5052,151.46,62.852,11.243,86.326,29.573,9.3305
9.0,70.0,1.5,126.0,4.2735,4.8,74.018,26.841,8.5592,108.15,40.611,9.5052,151.46,62.852,11.243,86.326,29.573,9.3305
9.0,71.0,1.5,127.5,4.2735,4.8,74.018,26.841,8.5592,108.15,40.611,9.5052,151.46,62.852,11.243,86.326,29.573,9.3305
9.0,72.0,1.5,129.0,4.2735,4.8,74.018,26.841,8.5592,108.15,40.611,9.5052,151.46,62.852,11.243,86.326,29.573,9.3305
9.0,73.0,1.5,130.5,4.2735,4.8,74.018,26.841,8.5592,108.15,40.611,9.5052,151.46,62.852,11.243,86.326,29.573,9.3305
9.0,74.0,1.5,132.0,4.2735,4.8,74.018,26.841,8.5592,108.15,40.611,9.5052,151.46,62.852,11.243,86.326,29.573,9.3305
9.0,75.0,1.5,133.5,4.2735,4.8,74.018,26.841,8.5592,108.15,40.611,9.5052,151.46,62.852,11.243,86.326,29.573,9.3305
9.0,76.0,1.5,135.0,4.2735,4.8,74.018,26.841,8.5592,108.15,40.611,9.5052,151.46,62.852,11.243,86.326,29.573,9.3305
9.0,77.0,1.5,136.5,4.2735,4.8,74.018,26.841,8.5592,108.15,40.611,9.5052,151.46,62.852,11.243,86.326,29.573,9.3305
9.0,78.0,1.5,138.0,0.42,4.8,74.018,26.841,8.5592,108.15,40.611,9.5052,151.46,62.852,11.243,86.326,29.573,9.3305
10.0,11.0,1.5,37.5,4.2735,4.8,72.476,26.281,8.3809,107.03,40.192,9.4072,149.91,62.211,11.128,86.326,29.573,9.3305
10.0,12.0,1.5,39.0,0.42,4.8,0.51324,26.281,8.3809,107.03,40.192,9.4072,149.91,62.211,11.128,86.326,29.573,9.3305
10.0,13.0,1.5,40.5,4.2735,4.8,72.476,26.281,8.3809,107.03,40.192,9.4072,149.91,62.211,11.128,86.326,29.573,9.3305
10.0,14.0,1.5,42.0,4.2735,4.8,5.2358,26.281,8.3809,107.03,40.192,9.4072,149.91,62.211,11.128,86.326,29.573,9.3305
10.0,15.0,1.5,43.5,4.2735,4.8,72.476,26.281,8.3809,107.03,40.192,9.4072,149.91,62.211,11.128,86.326,29.573,9.3305
10.0,16.0,1.5,45.0,0.42,2.5,9.964,0.01222,0.13536,107.03,40.192,9.4072,149.91,62.211,11.128,7.36,0.053,9.3305
10.0,17.0,1.5,46.5,4.2735,1.0,72.476,26.281,8.3809,107.03,40.192,9.4072,149.91,62.211,11.128,12.9,29.573,9.3305
10.0,18.0,1.5,48.0,1.25,0.5,18.518,0.37788,0.34498,107.03,40.192,9.4072,149.91,62.211,11.128,13.8,0.004,9.3305
10.0,19.0,1.5,49.5,4.2735,4.8,72.476,26.281,8.3809,107.03,40.192,9.4072,149.91,62.211,11.128,86.326,29.573,9.3305
10.0,20.0,1.5,51.0,1.67,4.8,21.902,3.0832,0.9964,107.03,40.192,9.4072,149.91,62.211,11.128,86.326,29.573,9.3305
10.0,21.0,1.5,52.5,4.2735,4.8,72.476,26.281,8.3809,107.03,40.192,9.4072,149.91,62.211,11.128,86.326,29.573,9.3305
10.0,22.0,1.5,54.0,2.5,4.8,28.012,6.3168,1.1092,107.03,40.192,9.4072,149.91,62.211,11.128,86.326,29.573,9.3305
10.0,23.0,1.5,55.5,4.2735,4.8,72.476,26.281,8.3809,107.03,40.192,9.4072,149.91,62.211,11.128,86.326,29.573,9.3305
10.0,24.0,1.5,57.0,3.33,4.8,33.746,7.0688,1.8142,107.03,40.192,9.4072,149.91,62.211,11.128,86.326,29.573,9.3305
10.0,25.0,1.5,58.5,4.2735,4.8,72.476,26.281,8.3809,107.03,40.192,9.4072,149.91,62.211,11.128,86.326,29.573,9.3305
10.0,26.0,1.5,60.0,6.25,2.5,48.692,13.254,3.3746,107.03,40.192,9.4072,149.91,62.211,11.128,35.5,12.6,1.7
10.0,27.0,1.5,61.5,4.2735,1.0,72.476,26.281,8.3809,107.03,40.192,9.4072,149.91,62.211,11.128,55.9,29.573,9.3305
10.0,28.0,1.5,63.0,3.75,0.5,81.404,21.244,4.4274,107.03,40.192,9.4072,149.91,62.211,11.128,60.8,15.0,1.97
10.0,29.0,1.5,64.5,4.2735,4.8,72.476,26.281,8.3809,107.03,40.192,9.4072,149.91,62.211,11.128,86.326,29.573,9.3305
10.0,30.0,1.5,66.0,4.58,4.8,92.308,23.5,2.8482,107.03,40.192,9.4072,149.91,62.211,11.128,86.326,29.573,9.3305
10.0,31.0,1.5,67.5,4.2735,4.8,72.476,26.281,8.3809,107.03,40.192,9.4072,149.91,62.211,11.128,86.326,29.573,9.3305
10.0,32.0,1.5,69.0,4.58,4.8,91.556,26.696,3.5626,1.9392,40.192,9.4072,149.91,62.211,11.128,86.326,29.573,9.3305
10.0,33.0,1.5,70.5,4.2735,4.8,72.476,26.281,8.3809,4.608,40.192,9.4072,149.91,62.211,11.128,86.326,29.573,9.3305
10.0,34.0,1.5,72.0,7.08,4.8,108.1,23.312,4.0044,11.232,40.192,9.4072,149.91,62.211,11.128,86.326,29.573,9.3305
10.0,35.0,1.5,73.5,4.2735,4.8,72.476,26.281,8.3809,16.128,40.192,9.4072,149.91,62.211,11.128,86.326,29.573,9.3305
10.0,36.0,1.5,75.0,3.75,2.5,111.86,18.988,3.0362,19.872,40.192,9.4072,149.91,62.211,11.128,91.0,19.8,3.92
10.0,37.0,1.5,76.5,4.2735,1.0,72.476,26.281,8.3809,12.96,40.192,9.4072,149.91,62.211,11.128,131.0,29.573,9.3305
10.0,38.0,1.5,78.0,5.0,0.5,94.94,15.134,2.7448,13.344,0.1056,9.4072,149.91,62.211,11.128,143.0,22.1,4.03
10.0,39.0,1.5,79.5,4.2735,4.8,72.476,26.281,8.3809,12.768,0.11232,9.4072,149.91,62.211,11.128,86.326,29.573,9.3305
10.0,40.0,1.5,81.0,5.83,4.8,74.26,15.04,1.3724,13.92,0.2304,9.4072,149.91,62.211,11.128,86.326,29.573,9.3305
10.0,41.0,1.5,82.5,4.2735,4.8,72.476,26.281,8.3809,20.928,2.2464,9.4072,3.0652,62.211,11.128,86.326,29.573,9.3305
10.0,42.0,1.5,84.0,4.58,4.8,58.092,12.972,0.94,34.272,3.36,0.0672,12.61,62.211,11.128,86.326,29.573,9.3305
10.0,43.0,1.5,85.5,4.2735,4.8,72.476,26.281,8.3809,51.84,5.3472,0.336,60.14,62.211,11.128,86.326,29.573,9.3305
10.0,44.0,1.5,87.0,3.75,4.8,77.456,13.536,1.3442,60.48,12.768,0.8928,104.76,62.211,11.128,86.326,29.573,9.3305
10.0,45.0,1.5,88.5,4.2735,4.8,72.476,26.281,8.3809,107.52,16.992,0.7008,221.16,62.211,11.128,86.326,29.573,9.3305
10.0,46.0,1.5,90.0,4.16,2.5,91.086,18.988,2.6226,126.72,25.248,1.8912,248.32,0.7372,11.128,69.5,19.6,1.4
10.0,47.0,1.5,91.5,4.2735,1.0,72.476,26.281,8.3809,147.84,35.52,4.32,250.26,1.5714,11.128,116.0,29.573,9.3305
10.0,48.0,1.5,93.0,3.75,0.5,98.7,22.748,3.2806,175.68,41.088,5.0592,203.7,2.5996,11.128,132.0,18.9,1.3
10.0,49.0,1.5,94.5,4.2735,4.8,72.476,26.281,8.3809,203.52,37.728,5.952,207.58,8.7106,11.128,86.326,29.573,9.3305
10.0,50.0,1.5,96.0,5.42,4.8,94.94,17.86,2.2654,203.52,37.728,7.0752,155.2,11.834,11.128,86.326,29.573,9.3305
10.0,51.0,1.5,97.5,4.2735,4.8,72.476,26.281,8.3809,219.84,39.072,7.2672,226.98,12.804,0.388,86.326,29.573,9.3305
10.0,52.0,1.5,99.0,5.42,4.8,98.7,15.604,2.9234,267.84,45.12,6.9408,197.88,13.192,0.4656,86.326,29.573,9.3305
10.0,53.0,1.5,100.5,4.2735,4.8,72.476,26.281,8.3809,185.28,42.24,6.912,199.82,13.58,4.7724,86.326,29.573,9.3305
10.0,54.0,1.5,102.0,1.67,4.8,46.906,13.348,2.6132,144.96,41.952,9.0912,152.29,12.61,12.416,86.326,29.573,9.3305
10.0,55.0,1.5,103.5,4.2735,4.8,72.476,26.281,8.3809,133.44,37.44,10.08,99.91,12.222,24.056,86.326,29.573,9.3305
10.0,56.0,1.5,105.0,3.33,2.5,37.6,9.682,0.987,124.8,30.336,8.352,53.35,8.0898,20.37,26.4,8.87,2.82
10.0,57.0,1.5,106.5,4.2735,1.0,72.476,26.281,8.3809,126.72,18.624,5.8272,49.082,9.0598,12.707,47.6,29.573,9.3305
10.0,58.0,1.5,108.0,2.08,0.5,38.258,4.5778,0.56118,113.28,14.784,2.7168,78.764,23.668,5.8394,54.6,11.5,2.41
10.0,59.0,1.5,109.5,4.2735,4.8,72.476,26.281,8.3809,100.8,12.768,1.728,63.244,21.534,2.1146,86.326,29.573,9.3305
10.0,60.0,1.5,111.0,2.92,4.8,20.962,2.0586,0.49538,70.368,7.296,0.9792,21.146,6.79,11.128,86.326,29.573,9.3305
10.0,61.0,1.5,112.5,4.2735,4.8,72.476,26.281,8.3809,48.288,4.0992,0.65568,1.3774,4.6366,11.128,86.326,29.573,9.3305
10.0,62.0,1.5,114.0,2.92,4.8,14.758,1.8236,0.90898,51.552,8.736,0.85152,149.91,62.211,11.128,86.326,29.573,9.3305
10.0,63.0,1.5,115.5,4.2735,4.8,72.476,26.281,8.3809,45.408,6.432,0.92832,149.91,62.211,11.128,86.326,29.573,9.3305
10.0,64.0,1.5,117.0,3.75,4.8,13.442,2.6884,1.0998,46.08,8.7648,1.1328,149.91,62.211,11.128,86.326,29.573,9.3305
10.0,65.0,1.5,118.5,4.2735,4.8,72.476,26.281,8.3809,52.128,14.496,0.92832,149.91,62.211,11.128,86.326,29.573,9.3305
10.0,66.0,1.5,120.0,2.5,2.5,26.508,4.4368,0.15604,49.92,14.688,0.31008,149.91,62.211,11.128,20.2,4.86,1.21
10.0,67.0,1.5,121.5,4.2735,1.0,72.476,26.281,8.3809,59.232,16.224,0.0864,149.91,62.211,11.128,28.3,29.573,9.3305
10.0,68.0,1.5,123.0,0.83,0.5,8.4224,3.29,8.3809,30.048,11.232,9.4072,149.91,62.211,11.128,26.8,4.51,1.17
10.0,69.0,1.5,124.5,4.2735,4.8,72.476,26.281,8.3809,15.84,6.912,9.4072,149.91,62.211,11.128,86.326,29.573,9.3305
10.0,70.0,1.5,126.0,1.25,4.8,3.2806,0.90428,8.3809,12.096,3.7728,9.4072,149.91,62.211,11.128,86.326,29.573,9.3305
10.0,71.0,1.5,127.5,4.2735,4.8,72.476,26.281,8.3809,9.3408,0.66912,9.4072,149.91,62.211,11.128,86.326,29.573,9.3305
10.0,72.0,1.5,129.0,0.42,4.8,0.188,0.01692,8.3809,1.008,40.192,9.4072,149.91,62.211,11.128,86.326,29.573,9.3305
10.0,73.0,1.5,130.5,4.2735,4.8,72.476,26.281,8.3809,107.03,40.192,9.4072,149.91,62.211,11.128,86.326,29.573,9.3305
10.0,74.0,1.5,132.0,0.42,4.8,0.03666,26.281,8.3809,107.03,40.192,9.4072,149.91,62.211,11.128,86.326,29.573,9.3305
10.0,75.0,1.5,133.5,4.2735,4.8,72.476,26.281,8.3809,107.03,40.192,9.4072,149.91,62.211,11.128,86.326,29.573,9.3305
10.0,76.0,1.5,135.0,4.2735,4.8,72.476,26.281,8.3809,107.03,40.192,9.4072,149.91,62.211,11.128,86.326,29.573,9.3305
10.0,77.0,1.5,136.5,4.2735,4.8,72.476,26.281,8.3809,107.03,40.192,9.4072,149.91,62.211,11.128,86.326,29.573,9.3305
10.0,78.0,1.5,138.0,0.42,4.8,72.476,26.281,8.3809,107.03,40.192,9.4072,149.91,62.211,11.128,86.326,29.573,9.3305
10.0,79.0,1.5,139.5,4.2735,4.8,72.476,26.281,8.3809,107.03,40.192,9.4072,149.91,62.211,11.128,86.326,29.573,9.3305
